time,open_b,high_b,low_b,close_b,volume_b,open_e,high_e,low_e,close_e,volume_e
2025-11-01 00:00:00+00:00,109557.2,109725.0,109351.5,109689.7,1488.945,3846.42,3848.41,3828.8,3845.57,63750.818
2025-11-01 01:00:00+00:00,109689.7,110052.5,109656.2,109690.0,1732.8,3845.57,3858.99,3841.03,3842.41,46246.356
2025-11-01 02:00:00+00:00,109690.0,109847.3,109432.0,109750.0,1695.306,3842.41,3853.79,3834.47,3850.59,39198.459
2025-11-01 03:00:00+00:00,109750.0,110300.0,109750.0,110194.6,3835.055,3850.58,3863.27,3849.52,3860.0,47863.259
2025-11-01 04:00:00+00:00,110194.6,110557.0,110073.2,110245.8,3210.083,3860.0,3867.66,3853.41,3864.74,58496.84
2025-11-01 05:00:00+00:00,110245.8,110338.0,110000.0,110087.7,1513.286,3864.75,3865.85,3851.3,3853.96,36713.912
2025-11-01 06:00:00+00:00,110087.7,110125.0,109885.5,109956.2,1429.632,3853.97,3859.63,3851.33,3857.04,43977.98
2025-11-01 07:00:00+00:00,109956.2,110224.0,109945.0,110025.3,1177.523,3857.04,3866.02,3855.0,3859.28,31985.553
2025-11-01 08:00:00+00:00,110025.3,110237.6,110025.3,110200.3,931.349,3859.29,3882.0,3859.0,3880.3,82369.964
2025-11-01 09:00:00+00:00,110200.3,110213.4,109925.0,109954.6,1535.98,3880.31,3881.16,3870.01,3873.89,56169.166
2025-11-01 10:00:00+00:00,109954.6,110151.0,109803.0,110119.4,1534.289,3873.89,3880.44,3870.43,3874.99,35886.868
2025-11-01 11:00:00+00:00,110119.5,110207.1,109958.6,110096.2,1171.219,3874.99,3879.49,3866.93,3876.08,35234.914
2025-11-01 12:00:00+00:00,110096.3,110164.4,109956.5,109972.0,1278.91,3876.08,3879.69,3873.62,3874.62,27652.907
2025-11-01 13:00:00+00:00,109972.1,110015.0,109654.5,109899.6,2215.295,3874.63,3877.55,3855.66,3868.61,62238.82
2025-11-01 14:00:00+00:00,109899.7,109945.8,109679.5,109880.0,2570.692,3868.62,3874.0,3856.53,3871.43,68484.615
2025-11-01 15:00:00+00:00,109880.0,110300.0,109854.4,110253.2,3690.593,3871.43,3901.36,3869.95,3893.01,144072.409
2025-11-01 16:00:00+00:00,110253.1,110486.4,110144.0,110413.7,3464.412,3893.02,3907.61,3883.79,3890.24,97218.713
2025-11-01 17:00:00+00:00,110413.8,110455.5,110125.1,110160.1,1498.448,3890.24,3892.56,3860.44,3864.19,122113.694
2025-11-01 18:00:00+00:00,110160.1,110325.1,110145.5,110294.9,938.265,3864.2,3879.2,3862.24,3878.38,42935.913
2025-11-01 19:00:00+00:00,110294.9,110294.9,110171.7,110249.0,543.644,3878.37,3879.39,3869.23,3878.34,19626.696
2025-11-01 20:00:00+00:00,110249.0,110487.0,110248.9,110358.4,984.497,3878.33,3890.0,3877.05,3879.93,32333.718
2025-11-01 21:00:00+00:00,110358.4,110389.9,109803.5,109815.2,1627.418,3879.92,3883.0,3865.81,3865.82,26761.494
2025-11-01 22:00:00+00:00,109815.2,110060.2,109815.1,110044.0,919.47,3865.81,3874.46,3862.44,3873.24,32831.639
2025-11-01 23:00:00+00:00,110044.0,110100.0,109922.4,110047.2,627.11,3873.23,3875.9,3867.11,3872.14,16320.299
2025-11-02 00:00:00+00:00,110047.3,110088.0,109846.7,109932.3,1196.29,3872.14,3872.57,3860.21,3864.73,35734.516
2025-11-02 01:00:00+00:00,109932.2,110058.0,109872.1,109930.0,883.486,3864.73,3875.69,3860.01,3870.47,33845.848
2025-11-02 02:00:00+00:00,109930.0,110234.4,109836.7,109976.4,1466.541,3870.47,3885.83,3867.0,3878.47,40574.281
2025-11-02 03:00:00+00:00,109975.9,110048.4,109911.7,110008.5,986.973,3878.47,3883.55,3876.2,3879.25,22488.409
2025-11-02 04:00:00+00:00,110008.4,110799.7,109974.1,110624.8,4325.195,3879.25,3915.98,3874.08,3907.21,116420.132
2025-11-02 05:00:00+00:00,110624.8,110667.0,110230.0,110452.7,2953.442,3907.22,3908.0,3893.0,3901.05,59945.42
2025-11-02 06:00:00+00:00,110453.1,110675.4,110244.8,110610.0,1690.967,3901.05,3906.74,3890.1,3900.28,40939.567
2025-11-02 07:00:00+00:00,110609.9,110988.0,110375.0,110844.1,3185.288,3900.28,3917.0,3890.34,3904.57,76720.933
2025-11-02 08:00:00+00:00,110844.0,110966.2,110650.4,110805.7,2104.551,3904.58,3909.34,3890.02,3893.22,58844.554
2025-11-02 09:00:00+00:00,110805.7,110999.9,110464.0,110657.1,3348.301,3893.22,3901.86,3864.45,3870.77,143070.464
2025-11-02 10:00:00+00:00,110657.2,110814.0,110302.1,110450.0,3403.7,3870.76,3874.69,3851.24,3861.64,144890.084
2025-11-02 11:00:00+00:00,110449.9,111193.5,110434.3,111145.4,3565.386,3861.64,3895.8,3860.43,3888.92,136123.448
2025-11-02 12:00:00+00:00,111145.4,111216.0,110614.8,110690.8,3724.165,3888.93,3892.98,3869.7,3875.91,91944.84
2025-11-02 13:00:00+00:00,110690.8,110726.3,110109.2,110513.0,4489.559,3875.9,3875.92,3852.3,3866.46,105473.329
2025-11-02 14:00:00+00:00,110513.0,110625.0,110138.5,110370.7,3109.147,3866.46,3871.5,3837.04,3851.4,140088.427
2025-11-02 15:00:00+00:00,110370.7,110510.0,110030.0,110066.1,2649.9,3851.4,3869.91,3844.01,3851.63,74384.643
2025-11-02 16:00:00+00:00,110066.2,110097.3,109661.2,110068.1,5446.663,3851.63,3863.58,3838.23,3862.75,90327.63
2025-11-02 17:00:00+00:00,110068.2,110222.0,109970.1,110142.2,1468.286,3862.75,3862.76,3847.85,3857.7,31239.354
2025-11-02 18:00:00+00:00,110142.1,110286.2,110121.0,110283.2,881.961,3857.7,3865.89,3853.52,3862.44,27193.756
2025-11-02 19:00:00+00:00,110283.2,110283.2,109900.4,110125.2,1319.075,3862.44,3862.99,3840.93,3854.38,48063.536
2025-11-02 20:00:00+00:00,110125.3,110172.5,109834.8,110045.6,1072.122,3854.38,3858.19,3846.0,3857.19,19203.337
2025-11-02 21:00:00+00:00,110045.6,110091.2,109922.6,109947.6,643.412,3857.19,3867.45,3848.39,3859.54,34074.826
2025-11-02 22:00:00+00:00,109947.5,109982.4,109368.9,109860.9,2701.165,3859.54,3862.08,3842.41,3853.39,36082.148
2025-11-02 23:00:00+00:00,109860.9,110700.0,109860.9,110494.9,4493.598,3853.39,3915.0,3853.39,3904.8,209180.307
2025-11-03 00:00:00+00:00,110494.9,110711.0,109700.0,109700.1,3558.552,3904.79,3913.34,3861.15,3863.3,166123.255
2025-11-03 01:00:00+00:00,109700.0,109846.2,109310.0,109614.2,5228.677,3863.31,3863.41,3826.51,3835.16,232646.407
2025-11-03 02:00:00+00:00,109614.2,109713.2,108600.0,108991.7,7681.506,3835.17,3840.08,3780.0,3797.39,357970.282
2025-11-03 03:00:00+00:00,108991.7,109116.4,107850.0,107886.0,10590.901,3797.4,3805.0,3726.0,3734.73,483663.104
2025-11-03 04:00:00+00:00,107886.0,107952.1,107435.0,107843.8,8509.056,3734.74,3746.7,3713.22,3744.76,249616.773
2025-11-03 05:00:00+00:00,107843.8,108088.8,107333.0,107556.9,4847.467,3744.77,3764.07,3726.0,3730.25,170663.271
2025-11-03 06:00:00+00:00,107556.8,107666.0,106946.7,107452.8,6296.982,3730.26,3739.67,3682.0,3717.01,343865.766
2025-11-03 07:00:00+00:00,107452.8,107801.5,107222.0,107420.5,5185.159,3717.01,3735.83,3697.0,3713.1,217036.81
2025-11-03 08:00:00+00:00,107420.6,107677.5,106925.7,107548.6,5322.369,3713.09,3719.75,3686.02,3714.91,202546.65
2025-11-03 09:00:00+00:00,107548.5,107881.4,107029.0,107173.1,4606.009,3714.92,3739.98,3694.39,3701.71,223062.048
2025-11-03 10:00:00+00:00,107173.1,107577.5,106618.7,106925.9,5000.292,3701.71,3718.14,3650.13,3674.56,239598.298
2025-11-03 11:00:00+00:00,106926.0,107873.9,106918.8,107737.4,5178.051,3674.55,3722.65,3671.2,3710.0,257646.968
2025-11-03 12:00:00+00:00,107737.4,108216.9,107650.5,107717.2,6509.838,3710.01,3726.9,3702.9,3707.58,122102.832
2025-11-03 13:00:00+00:00,107717.1,108013.6,107512.0,107855.0,3170.112,3707.58,3727.06,3691.48,3718.47,172601.871
2025-11-03 14:00:00+00:00,107855.0,108280.0,107317.6,108016.5,7122.42,3718.47,3747.36,3703.0,3732.82,242918.51
2025-11-03 15:00:00+00:00,108016.5,108117.0,105500.0,105718.8,31585.665,3732.83,3737.86,3578.4,3587.38,1027321.824
2025-11-03 16:00:00+00:00,105718.8,106758.0,105300.0,106644.0,16785.914,3587.38,3626.0,3562.27,3617.56,505294.931
2025-11-03 17:00:00+00:00,106644.1,107797.2,106489.5,107433.2,11439.523,3617.56,3681.23,3608.96,3664.65,327864.625
2025-11-03 18:00:00+00:00,107433.3,107550.1,106747.5,106905.9,5371.093,3664.65,3671.96,3629.0,3630.75,147930.308
2025-11-03 19:00:00+00:00,106905.9,107350.0,106400.0,107034.7,4523.73,3630.75,3647.65,3618.77,3629.6,155726.608
2025-11-03 20:00:00+00:00,107034.7,107120.0,106259.9,106615.9,4171.675,3629.61,3635.0,3560.51,3586.82,256248.811
2025-11-03 21:00:00+00:00,106615.8,107061.3,106038.0,106849.3,4835.542,3586.83,3613.61,3556.0,3600.54,230279.487
2025-11-03 22:00:00+00:00,106849.3,106849.3,105750.1,106441.6,4332.472,3600.55,3602.33,3558.02,3588.26,141412.727
2025-11-03 23:00:00+00:00,106441.6,106716.6,105984.3,106544.0,2405.042,3588.26,3605.83,3563.78,3602.15,125332.331
2025-11-04 00:00:00+00:00,106544.0,106777.0,105820.0,106428.8,5581.517,3602.15,3635.0,3565.95,3616.49,257208.651
2025-11-04 01:00:00+00:00,106428.8,107271.9,106224.0,106991.0,6194.298,3616.5,3653.65,3605.71,3642.85,168665.263
2025-11-04 02:00:00+00:00,106990.9,107192.2,106404.8,106438.0,5161.398,3642.85,3647.35,3616.56,3624.51,106958.755
2025-11-04 03:00:00+00:00,106438.0,107192.2,106150.0,107097.2,4734.926,3624.5,3650.0,3618.8,3640.9,105898.379
2025-11-04 04:00:00+00:00,107097.1,107247.8,106659.2,106702.8,2939.653,3640.91,3646.8,3620.0,3623.85,93995.371
2025-11-04 05:00:00+00:00,106702.7,106702.8,104131.8,104164.3,19787.016,3623.86,3630.62,3482.2,3490.3,757237.511
2025-11-04 06:00:00+00:00,104164.3,105190.0,104125.3,104702.4,12060.538,3490.31,3560.98,3476.0,3510.89,548719.14
2025-11-04 07:00:00+00:00,104702.4,104900.0,104274.2,104442.9,6515.689,3510.88,3530.69,3470.58,3492.79,349326.819
2025-11-04 08:00:00+00:00,104442.9,104591.7,103700.2,104018.4,11377.496,3492.78,3512.0,3460.0,3494.72,327718.369
2025-11-04 09:00:00+00:00,104018.5,104125.5,103600.0,103822.3,6436.643,3494.72,3502.04,3474.49,3490.83,169265.05
2025-11-04 10:00:00+00:00,103822.4,104096.1,103550.0,103787.0,6602.378,3490.82,3501.42,3471.52,3484.24,158710.115
2025-11-04 11:00:00+00:00,103787.0,104656.0,103731.2,104530.7,6477.275,3484.23,3534.14,3481.77,3527.78,226994.424
2025-11-04 12:00:00+00:00,104530.7,104596.4,103777.0,103907.3,6088.223,3527.78,3531.25,3493.6,3509.56,179436.065
2025-11-04 13:00:00+00:00,103907.3,104191.0,103513.2,103870.0,6007.896,3509.55,3522.0,3490.92,3505.4,178083.716
2025-11-04 14:00:00+00:00,103870.1,104651.2,102870.0,104458.4,19618.141,3505.4,3561.99,3471.38,3554.33,520796.152
2025-11-04 15:00:00+00:00,104458.4,104800.0,103136.3,103157.7,14172.652,3554.34,3586.12,3492.72,3506.0,534079.298
2025-11-04 16:00:00+00:00,103157.7,103474.1,102110.0,102227.4,18567.54,3505.99,3518.95,3423.0,3428.29,526813.927
2025-11-04 17:00:00+00:00,102227.4,102227.4,100725.0,101074.8,27765.935,3428.3,3428.69,3361.45,3371.57,866146.856
2025-11-04 18:00:00+00:00,101074.8,101469.5,99980.0,101317.3,24806.501,3371.58,3372.63,3255.0,3301.38,1113575.747
2025-11-04 19:00:00+00:00,101317.3,101674.6,100367.9,100507.0,10761.587,3301.37,3315.49,3225.0,3229.84,471240.945
2025-11-04 20:00:00+00:00,100507.0,101077.2,99482.6,100710.1,20294.67,3229.83,3252.63,3122.67,3211.5,1172638.018
2025-11-04 21:00:00+00:00,100710.0,100793.8,98888.8,100274.1,17969.714,3211.5,3217.56,3055.0,3213.77,975611.959
2025-11-04 22:00:00+00:00,100274.2,101859.5,100043.0,101260.2,13672.032,3213.78,3289.66,3197.0,3246.44,480154.44
2025-11-04 23:00:00+00:00,101260.3,101697.0,100850.3,101450.3,8148.442,3246.43,3305.75,3241.06,3285.28,388996.026
2025-11-05 00:00:00+00:00,101450.2,101700.0,100308.0,100522.9,8632.804,3285.28,3300.0,3227.21,3239.03,285008.501
2025-11-05 01:00:00+00:00,100523.0,100988.1,98909.7,100722.1,19826.387,3239.04,3253.61,3165.41,3241.91,510394.756
2025-11-05 02:00:00+00:00,100722.1,101918.1,100713.5,101633.7,17538.476,3241.9,3325.74,3241.59,3323.88,436479.346
2025-11-05 03:00:00+00:00,101633.8,102222.0,101405.1,102094.8,9519.477,3323.85,3347.75,3303.8,3333.44,269739.017
2025-11-05 04:00:00+00:00,102094.8,102212.3,101481.1,101952.1,6278.147,3333.45,3344.76,3312.44,3328.04,174608.697
2025-11-05 05:00:00+00:00,101952.1,102326.4,101536.8,101768.2,6876.003,3328.04,3353.8,3322.65,3324.07,125580.66
2025-11-05 06:00:00+00:00,101768.1,102094.7,101433.3,102068.8,4625.573,3324.07,3340.0,3309.09,3335.55,156665.384
2025-11-05 07:00:00+00:00,102068.8,102100.0,101552.0,101946.1,3208.625,3335.55,3340.0,3301.51,3329.1,132925.625
2025-11-05 08:00:00+00:00,101946.2,101946.3,101131.0,101650.8,8543.603,3329.09,3329.19,3281.0,3299.48,244539.743
2025-11-05 09:00:00+00:00,101650.7,102174.9,101553.6,101949.5,4369.672,3299.48,3321.17,3292.0,3306.15,130929.843
2025-11-05 10:00:00+00:00,101949.6,101949.6,101250.0,101352.5,3401.224,3306.15,3306.87,3272.24,3274.86,133707.984
2025-11-05 11:00:00+00:00,101352.6,102060.4,101338.0,102019.4,4421.017,3274.86,3323.98,3274.06,3320.97,214563.216
2025-11-05 12:00:00+00:00,102019.3,102853.2,101867.8,102622.7,9346.671,3320.98,3359.02,3311.26,3343.55,277044.745
2025-11-05 13:00:00+00:00,102622.6,103207.0,102240.7,102926.1,7361.312,3343.55,3375.0,3323.25,3358.72,278866.704
2025-11-05 14:00:00+00:00,102926.2,103440.0,102120.0,103162.6,10546.179,3358.71,3371.16,3317.48,3347.19,335545.861
2025-11-05 15:00:00+00:00,103162.6,103750.0,102777.0,103668.3,8064.435,3347.2,3397.67,3331.69,3396.31,319053.497
2025-11-05 16:00:00+00:00,103668.2,103990.3,102972.8,103865.0,7918.007,3396.32,3438.0,3368.05,3435.42,446961.008
2025-11-05 17:00:00+00:00,103865.1,103953.9,103326.7,103850.6,5116.157,3435.43,3446.82,3415.9,3433.79,222388.245
2025-11-05 18:00:00+00:00,103850.6,104383.6,103700.0,104292.8,5356.964,3433.78,3478.5,3427.81,3460.24,197619.42
2025-11-05 19:00:00+00:00,104292.9,104496.6,103926.1,103950.0,3877.561,3460.24,3471.07,3442.91,3453.32,139727.871
2025-11-05 20:00:00+00:00,103950.0,104497.6,103566.3,103788.0,4733.796,3453.31,3479.0,3439.14,3449.52,164995.059
2025-11-05 21:00:00+00:00,103788.0,103788.1,103450.7,103626.0,3148.415,3449.51,3449.98,3427.44,3440.57,150292.513
2025-11-05 22:00:00+00:00,103625.9,103750.0,103240.5,103671.9,2550.933,3440.56,3444.0,3413.62,3422.96,106201.603
2025-11-05 23:00:00+00:00,103671.8,104062.9,103620.0,103837.0,2508.656,3422.95,3434.54,3413.89,3423.06,76069.68
2025-11-06 00:00:00+00:00,103837.0,103840.7,103264.6,103631.5,3592.071,3423.06,3423.06,3391.08,3405.9,153658.536
2025-11-06 01:00:00+00:00,103631.5,103631.5,102684.7,103315.4,6692.959,3405.89,3409.71,3373.7,3404.26,165681.511
2025-11-06 02:00:00+00:00,103315.4,103537.9,102800.3,103278.2,4007.051,3404.26,3428.95,3390.65,3420.5,145267.071
2025-11-06 03:00:00+00:00,103278.1,103919.7,103278.1,103598.3,3478.788,3420.51,3449.37,3419.67,3431.33,125836.633
2025-11-06 04:00:00+00:00,103598.3,104210.2,103534.0,103987.5,3425.873,3431.34,3455.0,3427.19,3450.87,82297.703
2025-11-06 05:00:00+00:00,103987.5,103987.5,103029.4,103103.5,3767.108,3450.88,3450.88,3378.51,3387.0,223809.791
2025-11-06 06:00:00+00:00,103103.5,103560.6,102938.0,103268.7,2662.204,3387.0,3401.84,3377.01,3383.54,136200.379
2025-11-06 07:00:00+00:00,103268.8,103542.3,102850.1,103138.6,3858.186,3383.53,3393.86,3357.94,3378.9,193518.007
2025-11-06 08:00:00+00:00,103138.6,103406.0,102929.2,103161.2,2147.273,3378.89,3393.47,3370.89,3383.61,119244.276
2025-11-06 09:00:00+00:00,103161.3,103226.2,102766.3,102766.3,3074.453,3383.6,3393.05,3373.42,3381.5,88777.873
2025-11-06 10:00:00+00:00,102766.4,103250.0,102611.5,103090.0,4253.142,3381.51,3414.3,3365.0,3392.32,195270.229
2025-11-06 11:00:00+00:00,103089.9,103270.0,102689.9,103182.6,3249.917,3392.32,3406.81,3378.7,3397.85,110524.652
2025-11-06 12:00:00+00:00,103182.6,103287.7,102329.0,102507.1,7370.075,3397.84,3403.94,3340.53,3347.88,247169.935
2025-11-06 13:00:00+00:00,102507.1,103585.0,102507.1,103270.0,6089.446,3347.88,3402.03,3347.88,3389.65,183869.597
2025-11-06 14:00:00+00:00,103269.9,103550.0,102001.0,102083.1,11085.51,3389.66,3399.02,3317.18,3327.99,411388.45
2025-11-06 15:00:00+00:00,102083.0,102907.4,101570.5,101981.6,16466.883,3327.99,3365.0,3275.19,3300.01,628692.34
2025-11-06 16:00:00+00:00,101981.6,102367.9,100238.4,100830.6,21376.611,3300.01,3321.97,3245.0,3275.64,491034.044
2025-11-06 17:00:00+00:00,100830.5,101958.9,100724.6,101762.2,9647.256,3275.64,3340.0,3269.34,3328.32,353463.269
2025-11-06 18:00:00+00:00,101762.2,102298.0,100870.8,101670.0,8125.856,3328.32,3351.81,3293.39,3327.31,280162.633
2025-11-06 19:00:00+00:00,101670.0,101949.0,101140.9,101335.9,5659.231,3327.31,3342.0,3308.21,3324.54,156310.332
2025-11-06 20:00:00+00:00,101335.9,101599.6,100590.0,100873.8,4759.024,3324.56,3335.43,3285.97,3305.6,144838.089
2025-11-06 21:00:00+00:00,100873.7,101175.7,100500.0,101071.8,4437.0,3305.57,3335.0,3290.95,3324.6,108968.924
2025-11-06 22:00:00+00:00,101071.8,101447.5,100950.7,101364.2,2552.801,3324.61,3328.83,3294.0,3317.77,75166.287
2025-11-06 23:00:00+00:00,101364.1,101507.3,101076.3,101305.6,3251.103,3317.77,3318.0,3288.61,3313.7,102268.835
2025-11-07 00:00:00+00:00,101305.6,101596.3,100700.1,101434.5,6287.607,3313.7,3331.25,3292.0,3323.84,150215.985
2025-11-07 01:00:00+00:00,101434.6,101846.5,100835.4,101501.3,6027.233,3323.85,3329.41,3273.04,3323.55,221432.504
2025-11-07 02:00:00+00:00,101501.3,101890.0,101200.0,101863.8,3619.065,3323.55,3351.55,3302.6,3345.68,137376.493
2025-11-07 03:00:00+00:00,101863.8,102311.0,101810.0,101863.5,4283.626,3345.69,3364.0,3341.5,3343.67,129890.813
2025-11-07 04:00:00+00:00,101863.4,102027.7,101530.0,101974.1,3337.154,3343.68,3347.21,3318.15,3336.82,120590.376
2025-11-07 05:00:00+00:00,101974.0,102480.4,101965.7,102400.0,4494.269,3336.82,3370.0,3336.13,3365.4,136956.128
2025-11-07 06:00:00+00:00,102400.0,102450.0,101763.6,101778.7,2319.75,3365.41,3368.66,3345.91,3346.31,67206.746
2025-11-07 07:00:00+00:00,101778.6,101981.9,101586.6,101978.8,3129.009,3346.3,3363.0,3333.95,3356.32,103112.934
2025-11-07 08:00:00+00:00,101978.2,102024.7,101388.0,101461.8,2960.5,3356.31,3359.29,3332.02,3340.31,76845.127
2025-11-07 09:00:00+00:00,101461.8,101480.0,100700.8,100968.1,7051.738,3340.3,3340.72,3288.11,3299.84,205009.904
2025-11-07 10:00:00+00:00,100968.1,101213.3,100516.2,100725.3,4551.125,3299.84,3309.0,3270.03,3279.0,181279.876
2025-11-07 11:00:00+00:00,100725.4,100751.0,99750.0,100369.1,16276.309,3279.0,3279.0,3224.05,3258.62,400370.399
2025-11-07 12:00:00+00:00,100369.2,100593.2,99200.0,99608.9,11406.705,3258.61,3275.0,3195.58,3221.66,393406.015
2025-11-07 13:00:00+00:00,99608.9,100537.5,99425.4,100295.1,9675.271,3221.67,3248.72,3213.01,3239.53,231467.692
2025-11-07 14:00:00+00:00,100295.0,100924.4,99451.1,100753.6,14308.049,3239.52,3298.28,3192.92,3286.69,469282.165
2025-11-07 15:00:00+00:00,100753.7,101230.0,100319.4,100758.0,12218.502,3286.65,3317.1,3260.7,3295.99,416504.043
2025-11-07 16:00:00+00:00,100758.0,101620.1,100468.9,101128.4,9032.802,3296.0,3332.0,3271.76,3307.46,289101.24
2025-11-07 17:00:00+00:00,101128.3,102688.0,100888.3,102354.6,11858.482,3307.47,3394.89,3295.0,3384.36,372776.671
2025-11-07 18:00:00+00:00,102354.7,102818.0,102235.9,102551.3,7514.275,3384.37,3434.13,3376.64,3424.85,282526.817
2025-11-07 19:00:00+00:00,102551.3,103350.7,102429.4,103350.0,6003.65,3424.84,3449.0,3415.41,3441.94,163067.491
2025-11-07 20:00:00+00:00,103350.0,103849.9,102889.6,103718.4,5834.213,3441.93,3470.0,3428.35,3463.14,191223.326
2025-11-07 21:00:00+00:00,103718.4,103844.9,103295.6,103844.9,3144.191,3463.14,3469.58,3447.43,3467.01,80241.465
2025-11-07 22:00:00+00:00,103844.8,104070.7,103553.1,103586.6,5640.896,3467.02,3472.23,3441.99,3444.52,88009.457
2025-11-07 23:00:00+00:00,103586.6,103733.2,103285.7,103305.2,2993.037,3444.52,3449.0,3431.11,3434.36,96049.761
2025-11-08 00:00:00+00:00,103305.3,103373.8,102488.0,102674.6,6176.991,3434.37,3447.61,3404.93,3423.36,163882.405
2025-11-08 01:00:00+00:00,102674.5,103212.2,102620.0,102955.8,2834.804,3423.36,3446.18,3420.42,3436.22,74522.503
2025-11-08 02:00:00+00:00,102955.8,103294.1,102706.5,102804.9,3151.428,3436.23,3458.89,3431.02,3439.6,95530.788
2025-11-08 03:00:00+00:00,102804.9,103264.0,102544.3,102545.8,3530.438,3439.6,3465.77,3438.28,3452.5,105419.364
2025-11-08 04:00:00+00:00,102545.8,102794.0,102341.9,102504.9,4546.851,3452.51,3490.0,3447.53,3457.13,145820.541
2025-11-08 05:00:00+00:00,102505.0,102685.8,102234.0,102257.4,2748.636,3457.12,3465.49,3422.84,3429.86,134287.841
2025-11-08 06:00:00+00:00,102257.4,102485.0,102036.3,102171.8,4098.138,3429.86,3454.43,3414.49,3443.75,160283.362
2025-11-08 07:00:00+00:00,102171.8,102368.4,101853.8,102302.9,3474.49,3443.75,3449.99,3423.09,3446.41,92798.206
2025-11-08 08:00:00+00:00,102302.8,102654.1,102111.8,102392.1,3149.831,3446.41,3468.43,3434.04,3453.28,90224.469
2025-11-08 09:00:00+00:00,102392.0,102564.0,102182.1,102354.7,1888.529,3453.28,3463.59,3437.05,3438.32,80075.686
2025-11-08 10:00:00+00:00,102354.6,102535.6,102261.3,102430.8,1103.997,3438.32,3449.0,3431.74,3444.45,69932.212
2025-11-08 11:00:00+00:00,102430.8,102594.0,101647.7,101805.6,5576.852,3444.45,3454.9,3405.03,3411.53,158734.027
2025-11-08 12:00:00+00:00,101805.6,102063.0,101672.8,102011.7,2695.744,3411.54,3416.74,3396.0,3407.78,141789.382
2025-11-08 13:00:00+00:00,102011.6,102142.9,101651.0,101758.9,3079.802,3407.78,3411.6,3388.09,3395.2,148607.821
2025-11-08 14:00:00+00:00,101758.9,102052.4,101400.1,101786.2,5635.273,3395.21,3411.46,3371.61,3398.56,216565.274
2025-11-08 15:00:00+00:00,101786.3,101917.7,101435.4,101678.0,2997.082,3398.57,3402.8,3367.81,3375.68,128818.575
2025-11-08 16:00:00+00:00,101678.1,101921.5,101476.9,101808.9,2599.984,3375.69,3382.94,3353.31,3366.84,185869.282
2025-11-08 17:00:00+00:00,101808.8,101971.1,101485.5,101945.1,2006.348,3366.85,3399.0,3361.65,3397.69,129164.706
2025-11-08 18:00:00+00:00,101945.1,102182.7,101780.3,102084.4,1838.0,3397.69,3406.46,3384.56,3401.35,74506.534
2025-11-08 19:00:00+00:00,102084.3,102137.1,101471.1,101934.3,2407.911,3401.34,3405.03,3361.49,3387.61,104815.864
2025-11-08 20:00:00+00:00,101934.4,102125.0,101906.6,102024.4,1051.557,3387.62,3402.49,3378.4,3396.1,53831.177
2025-11-08 21:00:00+00:00,102024.3,102328.9,101974.3,102224.1,1478.989,3396.1,3408.75,3393.0,3404.18,39980.818
2025-11-08 22:00:00+00:00,102224.0,102382.6,102117.3,102325.4,1285.214,3404.19,3409.89,3392.66,3407.46,32312.441
2025-11-08 23:00:00+00:00,102325.3,102443.9,102233.8,102269.3,1335.06,3407.45,3414.33,3398.26,3400.07,35612.941
2025-11-09 00:00:00+00:00,102269.3,102294.9,101571.0,101749.9,2878.443,3400.08,3401.0,3371.35,3383.34,88773.382
2025-11-09 01:00:00+00:00,101749.9,102069.8,101637.2,101995.4,1555.146,3383.34,3403.0,3377.74,3399.21,48503.38
2025-11-09 02:00:00+00:00,101995.4,101995.5,101523.9,101589.7,1643.786,3399.21,3399.21,3362.41,3366.56,89234.255
2025-11-09 03:00:00+00:00,101589.7,101771.9,101300.0,101622.9,2536.194,3366.56,3376.9,3356.74,3374.82,80712.837
2025-11-09 04:00:00+00:00,101623.0,102097.0,101602.1,101673.8,2237.905,3374.82,3389.0,3368.62,3373.08,70367.005
2025-11-09 05:00:00+00:00,101673.8,101988.2,101627.5,101879.9,1804.972,3373.08,3407.2,3371.0,3403.9,100786.497
2025-11-09 06:00:00+00:00,101880.0,101923.0,101650.0,101698.9,1262.63,3403.9,3418.72,3398.12,3403.49,74242.522
2025-11-09 07:00:00+00:00,101698.8,101930.0,101618.3,101898.2,1450.866,3403.5,3425.68,3401.52,3421.05,72149.183
2025-11-09 08:00:00+00:00,101898.3,102009.2,101759.9,101938.3,1293.758,3421.06,3422.94,3408.0,3420.19,53636.902
2025-11-09 09:00:00+00:00,101938.4,102087.1,101566.7,101602.2,2531.898,3420.19,3434.0,3397.56,3399.64,136421.031
2025-11-09 10:00:00+00:00,101602.3,101884.3,101457.0,101829.4,2628.133,3399.65,3400.85,3380.71,3400.33,120953.753
2025-11-09 11:00:00+00:00,101829.3,102274.9,101829.3,102198.2,3052.49,3400.34,3432.15,3400.34,3426.99,111989.898
2025-11-09 12:00:00+00:00,102198.2,102390.0,102001.0,102038.3,2540.802,3427.0,3464.54,3423.22,3440.64,190831.433
2025-11-09 13:00:00+00:00,102038.3,102967.0,102025.6,102877.9,6490.594,3440.64,3463.0,3440.5,3456.72,112758.121
2025-11-09 14:00:00+00:00,102877.9,104031.4,102718.7,102994.4,13694.388,3456.71,3563.19,3451.77,3505.01,627842.358
2025-11-09 15:00:00+00:00,102994.3,104180.0,102922.0,103715.8,7196.411,3505.01,3535.51,3501.93,3513.58,190327.97
2025-11-09 16:00:00+00:00,103715.8,103881.0,103290.8,103814.8,4789.854,3513.58,3535.96,3500.0,3526.22,172296.979
2025-11-09 17:00:00+00:00,103814.8,103938.6,103300.0,103607.6,3042.371,3526.22,3530.0,3501.0,3514.0,84448.543
2025-11-09 18:00:00+00:00,103607.7,104573.7,103473.0,104479.8,6045.978,3514.0,3542.85,3508.78,3539.67,85947.502
2025-11-09 19:00:00+00:00,104479.8,104780.0,104100.0,104764.1,5811.892,3539.66,3578.7,3532.84,3578.04,173430.897
2025-11-09 20:00:00+00:00,104764.1,105036.5,104357.5,104585.5,4375.37,3578.03,3597.43,3560.07,3577.43,148209.994
2025-11-09 21:00:00+00:00,104585.4,104807.2,104249.4,104483.6,2855.825,3577.43,3595.38,3571.38,3579.46,95121.55
2025-11-09 22:00:00+00:00,104483.6,104774.4,103999.5,104676.8,3677.78,3579.47,3594.0,3563.07,3586.1,80851.888
2025-11-09 23:00:00+00:00,104676.9,105440.0,104482.6,104670.6,6970.184,3586.1,3624.4,3563.45,3581.31,232266.969
2025-11-10 00:00:00+00:00,104670.7,106484.8,104205.9,106268.0,14109.244,3581.31,3651.92,3548.88,3634.14,342094.44
2025-11-10 01:00:00+00:00,106267.9,106666.0,105681.6,105683.0,10180.914,3634.13,3658.0,3615.21,3628.26,227159.684
2025-11-10 02:00:00+00:00,105683.0,106025.6,105558.4,105965.9,4159.199,3628.26,3638.17,3611.0,3627.32,114811.259
2025-11-10 03:00:00+00:00,105966.0,106257.5,105797.7,105990.6,4483.765,3627.33,3647.0,3621.89,3626.45,99362.152
2025-11-10 04:00:00+00:00,105990.6,106270.6,105800.0,106115.9,3455.497,3626.44,3630.71,3602.0,3615.98,109451.171
2025-11-10 05:00:00+00:00,106115.9,106438.1,105947.8,106050.0,3607.864,3615.98,3625.0,3587.56,3606.81,117688.275
2025-11-10 06:00:00+00:00,106049.9,106263.1,105903.0,106166.6,2502.794,3606.81,3611.62,3593.01,3603.91,66175.343
2025-11-10 07:00:00+00:00,106166.7,106499.0,106096.6,106417.7,2962.678,3603.91,3621.66,3602.0,3607.5,86403.855
2025-11-10 08:00:00+00:00,106417.6,106525.0,105821.4,105931.2,4117.83,3607.51,3614.53,3585.59,3593.29,149654.51
2025-11-10 09:00:00+00:00,105931.2,106570.0,105780.1,106402.0,4920.868,3593.28,3630.3,3585.42,3623.32,138132.449
2025-11-10 10:00:00+00:00,106402.0,106416.4,105916.0,105946.1,2485.467,3623.32,3626.81,3602.3,3605.07,74699.943
2025-11-10 11:00:00+00:00,105946.1,106287.7,105900.8,106136.6,2048.601,3605.08,3619.99,3602.33,3608.9,69001.266
2025-11-10 12:00:00+00:00,106136.5,106176.6,105804.3,105900.1,3372.481,3608.89,3609.4,3581.68,3590.46,111101.478
2025-11-10 13:00:00+00:00,105900.1,106566.7,105869.0,106509.4,6050.401,3590.46,3620.71,3588.45,3613.91,150128.432
2025-11-10 14:00:00+00:00,106509.4,106509.4,104615.7,104846.5,13292.484,3613.91,3614.23,3528.05,3540.0,428752.976
2025-11-10 15:00:00+00:00,104846.6,105584.7,104617.0,105028.9,10362.778,3540.0,3559.3,3506.66,3518.1,397014.689
2025-11-10 16:00:00+00:00,105028.9,105320.6,104735.6,105189.2,5452.721,3518.1,3536.84,3505.55,3528.04,225181.528
2025-11-10 17:00:00+00:00,105189.2,105962.6,105132.3,105906.6,4328.558,3528.04,3559.0,3520.79,3553.38,207957.499
2025-11-10 18:00:00+00:00,105906.6,106081.1,105420.0,105435.8,3573.962,3553.38,3556.0,3530.51,3530.75,92881.98
2025-11-10 19:00:00+00:00,105435.9,106000.0,105354.0,105767.2,2971.178,3530.75,3574.73,3527.04,3556.83,133457.309
2025-11-10 20:00:00+00:00,105767.1,106249.6,105750.3,105956.7,3483.547,3556.83,3582.69,3553.32,3570.22,115813.008
2025-11-10 21:00:00+00:00,105956.7,105973.9,105202.7,105583.5,3305.325,3570.22,3571.04,3528.48,3540.12,123449.056
2025-11-10 22:00:00+00:00,105583.5,106089.0,105300.0,106003.8,2262.342,3540.11,3578.8,3527.06,3574.59,87099.18
2025-11-10 23:00:00+00:00,106003.9,106242.3,105831.8,105966.3,2913.04,3574.6,3580.0,3561.0,3566.38,64621.227
2025-11-11 00:00:00+00:00,105966.3,106111.9,105399.6,106100.0,3329.88,3566.38,3591.47,3551.11,3584.0,117634.756
2025-11-11 01:00:00+00:00,106100.0,107473.7,105957.5,106047.4,13732.704,3584.01,3647.54,3573.09,3579.96,325679.253
2025-11-11 02:00:00+00:00,106047.5,107099.9,105533.5,106595.8,9107.009,3579.97,3635.41,3557.15,3613.77,273209.574
2025-11-11 03:00:00+00:00,106595.8,107041.5,106302.5,106407.3,3942.211,3613.76,3632.0,3596.65,3604.2,143519.637
2025-11-11 04:00:00+00:00,106407.4,106496.6,105650.2,105709.0,4164.397,3604.21,3608.44,3570.72,3573.35,125675.897
2025-11-11 05:00:00+00:00,105709.0,105709.1,105072.0,105203.4,5480.591,3573.36,3574.2,3541.48,3546.92,156415.125
2025-11-11 06:00:00+00:00,105203.4,105300.0,104830.5,105202.0,7093.761,3546.92,3557.66,3528.8,3555.67,228096.096
2025-11-11 07:00:00+00:00,105202.0,105278.0,104685.3,104737.0,4259.915,3555.67,3565.0,3540.24,3542.88,115916.499
2025-11-11 08:00:00+00:00,104737.1,105226.8,104718.2,105110.5,3396.035,3542.88,3562.0,3541.22,3561.19,79485.437
2025-11-11 09:00:00+00:00,105110.6,105454.7,104856.9,104920.6,3350.552,3561.2,3585.29,3549.53,3553.96,158225.013
2025-11-11 10:00:00+00:00,104920.6,105193.0,104869.6,105120.5,2053.246,3553.96,3564.82,3546.5,3558.78,74473.737
2025-11-11 11:00:00+00:00,105120.5,105464.2,105090.6,105256.2,2755.76,3558.78,3580.23,3558.43,3572.4,110660.865
2025-11-11 12:00:00+00:00,105256.2,105459.8,104342.6,104500.0,7104.129,3572.4,3593.0,3538.05,3539.7,192982.376
2025-11-11 13:00:00+00:00,104499.9,104670.0,104160.0,104350.1,6561.571,3539.68,3572.94,3524.0,3530.99,239143.35
2025-11-11 14:00:00+00:00,104350.1,104641.9,103800.0,104517.8,8622.481,3530.99,3546.26,3483.71,3528.26,482846.828
2025-11-11 15:00:00+00:00,104517.8,104517.8,103135.2,103417.2,12715.048,3528.26,3528.26,3466.0,3479.62,366500.417
2025-11-11 16:00:00+00:00,103417.2,103694.8,103168.0,103366.6,5047.687,3479.62,3499.1,3463.42,3483.45,206339.411
2025-11-11 17:00:00+00:00,103366.5,103599.9,102777.0,103294.0,6505.87,3483.45,3497.18,3443.04,3471.5,236226.07
2025-11-11 18:00:00+00:00,103294.0,103525.1,103009.0,103344.6,3954.402,3471.49,3485.3,3458.33,3467.29,140235.052
2025-11-11 19:00:00+00:00,103344.5,103411.0,102797.5,103073.6,3730.165,3467.31,3468.72,3447.8,3455.65,106394.219
2025-11-11 20:00:00+00:00,103073.6,103183.8,102602.0,102774.8,4888.141,3455.66,3460.66,3427.04,3437.4,194195.457
2025-11-11 21:00:00+00:00,102774.8,103066.2,102400.0,102598.4,4964.287,3437.4,3448.67,3406.6,3416.19,194381.113
2025-11-11 22:00:00+00:00,102598.3,103120.0,102459.3,102940.1,2821.018,3416.19,3435.33,3403.02,3428.46,129655.456
2025-11-11 23:00:00+00:00,102940.1,103170.7,102751.6,103005.8,3022.914,3428.47,3437.05,3407.45,3416.32,112552.306
2025-11-12 00:00:00+00:00,103005.8,103321.4,102761.8,102838.4,3714.322,3416.33,3433.64,3408.14,3416.64,107907.233
2025-11-12 01:00:00+00:00,102838.4,103325.0,102629.5,103200.1,3859.567,3416.65,3450.0,3410.69,3445.82,157546.638
2025-11-12 02:00:00+00:00,103200.1,103360.2,102885.0,103099.3,3724.44,3445.82,3454.68,3415.58,3425.94,136550.666
2025-11-12 03:00:00+00:00,103099.3,103399.4,103045.5,103267.2,1824.609,3425.95,3444.63,3419.85,3437.52,68499.123
2025-11-12 04:00:00+00:00,103267.2,103426.1,102941.6,103199.9,2204.272,3437.52,3444.0,3430.3,3442.65,55169.371
2025-11-12 05:00:00+00:00,103200.0,103423.6,103188.1,103350.0,1480.947,3442.65,3455.0,3441.48,3447.46,104362.875
2025-11-12 06:00:00+00:00,103350.0,103605.0,103290.0,103305.9,2617.851,3447.45,3455.79,3436.66,3436.66,54984.069
2025-11-12 07:00:00+00:00,103305.9,103496.9,103001.0,103066.7,2521.48,3436.67,3450.99,3422.17,3426.52,83814.015
2025-11-12 08:00:00+00:00,103066.7,104188.0,103066.7,104100.0,7396.89,3426.51,3479.0,3426.33,3466.95,193564.232
2025-11-12 09:00:00+00:00,104100.0,105044.2,104090.0,104475.4,11451.039,3466.94,3492.97,3464.06,3482.07,181666.504
2025-11-12 10:00:00+00:00,104475.4,104999.0,104462.9,104844.9,4000.778,3482.07,3547.95,3481.31,3532.5,264759.176
2025-11-12 11:00:00+00:00,104844.8,105162.6,104693.4,104979.9,4553.788,3532.49,3569.0,3532.19,3548.25,240215.004
2025-11-12 12:00:00+00:00,104979.9,105297.0,104778.2,104947.8,4624.856,3548.24,3564.97,3538.04,3550.74,141177.617
2025-11-12 13:00:00+00:00,104947.8,105135.9,104556.6,104993.8,4755.914,3550.73,3587.24,3543.64,3575.41,190733.087
2025-11-12 14:00:00+00:00,104993.7,104993.8,103508.8,103948.5,12332.503,3575.42,3580.18,3478.07,3500.94,506522.768
2025-11-12 15:00:00+00:00,103948.5,104275.8,101900.0,102124.9,20226.943,3500.94,3519.96,3416.27,3426.34,613053.717
2025-11-12 16:00:00+00:00,102124.9,102249.2,101274.8,101393.1,16706.276,3426.33,3431.81,3370.0,3398.09,658067.255
2025-11-12 17:00:00+00:00,101393.1,102100.0,101354.6,101700.0,7049.074,3398.1,3454.22,3390.12,3428.01,333982.03
2025-11-12 18:00:00+00:00,101700.0,101910.0,101360.4,101493.6,4654.416,3428.0,3455.0,3416.04,3422.85,202356.865
2025-11-12 19:00:00+00:00,101493.6,101523.0,100711.0,101245.4,9415.269,3422.85,3425.25,3370.8,3406.58,269089.796
2025-11-12 20:00:00+00:00,101245.3,101795.3,101087.8,101494.9,3849.807,3406.58,3438.82,3398.78,3415.23,110942.877
2025-11-12 21:00:00+00:00,101494.9,101880.1,101467.1,101880.1,2320.492,3415.24,3428.43,3406.66,3421.84,66258.26
2025-11-12 22:00:00+00:00,101880.0,101951.0,101400.0,101922.6,2295.542,3421.84,3421.85,3390.01,3420.44,67530.185
2025-11-12 23:00:00+00:00,101922.5,101964.5,101409.8,101605.8,3295.201,3420.45,3422.06,3402.0,3413.46,76300.076
2025-11-13 00:00:00+00:00,101605.8,102020.0,101412.0,101813.1,3247.869,3413.45,3432.38,3403.0,3410.9,106906.89
2025-11-13 01:00:00+00:00,101813.1,102581.7,101782.7,101960.1,7272.953,3410.9,3456.5,3409.03,3422.76,208058.441
2025-11-13 02:00:00+00:00,101960.1,102300.0,101921.1,102015.0,2595.057,3422.77,3445.75,3421.29,3432.89,72647.359
2025-11-13 03:00:00+00:00,102015.0,102525.1,100850.0,102088.1,9523.693,3432.89,3473.0,3375.09,3451.33,335816.296
2025-11-13 04:00:00+00:00,102088.0,102391.0,101602.2,102067.2,5004.101,3451.32,3491.79,3432.02,3481.09,302066.374
2025-11-13 05:00:00+00:00,102067.2,103373.2,101708.2,103097.5,7221.45,3481.09,3539.79,3464.73,3527.67,224374.707
2025-11-13 06:00:00+00:00,103097.8,103666.6,102870.0,103555.0,11978.939,3527.67,3552.88,3519.27,3539.68,238462.641
2025-11-13 07:00:00+00:00,103555.0,104024.6,103271.7,103430.9,10120.864,3539.68,3565.0,3530.38,3537.15,237433.437
2025-11-13 08:00:00+00:00,103430.9,103765.4,103227.7,103635.1,4245.445,3537.16,3549.0,3518.5,3522.85,160014.966
2025-11-13 09:00:00+00:00,103635.2,103705.3,102509.1,102792.2,8562.202,3522.85,3528.16,3475.0,3485.2,312902.933
2025-11-13 10:00:00+00:00,102792.3,103261.6,102730.6,102951.2,3262.33,3485.21,3516.0,3485.21,3504.13,146189.369
2025-11-13 11:00:00+00:00,102951.2,103124.6,102654.1,102900.0,2496.67,3504.12,3517.03,3492.86,3499.98,101277.911
2025-11-13 12:00:00+00:00,102900.1,103248.9,102691.0,103100.0,3641.794,3499.97,3509.83,3479.99,3499.65,155119.453
2025-11-13 13:00:00+00:00,103100.0,103120.3,102100.0,102282.2,8209.996,3499.66,3500.36,3425.0,3436.47,442100.987
2025-11-13 14:00:00+00:00,102282.2,103456.0,101689.0,102823.4,17998.425,3436.48,3481.26,3391.26,3441.72,582344.97
2025-11-13 15:00:00+00:00,102823.4,102969.8,101135.0,101338.0,15228.684,3441.72,3446.5,3365.0,3385.52,567618.531
2025-11-13 16:00:00+00:00,101338.0,101495.7,100455.7,100580.2,16431.198,3385.52,3397.96,3322.0,3326.74,555055.62
2025-11-13 17:00:00+00:00,100580.3,100774.4,99556.8,99601.4,16833.117,3326.74,3328.0,3252.0,3254.4,638933.783
2025-11-13 18:00:00+00:00,99601.4,99895.2,98100.0,98539.7,26565.735,3254.4,3264.15,3182.22,3212.47,651570.349
2025-11-13 19:00:00+00:00,98539.6,99256.6,98209.7,98643.1,15188.386,3212.46,3237.95,3173.38,3196.23,479392.039
2025-11-13 20:00:00+00:00,98643.1,98999.9,97959.0,98131.6,15882.308,3196.22,3204.98,3152.49,3170.38,520996.1
2025-11-13 21:00:00+00:00,98132.1,98873.5,97985.7,98764.1,6528.276,3170.38,3192.27,3159.0,3177.87,205535.542
2025-11-13 22:00:00+00:00,98764.2,99899.2,98657.0,99820.6,7496.206,3177.87,3235.0,3172.91,3227.74,234225.72
2025-11-13 23:00:00+00:00,99820.5,100485.8,99509.5,99654.3,10511.101,3227.75,3270.58,3214.7,3230.12,274207.372
2025-11-14 00:00:00+00:00,99654.3,99752.7,98684.7,98941.0,13076.142,3230.13,3239.67,3185.81,3199.2,365999.838
2025-11-14 01:00:00+00:00,98941.0,99528.6,98657.0,99208.8,6908.071,3199.22,3220.0,3183.17,3205.39,259537.309
2025-11-14 02:00:00+00:00,99208.9,99862.8,99201.4,99573.4,3955.014,3205.39,3250.0,3203.05,3236.25,189439.159
2025-11-14 03:00:00+00:00,99573.3,99605.5,98730.0,99103.3,4776.553,3236.25,3238.1,3206.07,3226.5,139249.36
2025-11-14 04:00:00+00:00,99103.3,99152.0,96600.0,97789.7,26490.33,3226.49,3227.0,3104.0,3161.51,546937.326
2025-11-14 05:00:00+00:00,97789.7,97997.3,97000.0,97491.9,10990.331,3161.5,3205.66,3155.01,3191.01,350416.633
2025-11-14 06:00:00+00:00,97491.8,97585.9,95840.9,97530.9,19135.12,3191.01,3225.0,3133.0,3221.05,420233.469
2025-11-14 07:00:00+00:00,97531.0,97714.2,96704.3,97099.9,14698.027,3221.05,3239.67,3191.93,3213.82,398653.584
2025-11-14 08:00:00+00:00,97099.9,97442.3,96714.4,97333.2,7223.958,3213.82,3217.8,3181.1,3203.72,228505.48
2025-11-14 09:00:00+00:00,97333.2,97520.0,96622.8,96808.2,6150.239,3203.72,3214.6,3147.68,3154.7,312944.549
2025-11-14 10:00:00+00:00,96808.2,97255.2,96624.0,96703.8,4439.163,3154.7,3194.7,3153.0,3174.71,159996.017
2025-11-14 11:00:00+00:00,96703.8,96909.3,95597.9,96134.6,13297.474,3174.71,3181.69,3115.0,3142.93,394127.41
2025-11-14 12:00:00+00:00,96134.5,96134.6,94500.0,95327.0,26405.264,3142.93,3142.93,3068.0,3125.71,704996.506
2025-11-14 13:00:00+00:00,95327.0,95680.0,94526.4,95209.0,14523.306,3125.71,3149.99,3071.41,3120.64,501944.429
2025-11-14 14:00:00+00:00,95209.0,96765.0,94905.2,96497.7,25036.571,3120.64,3219.77,3105.67,3197.85,824792.646
2025-11-14 15:00:00+00:00,96497.7,97280.0,95806.9,96752.6,16635.4,3197.85,3233.66,3158.56,3195.73,484735.785
2025-11-14 16:00:00+00:00,96752.7,97377.6,96211.1,96972.5,12106.51,3195.73,3255.95,3181.37,3229.92,322284.615
2025-11-14 17:00:00+00:00,96972.6,97094.4,95551.0,95813.8,10110.689,3229.92,3244.48,3158.0,3178.55,277765.305
2025-11-14 18:00:00+00:00,95813.7,96297.5,94911.0,95023.9,10926.161,3178.55,3207.85,3153.17,3167.74,254785.38
2025-11-14 19:00:00+00:00,95023.9,95886.9,94741.2,95737.3,9173.25,3167.74,3219.6,3158.52,3206.37,212962.027
2025-11-14 20:00:00+00:00,95737.4,95900.0,94150.2,94336.6,11266.85,3206.37,3212.04,3120.22,3136.22,246037.524
2025-11-14 21:00:00+00:00,94336.6,95127.7,94179.9,95023.3,6793.511,3136.22,3174.39,3123.0,3165.97,153071.001
2025-11-14 22:00:00+00:00,95023.3,95452.4,94654.0,95147.6,4249.663,3165.97,3186.0,3140.61,3157.71,130601.938
2025-11-14 23:00:00+00:00,95147.5,95147.5,93955.0,94544.9,8705.186,3157.72,3157.72,3088.0,3111.2,227638.193
2025-11-15 00:00:00+00:00,94544.9,95395.3,94523.9,95120.0,6755.663,3111.2,3149.8,3109.16,3139.8,158932.987
2025-11-15 01:00:00+00:00,95120.0,95766.5,94715.5,95617.0,5772.021,3139.8,3177.95,3123.02,3172.11,114754.143
2025-11-15 02:00:00+00:00,95617.0,96474.6,95374.8,96452.5,7119.281,3172.12,3192.56,3161.4,3192.24,122619.253
2025-11-15 03:00:00+00:00,96452.4,96800.0,96100.8,96388.5,7759.499,3192.22,3192.8,3166.01,3177.88,117365.282
2025-11-15 04:00:00+00:00,96388.5,96488.0,95900.1,96077.4,3948.63,3177.88,3190.88,3157.12,3170.7,94584.929
2025-11-15 05:00:00+00:00,96077.4,96389.8,95941.0,96304.0,3583.966,3170.71,3182.0,3160.08,3177.49,58530.26
2025-11-15 06:00:00+00:00,96304.1,96543.8,95906.7,96093.5,3215.523,3177.5,3186.62,3165.07,3173.98,59165.293
2025-11-15 07:00:00+00:00,96093.4,96337.5,95925.8,96289.4,3136.307,3173.99,3184.05,3166.82,3174.98,49523.841
2025-11-15 08:00:00+00:00,96289.3,96310.4,95605.9,95878.8,6000.487,3174.99,3176.6,3132.66,3141.51,164951.053
2025-11-15 09:00:00+00:00,95878.9,96118.6,95629.9,95774.1,2625.881,3141.52,3164.0,3137.2,3151.68,94878.958
2025-11-15 10:00:00+00:00,95774.1,96027.2,95650.9,95912.0,2181.305,3151.68,3170.95,3144.23,3167.41,73959.399
2025-11-15 11:00:00+00:00,95912.0,95949.0,95587.3,95657.3,2048.557,3167.42,3171.19,3145.36,3151.22,69787.061
2025-11-15 12:00:00+00:00,95657.3,95842.6,95534.1,95766.1,2452.676,3151.21,3166.84,3146.0,3160.9,59813.732
2025-11-15 13:00:00+00:00,95766.1,96330.0,95677.7,96325.7,4272.182,3160.89,3197.5,3157.67,3191.29,155656.988
2025-11-15 14:00:00+00:00,96325.7,96439.6,95953.8,96201.8,3938.441,3191.28,3191.81,3173.1,3176.34,82302.287
2025-11-15 15:00:00+00:00,96201.8,96385.0,96059.0,96222.1,2540.721,3176.34,3189.33,3171.64,3184.5,53842.186
2025-11-15 16:00:00+00:00,96222.1,96285.1,95677.7,96111.4,4580.168,3184.5,3186.53,3160.71,3184.78,103541.116
2025-11-15 17:00:00+00:00,96111.4,96362.5,95804.2,96198.0,4231.265,3184.77,3218.73,3180.7,3214.12,230861.776
2025-11-15 18:00:00+00:00,96197.9,96312.0,95899.4,96009.6,2189.631,3214.12,3230.56,3202.89,3207.14,179450.204
2025-11-15 19:00:00+00:00,96009.6,96110.2,95875.0,95967.7,959.827,3207.15,3213.34,3191.15,3196.7,55808.522
2025-11-15 20:00:00+00:00,95967.7,95979.1,95072.1,95249.5,4661.314,3196.69,3199.4,3165.56,3173.87,88056.096
2025-11-15 21:00:00+00:00,95249.4,95645.7,95086.8,95245.4,3401.796,3173.86,3188.0,3151.33,3156.59,100123.297
2025-11-15 22:00:00+00:00,95245.4,95621.1,95186.1,95577.4,1618.168,3156.59,3171.38,3153.34,3170.0,52784.349
2025-11-15 23:00:00+00:00,95577.4,95655.0,95450.0,95560.3,1227.01,3170.0,3176.58,3165.53,3166.55,41254.603
2025-11-16 00:00:00+00:00,95560.4,95672.7,95159.0,95327.0,2113.959,3166.56,3173.57,3144.03,3151.53,97598.521
2025-11-16 01:00:00+00:00,95327.1,95462.2,94800.0,95243.7,4662.64,3151.53,3156.82,3130.01,3149.44,152057.896
2025-11-16 02:00:00+00:00,95243.7,95937.7,95055.0,95934.3,3949.728,3149.45,3204.47,3141.0,3202.04,199897.375
2025-11-16 03:00:00+00:00,95934.2,95946.4,95580.5,95782.0,1907.72,3202.04,3209.51,3191.92,3201.56,96260.038
2025-11-16 04:00:00+00:00,95782.0,95891.4,95602.0,95781.0,1708.226,3201.56,3206.0,3185.76,3193.38,75099.435
2025-11-16 05:00:00+00:00,95781.0,96170.6,95772.2,95850.0,3442.85,3193.38,3214.99,3192.4,3203.74,96039.066
2025-11-16 06:00:00+00:00,95849.9,96007.1,95710.0,95762.8,1430.717,3203.73,3215.4,3196.98,3199.89,63192.731
2025-11-16 07:00:00+00:00,95763.0,96067.1,95690.0,96064.8,2034.586,3199.9,3219.75,3197.65,3218.21,67203.204
2025-11-16 08:00:00+00:00,96064.8,96222.0,95818.6,96083.5,2685.366,3218.22,3227.58,3205.0,3218.4,89048.717
2025-11-16 09:00:00+00:00,96083.5,96600.0,95896.2,96597.4,3458.862,3218.41,3248.5,3207.5,3247.13,150002.925
2025-11-16 10:00:00+00:00,96597.3,96597.3,96340.0,96412.7,2577.83,3247.12,3247.39,3227.52,3234.96,93792.528
2025-11-16 11:00:00+00:00,96412.7,96414.0,95443.6,95588.0,7991.377,3234.95,3236.5,3158.35,3167.18,399823.391
2025-11-16 12:00:00+00:00,95588.0,95870.0,95385.1,95713.7,4216.24,3167.17,3181.32,3152.49,3168.55,232692.761
2025-11-16 13:00:00+00:00,95713.6,95815.0,95073.0,95371.8,4666.574,3168.55,3172.48,3137.01,3152.6,194555.487
2025-11-16 14:00:00+00:00,95371.9,95636.0,95253.9,95487.0,2526.175,3152.59,3177.96,3146.01,3170.48,187048.066
2025-11-16 15:00:00+00:00,95487.1,95517.0,94300.0,94531.3,7460.762,3170.47,3180.0,3095.84,3103.52,371650.828
2025-11-16 16:00:00+00:00,94531.2,94902.5,94000.0,94185.4,13185.838,3103.52,3124.69,3056.02,3059.6,624055.411
2025-11-16 17:00:00+00:00,94184.8,94506.8,93677.4,94328.0,10795.474,3059.6,3089.95,3025.0,3078.2,675694.104
2025-11-16 18:00:00+00:00,94327.9,95544.8,93714.7,94005.9,15171.473,3078.19,3127.21,3041.43,3059.34,506853.206
2025-11-16 19:00:00+00:00,94005.9,94564.9,93897.0,93994.5,5171.299,3059.33,3115.85,3056.11,3090.13,192786.171
2025-11-16 20:00:00+00:00,93994.5,94700.0,93921.1,94051.1,3375.18,3090.13,3116.8,3084.11,3088.13,89710.709
2025-11-16 21:00:00+00:00,94051.1,94171.5,93285.0,93472.9,10127.258,3088.14,3095.93,3056.56,3072.52,167198.751
2025-11-16 22:00:00+00:00,93473.0,94481.7,93000.0,94156.7,10305.345,3072.51,3101.82,3042.17,3090.89,214305.589
2025-11-16 23:00:00+00:00,94156.6,94528.8,92922.8,94221.7,10784.03,3090.89,3106.45,3001.01,3094.05,477484.882
2025-11-17 00:00:00+00:00,94221.7,95354.3,93730.0,95254.4,11129.984,3094.04,3140.0,3067.77,3134.86,349005.111
2025-11-17 01:00:00+00:00,95254.4,95470.2,94672.1,94732.5,4978.096,3134.86,3145.64,3113.13,3113.47,150856.793
2025-11-17 02:00:00+00:00,94732.5,95384.6,94673.5,94942.1,4065.999,3113.47,3159.99,3110.0,3148.2,198110.334
2025-11-17 03:00:00+00:00,94942.1,95539.3,94933.8,95472.1,4485.238,3148.21,3179.79,3146.91,3175.65,163231.836
2025-11-17 04:00:00+00:00,95472.0,95541.6,94850.0,95067.8,6105.491,3175.67,3193.0,3165.3,3184.35,147109.366
2025-11-17 05:00:00+00:00,95067.8,95236.0,94866.2,95088.6,2353.071,3184.36,3192.64,3176.53,3185.61,102862.472
2025-11-17 06:00:00+00:00,95088.6,95300.0,94851.6,95237.3,2555.776,3185.61,3197.66,3169.74,3192.77,116031.399
2025-11-17 07:00:00+00:00,95237.3,95838.0,95163.4,95587.9,4746.283,3192.77,3209.77,3187.6,3197.11,129125.109
2025-11-17 08:00:00+00:00,95587.9,95980.1,95476.1,95577.3,4409.841,3197.11,3204.16,3183.49,3188.96,111793.901
2025-11-17 09:00:00+00:00,95577.3,95841.3,95268.9,95608.0,4464.088,3188.96,3216.34,3178.2,3193.8,152822.646
2025-11-17 10:00:00+00:00,95608.0,95845.1,95500.1,95607.6,2562.35,3193.81,3207.0,3190.0,3195.54,77548.133
2025-11-17 11:00:00+00:00,95607.6,95909.1,95353.0,95530.1,3495.791,3195.53,3223.22,3192.0,3202.57,146216.598
2025-11-17 12:00:00+00:00,95530.0,95543.3,95223.0,95283.4,3355.267,3202.57,3203.25,3180.55,3182.68,127517.59
2025-11-17 13:00:00+00:00,95283.4,95340.0,93511.8,93913.5,18036.108,3182.67,3187.77,3093.43,3120.49,507462.096
2025-11-17 14:00:00+00:00,93913.6,96012.2,93713.3,94730.2,23450.771,3120.49,3210.22,3100.7,3150.44,752865.943
2025-11-17 15:00:00+00:00,94730.2,94977.2,93736.3,93915.7,14045.405,3150.45,3165.0,3103.0,3119.46,518988.872
2025-11-17 16:00:00+00:00,93915.8,94388.0,93016.0,94267.0,16571.506,3119.47,3142.1,3062.38,3133.15,577063.734
2025-11-17 17:00:00+00:00,94267.0,94357.9,92620.1,92724.0,12989.793,3133.17,3136.36,3052.21,3057.52,349345.673
2025-11-17 18:00:00+00:00,92724.0,93175.4,92366.8,92504.2,14020.401,3057.51,3080.0,3018.0,3023.52,439736.343
2025-11-17 19:00:00+00:00,92504.2,92617.9,91550.2,91656.2,16602.376,3023.51,3037.4,2969.99,2981.0,599307.613
2025-11-17 20:00:00+00:00,91656.2,92194.1,91250.0,91880.5,13058.115,2980.99,3021.51,2958.0,3002.72,499321.42
2025-11-17 21:00:00+00:00,91880.0,92227.7,91480.0,91925.7,6944.17,3002.74,3027.21,2981.92,3008.25,230742.487
2025-11-17 22:00:00+00:00,91925.6,92370.9,91777.0,92213.1,5473.223,3008.25,3030.96,2998.49,3021.99,130223.95
2025-11-17 23:00:00+00:00,92213.1,92261.6,91753.8,92169.7,5262.142,3021.99,3030.75,3004.4,3030.06,143152.56
2025-11-18 00:00:00+00:00,92169.8,92335.4,91126.0,92120.2,8624.107,3030.06,3040.0,2989.51,3031.43,259488.997
2025-11-18 01:00:00+00:00,92120.2,92186.1,91567.5,91681.2,6123.902,3031.43,3049.0,3012.64,3016.73,191951.259
2025-11-18 02:00:00+00:00,91681.2,91720.4,90640.7,90837.6,16348.372,3016.73,3044.86,2976.64,2984.4,477325.457
2025-11-18 03:00:00+00:00,90837.6,90900.0,89666.1,90811.9,23029.116,2984.41,3027.47,2943.31,3022.93,667374.704
2025-11-18 04:00:00+00:00,90811.8,90842.1,89012.0,90049.4,20592.352,3022.94,3024.23,2956.63,3005.0,404031.369
2025-11-18 05:00:00+00:00,90049.4,90455.0,89676.8,90185.9,8304.426,3004.99,3023.0,2982.77,3011.14,212542.327
2025-11-18 06:00:00+00:00,90185.8,90197.1,89333.1,89615.9,7011.137,3011.14,3014.59,2972.28,2988.85,203468.544
2025-11-18 07:00:00+00:00,89615.9,90500.5,89299.7,90459.1,8462.63,2988.84,3033.5,2976.06,3022.93,223977.564
2025-11-18 08:00:00+00:00,90459.2,91453.5,90459.1,91179.9,10800.18,3022.94,3066.89,3022.94,3059.23,301499.047
2025-11-18 09:00:00+00:00,91180.0,91450.1,90843.9,91361.7,7423.624,3059.23,3066.63,3026.7,3059.16,255350.695
2025-11-18 10:00:00+00:00,91361.6,91567.0,91203.7,91536.3,5264.884,3059.16,3071.98,3048.88,3064.5,153324.107
2025-11-18 11:00:00+00:00,91536.3,91565.5,91188.0,91473.6,4864.155,3064.5,3073.71,3050.75,3056.44,136131.995
2025-11-18 12:00:00+00:00,91474.1,91859.0,91056.1,91470.1,8345.275,3056.45,3065.0,3037.06,3048.03,189161.723
2025-11-18 13:00:00+00:00,91470.1,91616.5,90888.0,91438.4,7959.179,3048.04,3049.99,3020.01,3047.0,208941.747
2025-11-18 14:00:00+00:00,91438.4,92410.0,91166.2,91315.9,20508.752,3046.99,3091.73,3030.5,3056.67,442071.569
2025-11-18 15:00:00+00:00,91315.8,92991.7,90941.7,92851.4,21271.979,3056.68,3123.17,3032.0,3105.19,559457.819
2025-11-18 16:00:00+00:00,92851.5,93799.1,92532.0,93447.3,15350.629,3105.19,3167.89,3097.88,3150.88,456980.572
2025-11-18 17:00:00+00:00,93447.2,93609.0,92759.6,93215.7,7958.172,3150.87,3157.79,3118.64,3134.29,204423.856
2025-11-18 18:00:00+00:00,93215.7,93728.1,93103.0,93290.6,6160.819,3134.32,3169.28,3134.16,3159.12,167638.573
2025-11-18 19:00:00+00:00,93290.7,93576.0,92949.7,93143.1,3535.735,3159.12,3167.61,3134.39,3144.64,126278.083
2025-11-18 20:00:00+00:00,93143.1,93267.4,92616.0,92756.8,4017.178,3144.64,3149.46,3121.3,3121.87,92249.113
2025-11-18 21:00:00+00:00,92756.9,92997.9,92420.3,92459.0,3851.625,3121.86,3130.25,3095.99,3097.01,135203.561
2025-11-18 22:00:00+00:00,92459.0,93400.0,92446.9,93119.6,3333.842,3097.0,3128.5,3096.53,3124.02,84412.255
2025-11-18 23:00:00+00:00,93119.6,93131.4,92685.3,92916.9,3549.086,3124.02,3125.15,3105.99,3122.2,65377.906
2025-11-19 00:00:00+00:00,92916.8,92944.8,91838.6,92377.6,8621.302,3122.2,3122.75,3075.22,3099.57,169795.239
2025-11-19 01:00:00+00:00,92377.6,92617.2,91890.5,92410.2,5967.723,3099.58,3115.78,3083.75,3104.1,119554.491
2025-11-19 02:00:00+00:00,92410.1,92835.9,92223.2,92529.2,4124.031,3104.09,3125.05,3096.51,3112.91,120179.109
2025-11-19 03:00:00+00:00,92529.2,92604.7,91600.0,91842.2,5809.195,3112.91,3117.15,3068.19,3072.01,178765.22
2025-11-19 04:00:00+00:00,91842.1,91934.1,91115.2,91120.3,7357.344,3072.01,3075.91,3042.23,3047.46,195966.957
2025-11-19 05:00:00+00:00,91120.4,91237.4,89966.0,90415.7,18260.141,3047.45,3052.07,2990.15,3016.32,480696.721
2025-11-19 06:00:00+00:00,90415.7,91064.0,90228.5,90938.5,10869.52,3016.32,3043.89,3009.26,3039.49,235070.664
2025-11-19 07:00:00+00:00,90938.5,91987.2,90903.4,91826.6,9571.352,3039.5,3086.68,3037.48,3083.69,225130.977
2025-11-19 08:00:00+00:00,91826.6,91920.0,91226.3,91435.4,7193.918,3083.69,3099.03,3071.67,3079.13,250401.558
2025-11-19 09:00:00+00:00,91435.4,91480.0,91038.9,91480.0,5907.166,3079.12,3087.45,3051.38,3087.25,234784.241
2025-11-19 10:00:00+00:00,91479.9,91650.0,91188.0,91267.0,3459.424,3087.25,3112.96,3082.31,3091.05,161399.975
2025-11-19 11:00:00+00:00,91267.0,91784.6,91260.9,91372.4,3118.733,3091.04,3101.52,3075.83,3082.5,96781.393
2025-11-19 12:00:00+00:00,91372.3,91832.8,91166.0,91737.0,3690.323,3082.5,3107.49,3079.84,3099.23,115090.471
2025-11-19 13:00:00+00:00,91737.0,91863.2,91200.0,91362.0,5442.681,3099.23,3099.87,3055.48,3065.8,192732.062
2025-11-19 14:00:00+00:00,91361.9,91828.9,91006.4,91670.6,9950.245,3065.79,3068.45,3021.76,3058.99,550945.526
2025-11-19 15:00:00+00:00,91670.6,92348.2,89822.0,89901.0,23195.006,3059.0,3104.96,2966.0,2971.58,852393.081
2025-11-19 16:00:00+00:00,89901.0,90202.5,89416.0,89863.2,17947.296,2971.57,2985.54,2935.03,2948.87,638546.645
2025-11-19 17:00:00+00:00,89863.1,90098.5,88820.8,89459.9,17365.879,2948.87,2960.12,2895.0,2921.19,624337.413
2025-11-19 18:00:00+00:00,89459.8,89696.1,88765.0,89214.4,10803.388,2921.19,2927.85,2880.0,2898.46,561223.402
2025-11-19 19:00:00+00:00,89214.4,89349.1,88600.0,88857.7,8054.095,2898.46,2904.8,2873.0,2880.79,367586.831
2025-11-19 20:00:00+00:00,88857.8,89673.8,88564.4,89472.8,11651.717,2880.79,2956.65,2873.63,2944.08,445607.276
2025-11-19 21:00:00+00:00,89472.8,90806.1,89401.7,90553.9,13373.887,2944.09,3000.75,2937.52,2990.32,522401.433
2025-11-19 22:00:00+00:00,90553.8,90598.2,90055.6,90434.3,4079.742,2990.32,2991.0,2951.93,2983.26,157943.761
2025-11-19 23:00:00+00:00,90434.4,91554.9,90434.4,91508.9,10624.342,2983.25,3026.57,2983.1,3024.09,258593.421
2025-11-20 00:00:00+00:00,91509.0,92272.6,91140.2,91850.1,8235.025,3024.08,3047.75,3003.41,3017.72,274256.035
2025-11-20 01:00:00+00:00,91850.1,92689.4,91777.1,92556.0,7644.115,3017.73,3049.82,3017.33,3046.46,178241.524
2025-11-20 02:00:00+00:00,92556.0,92760.0,92288.0,92555.9,6149.595,3046.46,3057.0,3028.25,3042.59,197227.73
2025-11-20 03:00:00+00:00,92556.0,92692.3,92330.0,92404.6,4808.78,3042.6,3052.22,3035.64,3037.83,119502.384
2025-11-20 04:00:00+00:00,92404.7,92960.0,92093.5,92936.7,8802.741,3037.84,3054.25,3015.6,3052.92,239619.733
2025-11-20 05:00:00+00:00,92936.6,93150.0,92533.7,92581.7,6193.369,3052.91,3063.0,3031.48,3034.08,175251.026
2025-11-20 06:00:00+00:00,92581.6,92820.0,91640.2,91938.1,8359.551,3034.07,3041.5,3005.69,3019.64,166471.664
2025-11-20 07:00:00+00:00,91938.2,92397.9,91753.4,92267.4,4640.205,3019.63,3043.12,3013.9,3038.09,126886.867
2025-11-20 08:00:00+00:00,92267.5,92363.1,92000.0,92082.3,3414.95,3038.1,3043.68,3021.5,3029.33,97911.982
2025-11-20 09:00:00+00:00,92082.2,92091.8,91388.5,91874.1,6394.475,3029.33,3032.97,2990.47,3010.06,192034.371
2025-11-20 10:00:00+00:00,91874.1,92030.9,91550.0,91770.0,4066.937,3010.06,3019.6,2992.0,3014.1,154864.192
2025-11-20 11:00:00+00:00,91770.1,91987.8,91452.3,91892.6,3225.671,3014.11,3026.33,3000.67,3022.13,107380.345
2025-11-20 12:00:00+00:00,91892.7,91968.2,91650.0,91797.3,3166.768,3022.14,3031.59,3009.0,3027.4,118329.828
2025-11-20 13:00:00+00:00,91797.3,92498.6,91440.0,91479.7,11130.166,3027.41,3048.0,2994.67,2998.62,404368.995
2025-11-20 14:00:00+00:00,91479.6,91651.5,90400.0,91064.5,22106.489,2998.62,3021.32,2962.45,2999.42,694450.159
2025-11-20 15:00:00+00:00,91064.4,91145.1,89804.1,89835.4,14554.208,2999.43,3002.36,2950.0,2954.53,440712.647
2025-11-20 16:00:00+00:00,89835.5,89885.7,87450.0,87855.5,43473.577,2954.52,2960.11,2846.0,2861.21,1416214.475
2025-11-20 17:00:00+00:00,87855.5,88153.9,86281.9,87186.1,36531.53,2861.21,2872.61,2805.55,2832.16,988879.942
2025-11-20 18:00:00+00:00,87186.1,87713.0,86260.9,86445.7,18256.762,2832.16,2858.98,2804.71,2812.21,550037.241
2025-11-20 19:00:00+00:00,86445.7,87124.6,86066.6,86880.3,15802.443,2812.2,2854.88,2788.01,2846.39,487515.275
2025-11-20 20:00:00+00:00,86880.2,87088.1,86291.7,86432.8,10636.233,2846.39,2855.0,2818.0,2833.97,235947.113
2025-11-20 21:00:00+00:00,86432.8,87630.9,86401.3,87235.0,8733.897,2833.97,2896.17,2833.05,2877.96,235774.07
2025-11-20 22:00:00+00:00,87234.6,88214.1,87157.8,88033.8,8847.802,2877.96,2904.83,2874.8,2885.07,141046.161
2025-11-20 23:00:00+00:00,88033.7,88136.4,86522.4,86601.3,11337.738,2885.07,2890.66,2825.62,2832.97,266633.356
2025-11-21 00:00:00+00:00,86601.4,87465.4,86552.0,87249.9,7827.531,2832.96,2869.6,2831.25,2860.35,184061.397
2025-11-21 01:00:00+00:00,87249.9,87438.0,86800.0,87017.4,5340.269,2860.34,2885.84,2850.5,2861.03,166810.317
2025-11-21 02:00:00+00:00,87017.4,87038.0,85288.0,85396.4,21256.653,2861.04,2861.29,2768.86,2781.62,516254.422
2025-11-21 03:00:00+00:00,85396.3,86109.0,85394.9,85782.5,11154.885,2781.6,2824.78,2781.18,2807.76,305336.792
2025-11-21 04:00:00+00:00,85782.4,86094.0,85347.9,86016.6,7347.024,2807.76,2820.78,2781.08,2817.71,248084.685
2025-11-21 05:00:00+00:00,86016.7,86313.2,85794.0,86148.2,5742.823,2817.71,2831.85,2798.31,2808.53,196797.005
2025-11-21 06:00:00+00:00,86148.3,86219.4,85501.0,85541.3,6291.553,2808.54,2813.74,2777.77,2788.85,238749.677
2025-11-21 07:00:00+00:00,85541.4,85734.8,81111.0,84006.7,58984.375,2788.86,2799.27,2642.65,2718.66,1378156.845
2025-11-21 08:00:00+00:00,84006.7,84667.1,83550.6,83609.6,19288.712,2718.67,2753.18,2705.0,2736.7,475696.409
2025-11-21 09:00:00+00:00,83609.6,83958.8,82074.3,82188.7,25358.523,2736.71,2747.58,2680.0,2680.73,522902.848
2025-11-21 10:00:00+00:00,82188.7,82881.9,81601.7,82673.1,26465.73,2680.73,2716.28,2661.92,2695.87,527017.438
2025-11-21 11:00:00+00:00,82673.1,83332.8,82157.7,82279.1,13011.227,2695.88,2722.0,2672.93,2687.44,282885.385
2025-11-21 12:00:00+00:00,82279.2,83569.2,80600.0,83240.1,46930.281,2687.44,2742.99,2620.0,2726.4,1031893.479
2025-11-21 13:00:00+00:00,83240.1,84384.6,83060.3,84065.2,23363.458,2726.4,2768.8,2710.0,2740.49,575681.342
2025-11-21 14:00:00+00:00,84065.3,85449.2,83508.7,84801.0,31082.717,2740.49,2779.56,2717.08,2768.87,687624.805
2025-11-21 15:00:00+00:00,84801.0,85063.5,82699.9,82905.1,28161.414,2768.87,2776.92,2685.76,2703.7,928892.385
2025-11-21 16:00:00+00:00,82905.0,84900.1,82300.0,84883.1,28706.872,2703.69,2762.8,2673.58,2761.32,659596.347
2025-11-21 17:00:00+00:00,84883.0,85548.4,84524.5,84842.7,21192.728,2761.31,2805.94,2753.44,2779.4,468450.57
2025-11-21 18:00:00+00:00,84842.8,85055.6,83250.1,84534.2,22618.862,2779.39,2793.43,2714.85,2777.74,474220.994
2025-11-21 19:00:00+00:00,84534.2,84982.0,84025.9,84167.2,8215.863,2777.71,2786.49,2738.35,2750.62,191871.725
2025-11-21 20:00:00+00:00,84167.1,84618.2,83418.4,84529.0,11924.183,2750.62,2755.0,2707.0,2736.46,262370.41
2025-11-21 21:00:00+00:00,84529.0,85374.5,84312.2,85142.4,6605.103,2736.45,2774.98,2729.85,2765.68,131068.826
2025-11-21 22:00:00+00:00,85142.5,85369.6,84215.1,84242.3,7049.447,2765.68,2772.79,2718.93,2720.6,123169.611
2025-11-21 23:00:00+00:00,84242.2,85322.4,84078.0,85093.5,5884.091,2720.62,2768.73,2711.53,2764.69,149579.39
2025-11-22 00:00:00+00:00,85093.6,85599.9,84500.9,84695.1,7646.934,2764.7,2779.79,2756.87,2764.91,112040.412
2025-11-22 01:00:00+00:00,84695.1,85175.2,84537.4,85143.0,4233.382,2764.91,2783.34,2759.78,2773.35,76946.05
2025-11-22 02:00:00+00:00,85143.5,85172.8,84243.3,84492.0,4403.321,2773.35,2776.51,2737.7,2751.9,113403.028
2025-11-22 03:00:00+00:00,84492.0,84579.4,84180.0,84414.1,3614.25,2751.9,2756.72,2741.0,2751.17,70483.782
2025-11-22 04:00:00+00:00,84414.0,84524.9,83792.0,84206.7,5858.185,2751.16,2753.13,2725.24,2746.4,121849.982
2025-11-22 05:00:00+00:00,84206.7,84284.1,83833.8,84250.0,3480.501,2746.4,2748.9,2726.0,2743.15,93623.708
2025-11-22 06:00:00+00:00,84250.0,84764.3,84040.3,84597.5,4292.455,2743.16,2767.64,2731.11,2764.76,139989.301
2025-11-22 07:00:00+00:00,84597.4,84632.7,84355.4,84537.4,2334.151,2764.76,2770.0,2753.37,2755.13,110993.074
2025-11-22 08:00:00+00:00,84537.4,84546.4,83896.6,83979.3,4647.685,2755.14,2755.36,2717.32,2728.92,240479.535
2025-11-22 09:00:00+00:00,83979.3,84315.6,83821.3,83898.5,4333.553,2728.92,2738.73,2720.01,2724.81,117496.698
2025-11-22 10:00:00+00:00,83898.6,84187.3,83456.0,83666.1,6219.994,2724.82,2730.42,2703.38,2711.71,150582.038
2025-11-22 11:00:00+00:00,83666.0,84328.5,83552.7,84066.2,5462.812,2711.71,2742.05,2702.87,2734.0,162201.676
2025-11-22 12:00:00+00:00,84066.2,84131.0,83578.5,83845.2,4759.96,2734.01,2734.89,2709.25,2719.7,140033.817
2025-11-22 13:00:00+00:00,83845.2,84100.0,83607.4,83908.0,3808.204,2719.7,2733.54,2710.32,2718.08,84316.308
2025-11-22 14:00:00+00:00,83907.9,84712.7,83892.5,84451.5,6387.293,2718.08,2754.41,2717.12,2744.67,198935.354
2025-11-22 15:00:00+00:00,84451.4,84535.7,83968.6,84239.9,3626.999,2744.66,2749.6,2724.12,2737.62,137362.938
2025-11-22 16:00:00+00:00,84239.9,84888.0,84175.0,84659.7,3867.911,2737.61,2758.0,2733.91,2753.99,134938.12
2025-11-22 17:00:00+00:00,84659.6,84690.0,84385.2,84515.5,2549.043,2753.98,2757.37,2743.14,2748.64,69954.02
2025-11-22 18:00:00+00:00,84515.2,84648.4,84425.9,84624.8,1368.798,2748.64,2753.99,2741.1,2751.06,41592.173
2025-11-22 19:00:00+00:00,84624.8,84761.8,84463.6,84566.7,1277.356,2751.07,2756.13,2743.2,2749.26,42156.642
2025-11-22 20:00:00+00:00,84566.8,84779.8,84193.8,84426.7,2127.776,2749.26,2755.67,2732.34,2739.99,68413.791
2025-11-22 21:00:00+00:00,84426.7,84481.1,84195.4,84370.0,1464.153,2739.99,2747.63,2735.6,2746.54,41225.853
2025-11-22 22:00:00+00:00,84370.1,85238.3,84234.8,85020.6,3648.478,2746.53,2798.0,2740.5,2788.01,143216.37
2025-11-22 23:00:00+00:00,85020.5,85139.9,84618.0,84689.4,2783.861,2788.0,2792.58,2766.11,2769.06,97586.223
2025-11-23 00:00:00+00:00,84689.4,85286.8,84622.0,84929.1,4931.119,2769.06,2788.44,2766.87,2771.78,80196.204
2025-11-23 01:00:00+00:00,84929.2,86200.0,84910.8,85837.5,7771.988,2771.78,2814.92,2770.23,2807.08,158363.009
2025-11-23 02:00:00+00:00,85837.5,86300.0,85629.3,85948.4,7590.733,2807.08,2833.0,2802.51,2819.72,193007.424
2025-11-23 03:00:00+00:00,85948.5,86261.0,85764.1,86261.0,3906.257,2819.71,2823.41,2808.17,2823.02,91832.777
2025-11-23 04:00:00+00:00,86261.0,86826.8,86104.8,86499.3,9344.478,2823.01,2850.94,2818.26,2826.19,274691.706
2025-11-23 05:00:00+00:00,86499.4,86540.5,85935.0,86315.3,4479.883,2826.2,2829.77,2811.58,2823.72,100705.075
2025-11-23 06:00:00+00:00,86315.2,86458.7,85819.8,85819.8,4422.867,2823.71,2831.47,2803.0,2808.43,113123.341
2025-11-23 07:00:00+00:00,85819.8,85881.5,85348.7,85732.0,6355.218,2808.42,2810.79,2775.0,2792.16,220488.864
2025-11-23 08:00:00+00:00,85732.1,86158.7,85724.7,86100.0,4861.159,2792.16,2814.5,2792.02,2810.0,112149.299
2025-11-23 09:00:00+00:00,86100.0,86438.5,86031.6,86348.2,3362.555,2810.0,2823.14,2804.41,2815.06,82912.201
2025-11-23 10:00:00+00:00,86348.2,86410.0,86000.0,86023.9,3830.884,2815.06,2815.37,2801.33,2807.25,77645.067
2025-11-23 11:00:00+00:00,86024.0,86379.9,85777.9,86290.3,4619.143,2807.25,2819.65,2802.2,2814.41,69211.266
2025-11-23 12:00:00+00:00,86290.3,86858.0,86222.0,86485.1,8362.02,2814.42,2844.44,2812.31,2833.82,220326.464
2025-11-23 13:00:00+00:00,86485.1,86899.0,86270.4,86887.9,5122.232,2833.81,2844.33,2821.24,2842.47,122400.85
2025-11-23 14:00:00+00:00,86887.9,87178.9,86444.0,86512.2,8131.938,2842.46,2857.0,2811.0,2813.55,232524.873
2025-11-23 15:00:00+00:00,86512.3,87222.0,86406.1,87042.8,5229.063,2813.55,2838.79,2808.0,2835.01,149778.555
2025-11-23 16:00:00+00:00,87042.8,87472.0,86632.9,86647.4,9393.025,2835.01,2845.53,2796.06,2798.65,185232.054
2025-11-23 17:00:00+00:00,86647.4,86920.4,86458.0,86699.4,5181.512,2798.66,2807.11,2785.0,2791.3,200444.966
2025-11-23 18:00:00+00:00,86699.4,87223.3,86673.5,86950.8,3789.934,2791.3,2815.93,2791.29,2807.33,97175.433
2025-11-23 19:00:00+00:00,86950.7,87653.9,86888.0,87276.7,6178.834,2807.33,2836.67,2805.75,2821.52,108473.069
2025-11-23 20:00:00+00:00,87276.7,87652.9,87175.6,87435.0,4040.626,2821.51,2835.0,2820.04,2827.08,60427.071
2025-11-23 21:00:00+00:00,87435.1,87950.0,87100.0,87945.0,4281.486,2827.09,2843.99,2815.12,2839.9,83911.259
2025-11-23 22:00:00+00:00,87944.9,88100.0,87511.6,87964.7,5157.216,2839.91,2843.45,2823.0,2836.85,71116.021
2025-11-23 23:00:00+00:00,87964.7,88049.8,86700.0,86807.7,8585.903,2836.87,2842.5,2793.19,2800.73,182826.869
2025-11-24 00:00:00+00:00,86807.6,87189.1,85915.0,86701.8,12992.239,2800.74,2802.08,2761.38,2786.69,286589.543
2025-11-24 01:00:00+00:00,86701.7,87054.0,86360.9,87033.6,6912.366,2786.68,2806.29,2776.5,2804.76,146003.297
2025-11-24 02:00:00+00:00,87033.6,88049.5,86976.8,87483.6,12188.227,2804.75,2865.3,2802.65,2839.24,443949.793
2025-11-24 03:00:00+00:00,87483.6,87756.4,87150.7,87408.8,4665.881,2839.23,2866.34,2833.7,2855.52,183784.739
2025-11-24 04:00:00+00:00,87408.7,87555.4,86400.0,86682.7,7476.253,2855.51,2869.99,2800.99,2823.71,325161.601
2025-11-24 05:00:00+00:00,86682.6,87795.9,86624.6,87425.3,7194.677,2823.7,2884.8,2821.28,2866.13,355097.672
2025-11-24 06:00:00+00:00,87425.4,87475.1,86736.9,86862.1,6034.819,2866.13,2867.65,2826.41,2837.81,232561.468
2025-11-24 07:00:00+00:00,86862.1,87311.1,86642.1,87004.6,5389.417,2837.81,2843.78,2821.49,2828.77,135248.884
2025-11-24 08:00:00+00:00,87004.6,87004.6,86674.4,86916.5,3807.19,2828.76,2841.92,2820.04,2837.37,109862.617
2025-11-24 09:00:00+00:00,86916.4,86916.4,85760.0,85913.7,10392.66,2837.38,2837.38,2786.01,2796.45,294249.121
2025-11-24 10:00:00+00:00,85913.8,86164.7,85654.1,86017.1,6800.987,2796.46,2805.75,2792.08,2797.85,107705.899
2025-11-24 11:00:00+00:00,86017.1,86409.3,85796.2,86232.5,4189.21,2797.84,2807.28,2787.56,2802.07,89250.878
2025-11-24 12:00:00+00:00,86232.5,86290.0,85840.0,85967.3,5965.959,2802.06,2810.97,2793.72,2802.24,103064.674
2025-11-24 13:00:00+00:00,85967.2,86544.2,85919.0,86114.7,6591.232,2802.25,2827.36,2801.0,2813.91,169188.911
2025-11-24 14:00:00+00:00,86114.7,86634.1,85226.4,86128.0,18662.051,2813.9,2848.28,2782.2,2831.16,557175.144
2025-11-24 15:00:00+00:00,86127.9,86700.0,85858.8,86571.0,16200.568,2831.23,2859.5,2810.86,2845.16,404808.711
2025-11-24 16:00:00+00:00,86571.1,87678.7,86571.0,87123.2,15634.382,2845.15,2875.0,2841.29,2857.46,280638.435
2025-11-24 17:00:00+00:00,87123.3,88402.7,86888.0,88314.9,14748.332,2857.47,2942.99,2855.17,2938.62,637305.501
2025-11-24 18:00:00+00:00,88315.0,88669.6,88128.4,88658.9,11677.785,2938.63,2963.0,2927.89,2955.68,426047.011
2025-11-24 19:00:00+00:00,88658.8,88788.0,87990.7,88277.0,9393.469,2955.67,2978.99,2952.17,2957.8,272761.692
2025-11-24 20:00:00+00:00,88277.1,89177.3,88277.1,89018.7,11481.904,2957.81,2986.98,2951.0,2971.25,240442.378
2025-11-24 21:00:00+00:00,89018.6,89073.3,88670.0,88713.3,4489.722,2971.25,2972.96,2944.7,2957.98,161495.767
2025-11-24 22:00:00+00:00,88713.3,89053.3,88548.6,88584.7,3532.581,2957.97,2979.42,2950.72,2959.23,86387.658
2025-11-24 23:00:00+00:00,88584.7,88650.5,88205.3,88247.1,4691.421,2959.22,2967.59,2950.43,2952.19,109593.757
2025-11-25 00:00:00+00:00,88247.1,88247.1,87825.0,88057.9,5747.562,2952.18,2952.51,2930.52,2941.98,156801.233
2025-11-25 01:00:00+00:00,88058.0,88172.6,87666.0,87687.5,4813.754,2941.97,2947.22,2916.59,2917.98,119750.978
2025-11-25 02:00:00+00:00,87687.6,87900.0,87378.8,87864.4,5197.445,2917.99,2933.52,2907.0,2929.75,175463.437
2025-11-25 03:00:00+00:00,87864.3,88014.2,87500.0,87775.1,3955.216,2929.75,2935.75,2902.5,2910.29,145987.478
2025-11-25 04:00:00+00:00,87775.0,88477.6,87739.6,88298.9,5461.34,2910.29,2941.39,2908.35,2936.06,147269.549
2025-11-25 05:00:00+00:00,88298.9,88299.0,87884.1,88078.3,2521.941,2936.05,2937.36,2916.9,2927.25,93698.889
2025-11-25 06:00:00+00:00,88078.3,88110.1,87757.8,87963.8,2699.732,2927.26,2927.63,2911.0,2921.09,96750.437
2025-11-25 07:00:00+00:00,87963.8,88022.2,87240.0,87362.2,6381.878,2921.08,2924.65,2900.01,2901.56,130379.913
2025-11-25 08:00:00+00:00,87362.2,87585.7,86959.9,86978.6,6424.0,2901.56,2907.67,2868.01,2870.19,266659.833
2025-11-25 09:00:00+00:00,86978.6,87218.3,86628.4,87194.3,9531.828,2870.18,2891.85,2863.39,2890.35,250529.887
2025-11-25 10:00:00+00:00,87194.3,87384.2,86904.7,87358.6,4882.576,2890.34,2898.57,2878.38,2896.69,130236.125
2025-11-25 11:00:00+00:00,87358.5,87488.5,87257.8,87311.9,2948.769,2896.68,2898.65,2886.7,2889.53,81025.356
2025-11-25 12:00:00+00:00,87312.0,87732.7,87310.5,87470.6,4591.709,2889.54,2931.65,2888.28,2926.0,264020.016
2025-11-25 13:00:00+00:00,87470.6,87675.0,86806.2,87027.8,8757.527,2925.99,2933.5,2896.39,2906.07,236274.368
2025-11-25 14:00:00+00:00,87027.8,87261.3,86061.1,86695.0,16137.107,2906.07,2921.17,2855.49,2879.41,471455.617
2025-11-25 15:00:00+00:00,86694.9,87267.8,86150.0,86946.5,10237.762,2879.41,2914.27,2855.0,2894.18,408254.499
2025-11-25 16:00:00+00:00,86946.6,87255.0,86661.1,87081.0,6166.56,2894.19,2936.99,2885.58,2927.66,225127.392
2025-11-25 17:00:00+00:00,87080.9,88115.0,87000.1,87581.1,9631.952,2927.65,2952.99,2918.69,2934.85,247862.72
2025-11-25 18:00:00+00:00,87581.1,87796.2,87182.3,87195.5,4601.734,2934.86,2957.0,2921.37,2922.89,163613.554
2025-11-25 19:00:00+00:00,87195.6,87300.6,86132.7,86835.0,9681.879,2922.89,2927.0,2870.03,2921.19,307418.598
2025-11-25 20:00:00+00:00,86835.1,87428.6,86660.6,87330.8,5697.656,2921.18,2942.84,2915.0,2927.73,173893.811
2025-11-25 21:00:00+00:00,87330.6,87407.1,86936.9,86993.5,3206.186,2927.73,2944.64,2921.55,2929.65,94364.343
2025-11-25 22:00:00+00:00,86993.4,87686.5,86542.0,87606.2,5786.504,2929.65,2976.61,2905.59,2968.75,220937.117
2025-11-25 23:00:00+00:00,87606.2,87869.4,87284.9,87324.1,4575.038,2968.74,2979.31,2952.5,2958.24,166483.724
2025-11-26 00:00:00+00:00,87324.1,87734.1,87315.0,87536.7,4074.701,2958.24,2971.24,2948.0,2953.08,103194.088
2025-11-26 01:00:00+00:00,87536.7,88200.0,87291.1,87878.7,4965.291,2953.07,2983.8,2943.45,2968.82,138845.428
2025-11-26 02:00:00+00:00,87878.6,88046.6,87610.0,87672.5,3416.717,2968.81,2975.39,2955.19,2955.41,73115.635
2025-11-26 03:00:00+00:00,87672.6,87852.0,87022.2,87088.5,4684.266,2955.42,2963.74,2920.26,2925.54,183510.531
2025-11-26 04:00:00+00:00,87088.4,87323.3,86851.1,87190.0,4944.626,2925.54,2937.86,2918.56,2928.9,117109.053
2025-11-26 05:00:00+00:00,87190.0,87711.1,87175.0,87479.9,3523.467,2928.9,2951.7,2928.08,2942.74,102921.296
2025-11-26 06:00:00+00:00,87479.9,87857.3,87410.1,87762.4,2809.766,2942.74,2953.81,2930.98,2944.64,115455.344
2025-11-26 07:00:00+00:00,87762.4,87947.0,87661.0,87896.2,2827.734,2944.65,2948.17,2933.35,2943.04,68142.648
2025-11-26 08:00:00+00:00,87896.2,87909.2,87368.0,87380.6,3232.013,2943.04,2949.25,2910.1,2911.83,148162.291
2025-11-26 09:00:00+00:00,87380.5,87413.9,86700.9,86799.9,5837.826,2911.82,2916.28,2900.97,2905.84,155594.924
2025-11-26 10:00:00+00:00,86799.9,87023.2,86630.0,86916.1,5046.655,2905.84,2917.0,2904.14,2912.73,121552.023
2025-11-26 11:00:00+00:00,86916.1,87062.4,86804.0,87049.2,3338.458,2912.74,2916.89,2905.93,2912.82,78771.489
2025-11-26 12:00:00+00:00,87049.1,87134.5,86260.9,86601.1,8699.878,2912.82,2916.95,2887.09,2900.0,231268.994
2025-11-26 13:00:00+00:00,86601.0,87087.3,86517.9,87082.0,6214.826,2900.01,2936.33,2898.01,2932.88,220344.198
2025-11-26 14:00:00+00:00,87082.1,87646.8,86716.0,86858.1,10907.573,2932.89,2948.54,2903.0,2909.34,335234.828
2025-11-26 15:00:00+00:00,86858.0,87318.0,86596.6,86926.2,10464.855,2909.33,2938.5,2905.91,2926.63,301231.678
2025-11-26 16:00:00+00:00,86926.3,87939.3,86914.3,87778.9,9993.612,2926.63,2958.85,2924.74,2945.15,322808.258
2025-11-26 17:00:00+00:00,87778.9,89927.6,87663.4,89792.5,22581.303,2945.16,3033.3,2938.0,3025.66,578965.512
2025-11-26 18:00:00+00:00,89792.4,90362.7,89630.3,90103.4,15698.211,3025.66,3044.46,3011.37,3032.73,371079.321
2025-11-26 19:00:00+00:00,90103.5,90150.1,89692.3,89923.3,6038.94,3032.73,3036.4,3016.1,3031.08,140437.009
2025-11-26 20:00:00+00:00,89923.3,90069.2,89458.7,89811.0,6189.541,3031.08,3031.08,3006.66,3023.19,139568.068
2025-11-26 21:00:00+00:00,89811.0,90468.4,89759.0,90142.8,5919.253,3023.2,3034.52,3014.23,3020.63,90881.722
2025-11-26 22:00:00+00:00,90142.8,90655.4,90074.6,90330.5,4457.393,3020.64,3032.35,3017.0,3026.42,67945.469
2025-11-26 23:00:00+00:00,90330.5,90555.0,90263.0,90438.1,3279.628,3026.43,3032.0,3015.91,3025.02,67287.977
2025-11-27 00:00:00+00:00,90438.0,90533.0,90024.4,90426.6,5456.217,3025.02,3046.66,3002.0,3033.75,201753.889
2025-11-27 01:00:00+00:00,90426.5,91195.1,90324.0,91094.8,8712.023,3033.75,3057.2,3026.25,3050.58,170068.877
2025-11-27 02:00:00+00:00,91094.7,91850.0,90832.2,91335.4,12868.617,3050.58,3070.0,3035.0,3035.75,284591.336
2025-11-27 03:00:00+00:00,91335.3,91557.0,91000.0,91049.3,5709.07,3035.76,3050.62,3028.0,3032.32,135140.168
2025-11-27 04:00:00+00:00,91049.3,91314.8,91013.1,91233.0,2930.915,3032.31,3052.73,3030.0,3040.15,105950.671
2025-11-27 05:00:00+00:00,91232.9,91520.0,90843.8,90932.0,5935.559,3040.14,3044.88,3015.26,3022.2,147924.377
2025-11-27 06:00:00+00:00,90932.0,91399.3,90928.8,91198.6,2945.908,3022.2,3033.3,3021.35,3026.48,68326.003
2025-11-27 07:00:00+00:00,91198.6,91461.9,91091.6,91361.5,2365.018,3026.48,3034.99,3024.65,3032.12,55865.497
2025-11-27 08:00:00+00:00,91361.4,91477.1,91177.2,91440.2,3046.426,3032.12,3034.0,3016.06,3026.85,81351.441
2025-11-27 09:00:00+00:00,91440.3,91931.9,91440.0,91523.6,7682.239,3026.85,3044.0,3024.03,3026.2,159716.756
2025-11-27 10:00:00+00:00,91523.7,91704.0,91299.0,91566.0,4691.199,3026.19,3034.74,3020.14,3032.83,90602.615
2025-11-27 11:00:00+00:00,91566.1,91577.2,91261.8,91334.9,2718.253,3032.84,3034.72,3021.89,3026.75,68028.157
2025-11-27 12:00:00+00:00,91334.9,91418.4,90914.2,90954.6,6273.668,3026.75,3028.75,2986.32,2990.24,274348.829
2025-11-27 13:00:00+00:00,90954.7,91043.1,90410.6,90813.7,10412.143,2990.23,3000.99,2987.04,2994.03,188878.67
2025-11-27 14:00:00+00:00,90813.6,90945.4,90531.1,90744.6,3948.387,2994.04,2998.26,2983.81,2994.76,123091.55
2025-11-27 15:00:00+00:00,90744.6,90943.5,90586.1,90912.9,3395.519,2994.76,3013.3,2988.5,3009.68,161350.672
2025-11-27 16:00:00+00:00,90913.0,91520.0,90800.4,91410.1,8192.379,3009.68,3026.1,3003.01,3019.35,145932.318
2025-11-27 17:00:00+00:00,91410.0,91597.8,91252.0,91431.0,3028.19,3019.34,3022.97,3011.1,3018.53,64912.147
2025-11-27 18:00:00+00:00,91430.9,91800.0,91297.3,91741.1,3943.89,3018.54,3038.0,3014.61,3035.99,104423.449
2025-11-27 19:00:00+00:00,91741.0,91741.0,91456.6,91489.0,2026.573,3035.99,3036.16,3025.33,3030.48,55139.447
2025-11-27 20:00:00+00:00,91489.0,91554.8,91353.0,91387.6,1644.488,3030.49,3043.5,3028.55,3037.38,66393.918
2025-11-27 21:00:00+00:00,91387.6,91562.8,91156.4,91373.4,1851.839,3037.39,3042.82,3028.09,3030.82,54346.45
2025-11-27 22:00:00+00:00,91373.5,91550.0,91058.4,91285.0,2033.995,3030.82,3033.45,3002.0,3009.41,91009.589
2025-11-27 23:00:00+00:00,91285.0,91524.0,91173.9,91292.2,1872.717,3009.41,3022.44,3006.0,3013.8,59876.711
2025-11-28 00:00:00+00:00,91292.2,91386.6,91023.4,91173.3,1933.464,3013.81,3023.16,3007.81,3013.51,57133.319
2025-11-28 01:00:00+00:00,91173.2,91173.3,90750.0,90754.3,3980.413,3013.51,3015.4,2992.1,2996.78,136873.234
2025-11-28 02:00:00+00:00,90754.3,91111.5,90612.2,91035.7,5368.834,2996.78,3014.0,2994.45,3010.8,97081.423
2025-11-28 03:00:00+00:00,91035.8,91266.0,90955.5,91168.0,2474.445,3010.81,3013.8,3000.17,3007.19,71651.806
2025-11-28 04:00:00+00:00,91168.0,91450.0,91084.5,91381.4,2347.394,3007.19,3018.58,3004.22,3016.0,71570.947
2025-11-28 05:00:00+00:00,91381.5,91690.0,91258.9,91576.6,3477.922,3016.0,3028.0,3013.67,3022.97,96623.646
2025-11-28 06:00:00+00:00,91576.7,91576.7,91117.1,91255.3,3145.946,3022.97,3022.97,3000.9,3008.34,92291.515
2025-11-28 07:00:00+00:00,91255.3,91529.9,90824.1,90870.2,4539.641,3008.34,3022.0,2998.4,3000.14,120982.993
2025-11-28 08:00:00+00:00,90870.2,91680.0,90863.6,91649.9,6396.331,3000.13,3080.0,2999.7,3063.61,356308.938
2025-11-28 09:00:00+00:00,91649.9,91855.0,91369.6,91560.8,4769.501,3063.61,3071.81,3047.1,3054.09,185455.224
2025-11-28 10:00:00+00:00,91560.9,91830.6,91434.1,91802.8,2772.559,3054.09,3062.38,3045.84,3059.27,96133.836
2025-11-28 11:00:00+00:00,91802.7,92000.0,91007.4,91382.9,7651.013,3059.28,3060.76,3015.31,3032.44,205907.22
2025-11-28 12:00:00+00:00,91383.0,91647.5,91351.4,91468.4,2874.52,3032.44,3044.78,3030.93,3034.82,73919.36
2025-11-28 13:00:00+00:00,91468.6,92679.3,91314.4,92329.2,13541.666,3034.82,3087.99,3024.34,3072.56,272229.566
2025-11-28 14:00:00+00:00,92329.2,93080.0,91770.0,92202.1,21397.368,3072.56,3099.0,3050.01,3065.46,446962.118
2025-11-28 15:00:00+00:00,92202.0,92743.6,91919.4,92299.9,10309.245,3065.46,3090.57,3053.93,3071.77,309457.291
2025-11-28 16:00:00+00:00,92299.8,92323.6,90815.2,90880.1,15227.043,3071.77,3072.53,3020.0,3023.67,332721.537
2025-11-28 17:00:00+00:00,90880.1,91162.9,90155.0,90620.5,15459.65,3023.67,3042.99,3009.36,3033.6,302835.128
2025-11-28 18:00:00+00:00,90621.2,90935.0,90368.9,90787.8,7162.159,3033.6,3047.7,3022.61,3041.15,148013.187
2025-11-28 19:00:00+00:00,90787.8,91163.5,90778.2,91106.1,3397.321,3041.14,3059.85,3035.81,3048.5,117156.508
2025-11-28 20:00:00+00:00,91106.0,91176.7,90816.0,91147.6,2545.229,3048.5,3056.38,3034.0,3054.54,96198.547
2025-11-28 21:00:00+00:00,91147.5,91209.0,90831.6,90831.8,1813.325,3054.54,3058.39,3034.59,3035.03,59450.09
2025-11-28 22:00:00+00:00,90831.7,91106.9,90657.6,91073.5,2808.4,3035.02,3041.49,3018.2,3038.27,93662.01
2025-11-28 23:00:00+00:00,91073.5,91145.0,90840.0,90847.8,1526.958,3038.27,3044.0,3028.65,3029.8,38354.164
2025-11-29 00:00:00+00:00,90847.8,90930.3,90720.6,90837.5,1558.016,3029.8,3038.23,3028.3,3034.49,40480.888
2025-11-29 01:00:00+00:00,90837.4,91078.4,90750.1,90839.2,1387.66,3034.5,3051.46,3030.8,3036.96,66685.428
2025-11-29 02:00:00+00:00,90839.3,90888.4,90500.0,90751.4,2983.456,3036.97,3039.43,3022.3,3029.29,57812.22
2025-11-29 03:00:00+00:00,90751.4,90829.0,90616.8,90638.0,1124.769,3029.3,3034.94,3016.02,3021.51,63784.597
2025-11-29 04:00:00+00:00,90638.1,90877.0,90505.3,90859.6,1527.6,3021.51,3044.24,3018.36,3039.18,80012.505
2025-11-29 05:00:00+00:00,90859.5,90884.8,90683.9,90712.5,1261.848,3039.18,3041.95,3029.86,3031.61,45673.329
2025-11-29 06:00:00+00:00,90712.5,90790.4,90265.2,90513.3,4593.029,3031.61,3037.45,2989.12,3005.71,303448.503
2025-11-29 07:00:00+00:00,90513.3,90625.0,90327.0,90523.5,1897.926,3005.71,3012.92,2993.4,3003.23,91244.331
2025-11-29 08:00:00+00:00,90523.4,90691.5,90430.5,90592.6,1995.209,3003.22,3009.85,2999.62,3006.78,60325.81
2025-11-29 09:00:00+00:00,90592.6,90631.8,90455.5,90518.1,1198.388,3006.77,3008.85,2996.19,3000.29,58368.943
2025-11-29 10:00:00+00:00,90518.1,90610.0,90335.2,90510.2,1668.397,3000.3,3006.34,2982.3,2995.65,137835.078
2025-11-29 11:00:00+00:00,90510.2,90645.6,90414.0,90633.7,1423.016,2995.66,3000.0,2990.32,2998.45,89014.259
2025-11-29 12:00:00+00:00,90633.8,90769.3,90484.3,90572.5,1740.065,2998.45,3000.0,2990.88,2995.5,79582.436
2025-11-29 13:00:00+00:00,90572.6,90769.8,90543.8,90738.5,1831.865,2995.49,3000.0,2991.0,2996.87,56327.976
2025-11-29 14:00:00+00:00,90738.5,90738.5,90572.8,90582.2,1251.446,2996.87,2997.34,2985.4,2987.1,95529.244
2025-11-29 15:00:00+00:00,90582.2,91068.1,90582.2,91030.0,3932.194,2987.09,3015.0,2987.09,3006.0,166756.91
2025-11-29 16:00:00+00:00,91030.0,91130.0,90821.4,90962.1,2347.701,3006.0,3011.1,2996.92,3002.02,62116.715
2025-11-29 17:00:00+00:00,90962.1,90985.0,90381.1,90381.2,4017.276,3002.02,3003.54,2964.31,2968.63,239584.519
2025-11-29 18:00:00+00:00,90381.1,90685.9,90092.7,90652.9,6716.804,2968.64,2997.0,2960.01,2993.51,237764.384
2025-11-29 19:00:00+00:00,90652.9,90819.9,90562.7,90602.9,1721.036,2993.51,2999.0,2982.57,2987.49,73418.322
2025-11-29 20:00:00+00:00,90602.9,91007.4,90363.0,90921.7,3814.515,2987.49,2997.84,2981.64,2996.21,47477.115
2025-11-29 21:00:00+00:00,90921.8,91020.0,90773.6,90970.0,1991.457,2996.22,2997.87,2980.8,2992.84,44608.868
2025-11-29 22:00:00+00:00,90970.0,90970.0,90666.0,90717.2,1321.344,2992.83,2994.48,2982.42,2987.72,32623.894
2025-11-29 23:00:00+00:00,90717.2,90859.2,90653.0,90765.0,891.662,2987.72,2992.92,2984.36,2987.96,27916.169
2025-11-30 00:00:00+00:00,90764.9,90907.3,90730.0,90853.6,1130.577,2987.96,2998.46,2986.76,2995.86,33722.395
2025-11-30 01:00:00+00:00,90853.6,91016.0,90825.9,90866.0,1360.241,2995.87,3011.97,2994.75,3003.81,64508.385
2025-11-30 02:00:00+00:00,90866.0,90994.1,90700.0,90745.2,1124.351,3003.81,3010.99,2989.01,2989.99,57068.47
2025-11-30 03:00:00+00:00,90745.2,90881.1,90414.0,90873.0,3124.09,2989.98,3004.68,2974.0,3000.44,132497.267
2025-11-30 04:00:00+00:00,90872.9,90935.8,90741.1,90808.2,1021.987,3000.44,3002.28,2994.09,2997.0,33426.948
2025-11-30 05:00:00+00:00,90808.1,90808.1,90626.2,90742.7,930.053,2997.0,2997.08,2984.2,2990.61,75194.69
2025-11-30 06:00:00+00:00,90742.7,90898.3,90675.1,90853.0,969.939,2990.61,2999.11,2985.37,2996.47,46761.875
2025-11-30 07:00:00+00:00,90853.0,90999.4,90815.9,90924.5,1338.834,2996.46,3007.5,2994.7,3003.54,53378.53
2025-11-30 08:00:00+00:00,90924.5,91428.2,90879.3,91132.5,5405.787,3003.54,3019.29,3000.86,3005.53,109208.471
2025-11-30 09:00:00+00:00,91132.6,91580.0,91065.9,91353.5,5132.751,3005.53,3013.77,3003.04,3008.22,53849.466
2025-11-30 10:00:00+00:00,91353.3,91416.4,91143.6,91185.4,1681.031,3008.23,3009.98,3004.25,3007.93,29954.867
2025-11-30 11:00:00+00:00,91185.4,91347.5,90926.3,91000.9,2044.542,3007.93,3016.0,2996.69,3001.76,71914.567
2025-11-30 12:00:00+00:00,91000.9,91495.7,90960.0,91432.4,3567.315,3001.77,3032.4,2998.38,3024.59,146170.709
2025-11-30 13:00:00+00:00,91432.3,91934.4,91356.8,91726.9,7346.136,3024.59,3052.21,3021.08,3047.93,243114.19
2025-11-30 14:00:00+00:00,91726.9,91734.5,91208.8,91459.7,3398.219,3047.93,3049.99,3026.01,3036.65,129510.073
2025-11-30 15:00:00+00:00,91459.7,91577.0,91278.0,91405.8,2149.771,3036.64,3036.64,3023.09,3027.65,81074.267
2025-11-30 16:00:00+00:00,91405.9,91818.8,91364.3,91789.4,3168.217,3027.65,3048.44,3027.05,3042.75,95965.423
2025-11-30 17:00:00+00:00,91789.5,91789.5,91270.0,91444.1,2771.768,3042.74,3043.64,3030.12,3039.86,71959.149
2025-11-30 18:00:00+00:00,91444.1,91444.1,91088.1,91420.3,1989.107,3039.87,3040.34,3027.13,3035.91,39254.396
2025-11-30 19:00:00+00:00,91420.2,91461.3,91259.2,91423.2,1028.572,3035.9,3039.87,3028.34,3033.44,40774.553
2025-11-30 20:00:00+00:00,91423.1,91592.3,91133.6,91272.7,1744.664,3033.45,3040.0,3021.15,3027.84,52560.767
2025-11-30 21:00:00+00:00,91272.7,91293.2,90825.1,91139.1,3563.684,3027.83,3028.2,3013.04,3021.11,74735.264
2025-11-30 22:00:00+00:00,91139.0,91300.0,91000.9,91178.9,1585.663,3021.12,3035.71,3018.05,3032.21,51283.479
2025-11-30 23:00:00+00:00,91179.0,91213.2,90300.0,90320.6,8562.419,3032.23,3034.07,2988.28,2990.02,190951.099
2025-12-01 00:00:00+00:00,90320.5,90396.9,86939.6,86970.7,43263.872,2990.02,2998.84,2830.0,2834.82,1074890.943
2025-12-01 01:00:00+00:00,86970.6,87713.9,86900.0,87134.0,14009.8,2834.82,2859.5,2832.04,2849.42,294904.777
2025-12-01 02:00:00+00:00,87134.0,87472.1,86428.7,86685.6,13283.858,2849.42,2872.99,2824.6,2836.79,394336.898
2025-12-01 03:00:00+00:00,86685.7,86791.2,86126.0,86319.2,9665.362,2836.8,2841.86,2812.5,2824.8,289533.654
2025-12-01 04:00:00+00:00,86319.1,86331.1,85666.0,85767.7,10853.729,2824.81,2827.0,2805.55,2820.82,221890.246
2025-12-01 05:00:00+00:00,85767.7,85979.0,85563.7,85966.9,7100.667,2820.81,2830.0,2808.68,2826.77,170311.649
2025-12-01 06:00:00+00:00,85966.8,86314.4,85929.5,86189.9,8181.552,2826.77,2834.77,2821.22,2823.52,94888.049
2025-12-01 07:00:00+00:00,86190.0,86524.6,86006.8,86487.6,5673.479,2823.51,2843.42,2818.48,2838.44,135679.053
2025-12-01 08:00:00+00:00,86487.3,86842.0,86339.5,86811.0,5624.916,2838.43,2844.72,2830.65,2838.87,101767.662
2025-12-01 09:00:00+00:00,86811.0,86886.0,86459.1,86659.1,4945.855,2838.86,2854.56,2827.0,2837.88,217692.121
2025-12-01 10:00:00+00:00,86659.2,86770.5,86500.8,86599.0,2313.357,2837.88,2844.82,2835.68,2841.89,85243.575
2025-12-01 11:00:00+00:00,86599.0,86658.0,86090.0,86100.1,6891.388,2841.9,2848.75,2833.86,2836.48,119910.471
2025-12-01 12:00:00+00:00,86100.0,86193.0,84700.1,85396.2,22053.365,2836.48,2838.11,2791.0,2819.53,414929.865
2025-12-01 13:00:00+00:00,85396.3,86129.8,85310.2,85943.2,13416.465,2819.52,2838.98,2802.94,2812.03,298834.003
2025-12-01 14:00:00+00:00,85943.7,86625.0,85810.6,86017.3,16433.755,2812.03,2831.07,2804.15,2816.84,251771.492
2025-12-01 15:00:00+00:00,86017.4,86089.9,83786.0,84650.0,31532.32,2816.85,2819.28,2718.07,2745.01,916398.499
2025-12-01 16:00:00+00:00,84650.0,85436.6,84011.0,84540.3,20660.477,2745.01,2755.74,2718.63,2730.64,377600.053
2025-12-01 17:00:00+00:00,84540.4,85236.6,84414.1,84902.8,8904.094,2730.65,2751.87,2727.35,2738.13,171094.915
2025-12-01 18:00:00+00:00,84902.6,85528.7,84677.8,85159.2,11362.663,2738.12,2756.93,2722.99,2748.36,227855.333
2025-12-01 19:00:00+00:00,85159.1,85262.3,84566.4,84985.0,5679.577,2748.36,2752.56,2729.04,2739.58,123051.253
2025-12-01 20:00:00+00:00,84985.0,85801.5,84966.8,85474.1,11259.289,2739.57,2768.39,2738.97,2756.86,225156.123
2025-12-01 21:00:00+00:00,85474.1,86462.7,85456.0,86380.1,12408.489,2756.87,2797.59,2754.75,2790.68,257644.761
2025-12-01 22:00:00+00:00,86380.1,86817.0,86238.1,86518.2,6600.985,2790.68,2812.68,2790.0,2795.65,156840.41
2025-12-01 23:00:00+00:00,86518.4,86778.0,86200.0,86241.6,4727.852,2795.66,2818.0,2795.31,2797.47,119604.915
2025-12-02 00:00:00+00:00,86241.5,86630.1,86140.1,86472.0,4710.893,2797.48,2803.77,2781.38,2794.29,143344.172
2025-12-02 01:00:00+00:00,86471.9,87384.0,86346.1,86409.9,9038.996,2794.29,2825.57,2791.55,2793.9,169234.128
2025-12-02 02:00:00+00:00,86409.9,86823.0,86223.2,86501.2,4338.017,2793.9,2813.0,2783.7,2799.69,112151.851
2025-12-02 03:00:00+00:00,86501.1,87066.5,86159.9,86936.0,5559.273,2799.69,2809.45,2783.78,2803.25,118101.035
2025-12-02 04:00:00+00:00,86935.9,87245.9,86859.2,86924.9,4311.149,2803.24,2813.29,2802.26,2803.84,76681.026
2025-12-02 05:00:00+00:00,86924.8,87081.4,86772.0,86968.7,2698.348,2803.84,2805.66,2796.0,2801.99,59741.769
2025-12-02 06:00:00+00:00,86968.6,87148.7,86820.0,87043.7,2677.164,2801.99,2814.8,2796.25,2811.72,73492.681
2025-12-02 07:00:00+00:00,87043.7,87075.0,86834.5,86965.0,2293.045,2811.73,2813.42,2801.29,2804.2,57536.283
2025-12-02 08:00:00+00:00,86965.0,87018.1,86321.0,86438.0,8634.229,2804.2,2805.52,2780.6,2797.19,166555.961
2025-12-02 09:00:00+00:00,86438.1,86964.1,86416.7,86734.4,4493.427,2797.19,2810.98,2794.0,2796.6,98244.299
2025-12-02 10:00:00+00:00,86734.4,87640.0,86724.4,87241.8,6046.356,2796.6,2834.02,2796.33,2821.71,180739.074
2025-12-02 11:00:00+00:00,87241.8,87576.5,86908.8,87326.9,5394.849,2821.72,2829.46,2814.81,2824.67,117093.964
2025-12-02 12:00:00+00:00,87327.0,87516.0,87130.3,87225.6,4157.198,2824.68,2830.28,2815.0,2826.48,88044.622
2025-12-02 13:00:00+00:00,87225.6,87870.2,87005.0,87691.3,8505.955,2826.48,2847.3,2820.84,2842.95,206870.029
2025-12-02 14:00:00+00:00,87691.2,89246.1,87560.0,89225.1,28304.844,2842.95,2909.27,2838.97,2893.69,661811.967
2025-12-02 15:00:00+00:00,89225.1,91211.3,89225.0,90809.2,37597.047,2893.69,3026.04,2892.35,3005.55,1070021.864
2025-12-02 16:00:00+00:00,90809.2,91309.4,90156.4,90713.9,17983.841,3005.55,3024.21,2985.13,2994.08,516287.852
2025-12-02 17:00:00+00:00,90713.8,91969.0,90698.7,91417.5,17158.288,2994.09,3034.94,2992.6,3014.36,319416.71
2025-12-02 18:00:00+00:00,91417.5,92253.7,91299.9,91905.0,12393.917,3014.36,3032.53,3006.15,3012.38,202066.925
2025-12-02 19:00:00+00:00,91905.0,92273.2,91791.0,91849.9,7369.576,3012.38,3028.81,3011.56,3014.61,106309.505
2025-12-02 20:00:00+00:00,91849.9,91883.8,90643.5,90976.1,18067.17,3014.6,3015.78,2970.04,2978.68,258512.013
2025-12-02 21:00:00+00:00,90976.1,91573.6,90904.3,91500.2,5518.836,2978.68,2996.68,2976.0,2993.85,87416.753
2025-12-02 22:00:00+00:00,91500.2,91970.4,91443.5,91932.7,6609.794,2993.85,3020.0,2993.52,3016.32,105444.275
2025-12-02 23:00:00+00:00,91932.7,91943.6,91231.0,91249.1,4238.953,3016.32,3017.26,2989.93,2994.63,85872.095
2025-12-03 00:00:00+00:00,91249.1,91716.0,90954.8,91620.3,6354.318,2994.63,3007.38,2983.76,3001.72,114315.615
2025-12-03 01:00:00+00:00,91620.3,92465.6,91418.7,92215.3,7931.3,3001.72,3027.32,2997.75,3014.27,130589.959
2025-12-03 02:00:00+00:00,92215.5,93020.0,92101.2,92784.2,11534.707,3014.27,3048.0,3012.42,3029.46,238640.6
2025-12-03 03:00:00+00:00,92784.1,93068.9,92545.6,92589.2,4788.019,3029.47,3036.66,3019.66,3029.08,93603.884
2025-12-03 04:00:00+00:00,92589.2,93456.0,92578.0,93302.2,9846.885,3029.07,3063.0,3028.05,3055.21,197834.997
2025-12-03 05:00:00+00:00,93302.1,93632.5,93051.9,93591.0,9868.355,3055.21,3069.46,3045.63,3057.19,177476.096
2025-12-03 06:00:00+00:00,93591.1,93932.7,93092.5,93386.0,11294.072,3057.18,3084.34,3053.0,3065.36,251003.521
2025-12-03 07:00:00+00:00,93386.0,93418.6,92820.0,92969.9,6957.4,3065.36,3067.11,3050.15,3056.41,111797.386
2025-12-03 08:00:00+00:00,92970.0,93147.8,92636.6,92740.8,6387.022,3056.41,3059.85,3041.95,3049.86,113760.436
2025-12-03 09:00:00+00:00,92740.8,93179.7,92672.3,93132.1,5292.068,3049.86,3062.0,3044.21,3059.04,91085.812
2025-12-03 10:00:00+00:00,93132.1,93338.4,92807.3,92899.9,5446.204,3059.04,3079.15,3048.89,3054.55,138637.857
2025-12-03 11:00:00+00:00,92899.9,93009.8,92602.8,92957.7,4242.624,3054.56,3076.96,3048.48,3071.95,133905.488
2025-12-03 12:00:00+00:00,92957.6,93069.7,92637.9,92882.3,4066.967,3071.94,3085.49,3065.74,3080.16,177444.343
2025-12-03 13:00:00+00:00,92882.2,93225.4,92828.6,93077.6,5017.27,3080.15,3094.99,3076.02,3088.79,180697.244
2025-12-03 14:00:00+00:00,93077.7,93653.6,91637.4,92300.0,36289.083,3088.79,3145.14,3030.0,3074.79,1146482.242
2025-12-03 15:00:00+00:00,92300.0,92943.4,91873.9,92332.9,13040.258,3074.8,3108.68,3055.0,3084.84,384710.146
2025-12-03 16:00:00+00:00,92333.0,92712.8,91733.2,92212.4,8735.712,3084.84,3106.51,3062.72,3086.99,221699.01
2025-12-03 17:00:00+00:00,92212.4,93000.0,92159.9,92919.5,8980.413,3086.99,3132.37,3086.0,3126.38,226741.881
2025-12-03 18:00:00+00:00,92919.4,93471.1,92315.3,92584.8,9731.934,3126.39,3141.17,3103.0,3113.76,223542.024
2025-12-03 19:00:00+00:00,92584.8,93062.9,92489.3,92995.8,3242.163,3113.76,3131.88,3109.66,3126.78,99711.713
2025-12-03 20:00:00+00:00,92995.8,93345.3,92784.3,92928.2,4208.583,3126.79,3161.62,3115.6,3136.82,213363.488
2025-12-03 21:00:00+00:00,92928.8,93725.0,92801.0,93645.0,4692.065,3136.83,3169.0,3127.06,3163.09,213193.844
2025-12-03 22:00:00+00:00,93645.0,94185.0,93232.8,93738.4,7360.675,3163.08,3198.0,3141.82,3188.42,328137.815
2025-12-03 23:00:00+00:00,93738.5,94061.2,93297.8,93376.7,5990.22,3188.43,3216.53,3177.16,3187.07,252872.653
2025-12-04 00:00:00+00:00,93376.8,93431.8,92628.0,93013.9,7217.528,3187.08,3206.0,3172.75,3196.48,209515.874
2025-12-04 01:00:00+00:00,93013.9,93725.0,92940.4,93150.0,5626.738,3196.49,3239.27,3193.31,3201.23,388290.135
2025-12-04 02:00:00+00:00,93150.0,94040.0,93072.8,93896.1,6764.568,3201.24,3224.66,3197.03,3219.99,142119.887
2025-12-04 03:00:00+00:00,93896.1,94038.8,93351.0,93499.9,4892.482,3220.0,3227.72,3203.27,3208.57,86059.027
2025-12-04 04:00:00+00:00,93500.0,93549.2,93170.0,93317.8,2876.026,3208.57,3218.0,3186.09,3190.84,147542.578
2025-12-04 05:00:00+00:00,93317.8,93339.7,92737.0,92932.4,4737.601,3190.84,3193.62,3170.06,3184.09,195707.213
2025-12-04 06:00:00+00:00,92932.4,93333.0,92800.1,93103.1,5104.689,3184.1,3219.33,3179.44,3203.81,202617.514
2025-12-04 07:00:00+00:00,93103.0,93386.6,92852.4,93358.6,3283.133,3203.81,3204.72,3179.02,3189.02,155575.79
2025-12-04 08:00:00+00:00,93358.5,93578.4,93002.5,93220.7,3639.549,3189.01,3195.88,3173.45,3183.0,110920.131
2025-12-04 09:00:00+00:00,93220.7,93600.0,93201.0,93408.6,4173.181,3183.01,3207.59,3181.72,3198.64,102865.047
2025-12-04 10:00:00+00:00,93408.6,93531.7,93111.1,93210.7,3032.719,3198.65,3202.64,3183.55,3187.28,70649.771
2025-12-04 11:00:00+00:00,93210.7,93269.5,92666.1,92894.9,5479.818,3187.28,3193.66,3175.55,3185.09,96974.023
2025-12-04 12:00:00+00:00,92894.9,93155.0,92725.4,92947.9,3391.405,3185.09,3192.67,3171.56,3175.42,99939.218
2025-12-04 13:00:00+00:00,92947.8,93011.4,92366.0,92480.4,9296.97,3175.41,3189.62,3154.27,3169.39,270392.54
2025-12-04 14:00:00+00:00,92480.4,92788.1,91762.0,91859.4,11574.866,3169.39,3187.66,3138.15,3143.01,338848.603
2025-12-04 15:00:00+00:00,91859.3,93256.3,91845.8,92933.5,14481.987,3143.0,3227.66,3142.47,3206.56,499922.166
2025-12-04 16:00:00+00:00,92933.4,93143.4,92220.0,92390.0,8874.472,3206.56,3225.0,3157.14,3167.16,437082.218
2025-12-04 17:00:00+00:00,92389.9,92500.0,91700.0,92384.5,8394.73,3167.16,3174.1,3131.01,3159.2,271433.192
2025-12-04 18:00:00+00:00,92384.6,92516.8,91909.8,92093.4,4692.856,3159.21,3164.07,3131.18,3139.7,159289.86
2025-12-04 19:00:00+00:00,92093.4,92140.5,90822.5,91941.5,16520.762,3139.7,3140.98,3064.81,3117.66,586839.72
2025-12-04 20:00:00+00:00,91941.5,92500.0,91649.8,92431.7,5934.234,3117.66,3144.59,3104.05,3139.53,189937.423
2025-12-04 21:00:00+00:00,92431.8,92676.8,92036.1,92111.2,3212.793,3139.53,3150.47,3117.11,3122.0,112047.647
2025-12-04 22:00:00+00:00,92111.2,92458.3,92103.2,92295.5,1882.988,3121.99,3148.17,3121.92,3142.57,74881.578
2025-12-04 23:00:00+00:00,92295.5,92419.6,92022.3,92034.7,1686.332,3142.58,3143.15,3126.77,3132.01,51647.956
2025-12-05 00:00:00+00:00,92034.7,92444.0,92015.0,92259.9,2038.607,3132.01,3156.5,3131.05,3145.22,98716.272
2025-12-05 01:00:00+00:00,92259.8,92566.0,92188.8,92322.2,2356.135,3145.23,3169.68,3142.02,3162.09,101187.802
2025-12-05 02:00:00+00:00,92322.1,92665.5,92215.0,92476.1,2597.816,3162.08,3188.0,3154.68,3181.68,124374.625
2025-12-05 03:00:00+00:00,92476.1,92625.0,91917.7,92104.9,3964.294,3181.68,3192.72,3165.0,3169.61,106190.442
2025-12-05 04:00:00+00:00,92104.8,92350.0,91750.6,91985.5,4493.546,3169.61,3180.64,3150.43,3167.17,168593.9
2025-12-05 05:00:00+00:00,91985.6,92164.5,91829.6,91902.6,2250.834,3167.18,3172.64,3151.18,3154.8,76587.775
2025-12-05 06:00:00+00:00,91902.7,92244.8,91865.3,92235.6,2391.333,3154.8,3176.1,3154.8,3167.65,75532.179
2025-12-05 07:00:00+00:00,92235.6,92455.4,92158.5,92227.5,3170.626,3167.65,3181.64,3164.87,3172.47,115508.04
2025-12-05 08:00:00+00:00,92227.6,92227.6,91857.6,92080.0,2574.718,3172.47,3172.47,3140.35,3153.87,139251.14
2025-12-05 09:00:00+00:00,92079.9,92080.0,90940.4,91086.4,9970.684,3153.88,3154.1,3106.01,3120.39,345122.638
2025-12-05 10:00:00+00:00,91086.4,91456.8,91042.8,91240.1,5076.979,3120.39,3147.66,3119.06,3133.4,191631.365
2025-12-05 11:00:00+00:00,91240.0,91527.3,91081.1,91307.9,3929.661,3133.41,3142.0,3107.17,3130.0,208376.027
2025-12-05 12:00:00+00:00,91308.0,91388.7,91015.7,91194.6,2561.365,3129.99,3134.14,3116.3,3126.49,94424.584
2025-12-05 13:00:00+00:00,91194.6,91319.9,90195.3,90433.6,13668.127,3126.5,3137.12,3086.0,3097.94,363484.798
2025-12-05 14:00:00+00:00,90433.6,90706.6,89863.0,90246.0,15190.71,3097.95,3115.74,3081.09,3102.43,330740.402
2025-12-05 15:00:00+00:00,90246.0,91445.2,90210.6,90414.0,23870.942,3102.42,3157.0,3093.05,3105.39,589051.068
2025-12-05 16:00:00+00:00,90413.9,90460.0,87976.3,88757.5,39320.724,3105.39,3107.48,2996.92,3031.69,978189.357
2025-12-05 17:00:00+00:00,88757.6,89509.6,88558.8,89279.3,11156.765,3031.69,3039.0,3005.2,3032.04,276448.718
2025-12-05 18:00:00+00:00,89279.3,89750.6,88839.0,88894.9,9004.25,3032.05,3062.49,3002.4,3006.13,321461.628
2025-12-05 19:00:00+00:00,88895.0,89762.0,88773.6,89590.5,6965.468,3006.14,3046.8,2978.0,3037.09,335066.473
2025-12-05 20:00:00+00:00,89590.5,89706.0,89150.0,89267.8,4901.363,3037.09,3047.8,3013.14,3020.83,144029.507
2025-12-05 21:00:00+00:00,89267.8,89448.8,89038.8,89145.1,3041.434,3020.85,3036.14,3013.0,3018.81,86211.808
2025-12-05 22:00:00+00:00,89145.1,89335.5,88856.7,89199.3,2748.884,3018.81,3031.39,3008.1,3025.43,47546.641
2025-12-05 23:00:00+00:00,89199.3,89342.0,88900.0,89288.5,1879.792,3025.44,3026.06,3005.12,3020.38,61000.821
2025-12-06 00:00:00+00:00,89288.6,89441.9,88986.1,89382.2,2867.558,3020.38,3027.67,3011.0,3024.7,52934.48
2025-12-06 01:00:00+00:00,89382.2,89468.3,89160.9,89295.7,2013.697,3024.71,3032.55,3017.55,3025.54,44889.863
2025-12-06 02:00:00+00:00,89296.2,89374.9,89130.1,89354.6,1865.381,3025.53,3029.35,3017.03,3027.91,47953.675
2025-12-06 03:00:00+00:00,89354.7,89758.0,89350.2,89636.5,3451.579,3027.91,3044.8,3026.44,3038.64,97435.335
2025-12-06 04:00:00+00:00,89636.5,89670.0,89468.4,89612.2,1821.073,3038.64,3041.0,3027.89,3035.04,46063.586
2025-12-06 05:00:00+00:00,89612.3,89696.7,89484.2,89556.7,1370.95,3035.04,3039.0,3030.42,3035.68,32778.817
2025-12-06 06:00:00+00:00,89556.7,89732.4,89476.2,89643.1,1411.58,3035.67,3040.68,3032.0,3037.99,36085.278
2025-12-06 07:00:00+00:00,89643.1,89680.2,89410.8,89549.6,1452.224,3038.0,3039.66,3022.98,3024.98,69974.87
2025-12-06 08:00:00+00:00,89549.5,89608.0,89165.9,89238.3,3410.824,3024.98,3034.5,3012.0,3013.02,97045.259
2025-12-06 09:00:00+00:00,89238.3,89639.3,89220.6,89532.9,2485.552,3013.02,3031.79,3012.05,3028.64,79835.248
2025-12-06 10:00:00+00:00,89533.0,89650.0,89421.9,89466.0,1288.75,3028.65,3037.0,3023.81,3029.56,42930.074
2025-12-06 11:00:00+00:00,89466.0,89679.0,89451.4,89585.4,1473.789,3029.56,3040.7,3027.0,3037.46,53763.103
2025-12-06 12:00:00+00:00,89585.4,89600.0,89512.9,89528.4,990.665,3037.46,3039.65,3028.51,3030.37,50200.737
2025-12-06 13:00:00+00:00,89528.4,89745.6,89528.3,89619.5,2026.047,3030.37,3041.78,3028.57,3034.6,42615.899
2025-12-06 14:00:00+00:00,89619.5,90257.3,89603.8,89948.6,7028.216,3034.6,3068.58,3032.9,3053.5,223666.724
2025-12-06 15:00:00+00:00,89948.7,89993.2,89424.2,89713.4,4742.672,3053.49,3054.24,3025.0,3040.1,148371.205
2025-12-06 16:00:00+00:00,89713.3,89940.3,89619.6,89660.8,1979.892,3040.1,3065.59,3039.09,3051.16,96366.569
2025-12-06 17:00:00+00:00,89660.9,89798.0,89558.1,89661.7,1641.909,3051.15,3058.88,3045.33,3054.33,51052.918
2025-12-06 18:00:00+00:00,89661.8,89751.9,89475.4,89610.0,1202.162,3054.33,3054.96,3036.55,3040.65,48241.368
2025-12-06 19:00:00+00:00,89609.9,89710.1,89203.0,89369.4,3799.482,3040.65,3047.1,3023.0,3029.03,77064.857
2025-12-06 20:00:00+00:00,89369.5,89527.4,89277.9,89509.5,1154.732,3029.04,3040.37,3028.76,3038.42,29496.027
2025-12-06 21:00:00+00:00,89509.4,89578.3,89351.7,89377.3,956.32,3038.41,3043.75,3035.0,3041.42,37309.463
2025-12-06 22:00:00+00:00,89377.2,89487.8,89212.3,89245.1,1406.096,3041.43,3053.99,3035.76,3040.63,37858.839
2025-12-06 23:00:00+00:00,89245.1,89293.4,88870.1,89197.1,4985.717,3040.63,3042.0,3024.35,3036.53,74678.964
2025-12-07 00:00:00+00:00,89197.1,89520.0,89131.5,89354.3,1987.394,3036.53,3047.98,3030.65,3043.5,47774.223
2025-12-07 01:00:00+00:00,89354.3,89543.8,89251.0,89251.0,1179.488,3043.49,3051.3,3040.05,3041.46,50090.61
2025-12-07 02:00:00+00:00,89251.0,89656.2,89251.0,89580.1,1230.354,3041.45,3056.6,3041.07,3052.35,38175.433
2025-12-07 03:00:00+00:00,89580.1,89704.5,89505.6,89675.6,1351.149,3052.34,3055.4,3047.96,3052.58,35106.209
2025-12-07 04:00:00+00:00,89675.7,89750.0,89439.6,89495.2,1622.61,3052.57,3056.78,3042.0,3045.08,39000.271
2025-12-07 05:00:00+00:00,89495.2,89525.6,89380.0,89469.2,1180.964,3045.09,3048.32,3042.33,3043.14,24556.146
2025-12-07 06:00:00+00:00,89469.2,89668.1,89443.9,89668.1,1095.315,3043.13,3047.47,3042.01,3046.66,31738.88
2025-12-07 07:00:00+00:00,89668.1,89697.7,89155.0,89337.1,2654.707,3046.66,3049.74,3029.16,3035.91,82326.398
2025-12-07 08:00:00+00:00,89337.1,89494.4,89140.3,89269.4,2099.917,3035.9,3042.18,3026.18,3033.27,67483.576
2025-12-07 09:00:00+00:00,89269.4,89360.0,89012.9,89070.0,2208.222,3033.28,3037.9,3023.25,3029.11,59276.732
2025-12-07 10:00:00+00:00,89070.1,89359.3,89061.5,89195.5,2240.142,3029.12,3042.9,3028.43,3037.08,60414.934
2025-12-07 11:00:00+00:00,89195.6,89237.2,89101.5,89109.4,1110.743,3037.08,3041.0,3033.81,3034.52,28967.37
2025-12-07 12:00:00+00:00,89109.3,89557.9,89074.6,89428.8,2185.919,3034.52,3049.95,3033.47,3047.52,58346.547
2025-12-07 13:00:00+00:00,89428.8,89472.0,88476.0,89011.0,6537.237,3047.52,3052.8,3025.68,3030.18,128458.786
2025-12-07 14:00:00+00:00,89011.0,89069.5,87688.0,88187.5,17333.453,3030.19,3034.63,2903.75,2941.32,814339.04
2025-12-07 15:00:00+00:00,88187.5,89700.0,88129.7,89505.0,15268.952,2941.32,3040.2,2938.5,3025.82,586839.483
2025-12-07 16:00:00+00:00,89505.0,89880.0,89065.2,89849.3,6509.369,3025.83,3040.0,2997.59,3038.51,325707.878
2025-12-07 17:00:00+00:00,89849.3,91261.0,89565.2,90904.2,17768.4,3038.51,3135.39,3023.18,3111.6,638584.337
2025-12-07 18:00:00+00:00,90904.2,91722.0,90904.1,91327.6,9436.245,3111.61,3150.0,3111.46,3127.89,259938.625
2025-12-07 19:00:00+00:00,91327.7,91503.4,91170.2,91379.7,2882.26,3127.88,3141.98,3120.3,3136.77,103418.476
2025-12-07 20:00:00+00:00,91379.8,91473.2,91263.1,91392.0,1698.524,3136.77,3145.91,3130.5,3139.98,58205.592
2025-12-07 21:00:00+00:00,91392.1,91392.1,89806.0,90189.2,8900.689,3139.98,3139.98,3066.92,3083.99,254107.25
2025-12-07 22:00:00+00:00,90189.2,90204.8,88890.0,89551.8,15472.765,3084.0,3085.0,3010.0,3031.64,385136.532
2025-12-07 23:00:00+00:00,89551.7,90444.4,89473.4,90345.4,5637.187,3031.64,3063.44,3023.41,3058.14,138093.997
2025-12-08 00:00:00+00:00,90345.4,90572.2,89806.4,90302.7,4874.338,3058.14,3075.97,3038.76,3061.66,118378.567
2025-12-08 01:00:00+00:00,90302.6,91650.0,90255.8,90869.1,8511.385,3061.67,3133.69,3061.15,3097.12,290888.625
2025-12-08 02:00:00+00:00,90869.0,91415.6,90737.5,91327.0,4708.459,3097.12,3114.1,3089.96,3108.35,105481.309
2025-12-08 03:00:00+00:00,91327.0,91383.0,90947.0,91039.4,2557.201,3108.34,3119.75,3100.0,3109.65,93165.123
2025-12-08 04:00:00+00:00,91039.3,91444.1,90979.2,91247.7,2273.472,3109.65,3137.02,3107.15,3127.59,127415.571
2025-12-08 05:00:00+00:00,91247.8,91410.0,91006.3,91290.6,2725.418,3127.6,3140.15,3120.08,3129.22,102384.271
2025-12-08 06:00:00+00:00,91290.6,91612.9,91205.5,91434.6,3112.497,3129.22,3139.27,3120.97,3129.27,115619.319
2025-12-08 07:00:00+00:00,91434.6,91868.0,91310.2,91519.8,4866.371,3129.27,3136.88,3121.1,3132.62,79744.112
2025-12-08 08:00:00+00:00,91519.8,91906.6,91433.6,91782.1,3146.059,3132.61,3146.13,3123.81,3142.26,102831.643
2025-12-08 09:00:00+00:00,91782.0,92262.6,91741.6,91865.3,6317.439,3142.26,3179.99,3139.59,3157.53,266453.313
2025-12-08 10:00:00+00:00,91865.3,92181.8,91756.1,92085.8,3583.364,3157.54,3163.9,3151.37,3159.03,73250.593
2025-12-08 11:00:00+00:00,92085.8,92139.9,91806.1,91923.5,3021.586,3159.04,3162.65,3132.94,3140.61,154115.339
2025-12-08 12:00:00+00:00,91923.6,91948.4,91627.8,91729.5,4428.731,3140.61,3142.22,3121.8,3130.26,180835.228
2025-12-08 13:00:00+00:00,91729.4,92106.4,91231.7,91424.0,9313.048,3130.25,3159.87,3128.02,3144.66,246527.991
2025-12-08 14:00:00+00:00,91424.0,91753.0,90723.0,90809.0,17671.245,3144.65,3178.0,3123.05,3126.82,497487.116
2025-12-08 15:00:00+00:00,90809.1,90970.6,89553.8,89912.6,25626.172,3126.82,3137.94,3087.34,3099.69,619497.079
2025-12-08 16:00:00+00:00,89912.7,90438.8,89629.1,89929.2,11356.498,3099.69,3132.26,3090.7,3106.66,288548.863
2025-12-08 17:00:00+00:00,89929.3,90300.0,89641.9,90212.1,7388.884,3106.66,3128.0,3097.02,3119.2,165310.854
2025-12-08 18:00:00+00:00,90212.1,90471.6,89676.0,89873.5,7365.028,3119.19,3131.9,3066.17,3091.15,204653.67
2025-12-08 19:00:00+00:00,89873.5,90326.1,89805.4,90073.6,3605.142,3091.13,3127.52,3088.32,3117.55,119281.437
2025-12-08 20:00:00+00:00,90073.7,90877.1,90073.7,90745.7,5536.987,3117.56,3144.65,3117.23,3134.62,125665.308
2025-12-08 21:00:00+00:00,90745.7,91338.2,90618.0,91258.2,4937.795,3134.62,3152.0,3125.05,3144.89,104968.17
2025-12-08 22:00:00+00:00,91258.1,91333.0,90675.0,90788.6,2634.682,3144.9,3146.0,3118.44,3128.65,60961.963
2025-12-08 23:00:00+00:00,90788.6,90975.0,90439.3,90610.8,2912.938,3128.65,3136.4,3111.65,3123.14,55166.334
2025-12-09 00:00:00+00:00,90610.8,90810.8,90315.0,90359.4,3420.656,3123.15,3142.3,3112.71,3118.34,103676.615
2025-12-09 01:00:00+00:00,90359.5,90537.2,89922.4,90017.9,3959.238,3118.35,3123.08,3097.27,3105.85,106694.896
2025-12-09 02:00:00+00:00,90017.9,90338.5,89933.7,90026.1,2308.643,3105.84,3114.75,3096.04,3097.34,100695.187
2025-12-09 03:00:00+00:00,90026.1,90412.8,89774.1,90364.0,5951.351,3097.35,3128.0,3089.01,3127.99,189897.733
2025-12-09 04:00:00+00:00,90364.1,90472.9,89653.5,89875.4,6106.101,3128.0,3130.0,3102.34,3106.02,117718.166
2025-12-09 05:00:00+00:00,89875.3,90172.9,89368.9,89857.6,8536.465,3106.02,3117.5,3094.0,3106.95,86228.395
2025-12-09 06:00:00+00:00,89857.7,90200.0,89744.0,90124.8,2901.561,3106.96,3114.91,3095.01,3111.71,84565.07
2025-12-09 07:00:00+00:00,90124.8,90485.8,90048.5,90449.9,3366.722,3111.72,3125.68,3108.01,3121.57,93000.389
2025-12-09 08:00:00+00:00,90449.9,90584.8,90301.0,90459.1,3251.724,3121.58,3129.6,3113.86,3119.54,65762.39
2025-12-09 09:00:00+00:00,90459.0,90461.7,90090.5,90099.9,2835.097,3119.55,3122.21,3102.0,3104.5,101698.041
2025-12-09 10:00:00+00:00,90100.0,90307.4,89868.0,90255.7,2884.44,3104.5,3113.25,3090.0,3106.28,110678.177
2025-12-09 11:00:00+00:00,90255.6,90348.9,90089.2,90341.9,2018.344,3106.29,3119.76,3099.02,3116.91,69973.897
2025-12-09 12:00:00+00:00,90342.0,90695.6,90276.8,90532.7,4133.543,3116.91,3139.99,3112.9,3135.96,158495.082
2025-12-09 13:00:00+00:00,90532.7,90820.8,90122.0,90385.0,6568.386,3135.96,3138.97,3107.6,3115.86,196046.859
2025-12-09 14:00:00+00:00,90385.1,90597.0,89953.0,90327.1,7326.069,3115.85,3128.06,3097.0,3115.91,195709.117
2025-12-09 15:00:00+00:00,90327.1,92867.0,90244.8,92676.9,27286.767,3115.91,3256.0,3113.93,3244.91,997543.157
2025-12-09 16:00:00+00:00,92676.9,94439.0,92656.5,94146.8,31928.152,3244.92,3377.92,3244.3,3365.02,1151678.113
2025-12-09 17:00:00+00:00,94146.9,94555.0,93505.0,93884.5,18596.11,3365.02,3397.5,3355.61,3374.39,590993.22
2025-12-09 18:00:00+00:00,93884.5,94128.5,93615.8,93887.3,6657.184,3374.39,3387.32,3360.0,3374.82,176443.073
2025-12-09 19:00:00+00:00,93887.2,94221.3,93604.0,93761.9,4842.052,3374.83,3377.35,3344.74,3357.06,169984.544
2025-12-09 20:00:00+00:00,93761.9,93819.1,92724.6,93075.2,11086.571,3357.05,3360.32,3303.07,3326.21,293999.109
2025-12-09 21:00:00+00:00,93075.2,93196.7,92199.0,92591.2,8445.669,3326.21,3334.57,3283.51,3300.57,208424.891
2025-12-09 22:00:00+00:00,92591.2,92999.5,92455.0,92832.0,4636.792,3300.57,3341.78,3296.32,3326.92,141137.234
2025-12-09 23:00:00+00:00,92832.0,92933.0,92500.0,92638.4,2882.626,3326.92,3333.78,3315.04,3316.49,78729.01
2025-12-10 00:00:00+00:00,92638.3,92748.2,91999.3,92084.5,6850.321,3316.5,3327.43,3303.67,3304.58,98356.218
2025-12-10 01:00:00+00:00,92084.5,92360.0,91900.0,92269.1,4063.792,3304.59,3313.99,3286.58,3301.5,105681.998
2025-12-10 02:00:00+00:00,92269.2,92530.0,91976.3,92457.6,3730.064,3301.5,3311.62,3290.7,3309.84,98029.26
2025-12-10 03:00:00+00:00,92457.6,92519.2,92300.0,92366.0,1814.299,3309.84,3315.41,3303.93,3308.0,52201.816
2025-12-10 04:00:00+00:00,92366.0,92628.6,92339.8,92507.3,2272.461,3308.01,3325.74,3305.22,3321.18,89951.063
2025-12-10 05:00:00+00:00,92507.4,92695.5,92472.8,92508.6,1947.167,3321.18,3334.92,3313.26,3321.1,89848.252
2025-12-10 06:00:00+00:00,92508.5,92700.0,92350.0,92648.0,2318.41,3321.11,3326.99,3313.41,3324.33,48289.774
2025-12-10 07:00:00+00:00,92648.0,92749.8,92446.1,92744.7,2528.253,3324.32,3325.87,3310.0,3325.65,68225.648
2025-12-10 08:00:00+00:00,92744.7,92759.0,92500.0,92565.0,2184.791,3325.64,3332.74,3320.52,3320.53,96832.976
2025-12-10 09:00:00+00:00,92565.1,92900.0,92377.9,92870.1,3415.485,3320.54,3347.94,3313.47,3346.12,144440.186
2025-12-10 10:00:00+00:00,92870.0,93278.9,92088.0,92230.5,9489.568,3346.12,3374.93,3309.03,3310.78,345469.809
2025-12-10 11:00:00+00:00,92230.4,92396.9,91721.0,92085.5,7861.902,3310.77,3319.41,3295.56,3316.75,186077.176
2025-12-10 12:00:00+00:00,92085.4,92177.8,91779.1,91952.1,3567.028,3316.76,3326.52,3307.56,3323.04,111221.204
2025-12-10 13:00:00+00:00,91952.2,92197.3,91903.2,92054.6,3931.323,3323.04,3337.77,3317.69,3332.9,146606.686
2025-12-10 14:00:00+00:00,92054.5,92073.8,91555.8,91794.0,6843.859,3332.89,3337.91,3302.61,3317.95,203874.846
2025-12-10 15:00:00+00:00,91794.0,92124.2,91520.0,92021.8,6419.307,3317.94,3336.91,3304.86,3326.63,179965.582
2025-12-10 16:00:00+00:00,92021.8,92574.2,91846.8,92126.7,7875.898,3326.63,3368.78,3319.48,3349.99,258519.98
2025-12-10 17:00:00+00:00,92126.7,92483.2,92049.4,92348.8,3707.154,3350.0,3387.0,3345.0,3368.92,228906.976
2025-12-10 18:00:00+00:00,92348.7,93000.0,91930.4,92448.8,10782.346,3368.92,3428.63,3356.72,3380.0,440882.185
2025-12-10 19:00:00+00:00,92448.8,93223.6,91605.0,92913.8,25428.266,3380.0,3436.95,3341.0,3388.97,757626.09
2025-12-10 20:00:00+00:00,92913.9,94443.7,92182.1,92409.1,26830.645,3388.98,3446.12,3344.29,3354.17,562680.034
2025-12-10 21:00:00+00:00,92409.1,92733.3,91825.0,92308.2,8637.026,3354.17,3368.7,3328.0,3338.54,276022.77
2025-12-10 22:00:00+00:00,92308.3,92659.3,91891.7,92472.2,5427.523,3338.54,3354.29,3316.9,3345.18,148234.53
2025-12-10 23:00:00+00:00,92472.2,92557.9,91900.0,91977.5,2561.892,3345.18,3351.3,3318.88,3322.79,74069.037
2025-12-11 00:00:00+00:00,91977.5,92046.3,91011.0,91350.1,9563.395,3322.8,3326.74,3256.61,3278.35,312942.441
2025-12-11 01:00:00+00:00,91350.1,91370.2,90600.0,90637.0,9373.912,3278.36,3278.67,3242.1,3253.33,266451.094
2025-12-11 02:00:00+00:00,90637.0,90637.0,89820.0,90034.4,12068.7,3253.33,3254.96,3205.03,3209.8,311769.645
2025-12-11 03:00:00+00:00,90034.4,90034.4,89321.0,89833.1,10759.023,3209.79,3209.8,3165.0,3189.78,416596.474
2025-12-11 04:00:00+00:00,89833.1,90445.6,89640.4,90386.6,7396.863,3189.77,3214.0,3179.0,3212.91,265800.259
2025-12-11 05:00:00+00:00,90386.6,90386.6,90016.9,90262.0,3051.08,3212.93,3213.81,3192.5,3212.88,109621.709
2025-12-11 06:00:00+00:00,90262.1,90412.6,89914.2,90252.1,3534.219,3212.88,3212.89,3192.47,3201.44,105187.369
2025-12-11 07:00:00+00:00,90252.0,90287.5,90011.7,90231.4,2204.922,3201.43,3204.96,3194.08,3199.97,61669.681
2025-12-11 08:00:00+00:00,90231.3,90232.3,89931.0,90152.5,3367.179,3199.97,3200.31,3175.2,3195.56,145392.128
2025-12-11 09:00:00+00:00,90152.6,90494.7,90101.5,90196.0,3795.818,3195.57,3212.0,3191.56,3197.46,137198.56
2025-12-11 10:00:00+00:00,90196.0,90309.2,90125.7,90279.2,2067.866,3197.46,3201.94,3187.0,3194.73,78814.544
2025-12-11 11:00:00+00:00,90279.1,90377.8,90163.9,90195.3,1780.299,3194.73,3201.15,3191.29,3191.29,53809.436
2025-12-11 12:00:00+00:00,90195.3,90346.8,89972.2,90000.8,2856.743,3191.29,3206.0,3185.6,3197.71,98339.581
2025-12-11 13:00:00+00:00,90000.7,90134.6,89827.9,90062.9,3862.943,3197.7,3202.52,3186.73,3190.53,88405.187
2025-12-11 14:00:00+00:00,90062.8,90450.0,89200.0,89514.5,15218.876,3190.54,3194.66,3142.92,3158.16,532513.951
2025-12-11 15:00:00+00:00,89514.4,90618.0,89363.8,89830.1,14728.52,3158.16,3209.06,3153.28,3177.71,415522.935
2025-12-11 16:00:00+00:00,89830.1,90150.0,89288.0,89704.2,9718.449,3177.71,3196.12,3153.78,3173.9,300081.151
2025-12-11 17:00:00+00:00,89704.2,90224.9,89588.0,89935.6,5024.292,3173.89,3203.0,3166.59,3180.0,170893.401
2025-12-11 18:00:00+00:00,89935.3,91150.0,89851.0,90657.9,11918.538,3180.0,3232.89,3178.2,3202.11,338765.626
2025-12-11 19:00:00+00:00,90657.9,91499.0,90531.4,90793.5,9947.018,3202.1,3227.7,3187.59,3192.7,213020.419
2025-12-11 20:00:00+00:00,90793.5,91806.1,90749.6,91740.9,10033.899,3192.69,3225.28,3190.77,3219.86,187148.342
2025-12-11 21:00:00+00:00,91740.9,93547.3,91644.6,92823.6,22695.042,3219.86,3272.43,3212.32,3247.48,346070.477
2025-12-11 22:00:00+00:00,92823.6,93169.3,92050.3,92325.4,9337.75,3247.48,3264.35,3227.8,3236.47,131189.673
2025-12-11 23:00:00+00:00,92325.4,92766.6,92289.8,92477.5,6842.722,3236.46,3244.13,3221.0,3235.77,95759.022
2025-12-12 00:00:00+00:00,92477.6,92598.7,91400.0,91521.0,9048.371,3235.78,3245.65,3183.33,3187.61,155275.81
2025-12-12 01:00:00+00:00,91521.0,92277.0,91482.9,92129.3,5414.566,3187.61,3245.4,3187.61,3232.95,160217.369
2025-12-12 02:00:00+00:00,92129.3,92700.0,91883.3,92542.2,5075.204,3232.96,3264.78,3225.64,3257.03,144703.027
2025-12-12 03:00:00+00:00,92542.2,92719.0,92126.7,92234.3,3275.849,3257.04,3263.0,3237.09,3244.03,87652.849
2025-12-12 04:00:00+00:00,92234.3,92424.3,92088.8,92355.6,2845.316,3244.03,3250.0,3238.88,3246.01,55973.092
2025-12-12 05:00:00+00:00,92355.7,92460.0,92028.4,92404.8,2659.739,3246.0,3250.84,3230.53,3246.31,66294.53
2025-12-12 06:00:00+00:00,92404.9,92685.5,92360.9,92468.7,2953.174,3246.3,3263.5,3244.03,3252.92,111483.712
2025-12-12 07:00:00+00:00,92468.7,92528.4,92213.2,92389.5,2743.231,3252.92,3256.5,3241.38,3245.0,58709.656
2025-12-12 08:00:00+00:00,92389.5,92447.0,92052.9,92311.4,3136.686,3244.99,3249.0,3233.0,3243.81,85966.677
2025-12-12 09:00:00+00:00,92311.4,92517.6,92050.0,92481.7,2631.698,3243.8,3254.07,3231.0,3249.73,96363.528
2025-12-12 10:00:00+00:00,92481.7,92600.0,92377.3,92454.7,2273.445,3249.73,3254.74,3238.26,3242.53,69845.143
2025-12-12 11:00:00+00:00,92454.7,92454.7,92234.5,92381.5,1645.364,3242.54,3244.63,3225.02,3241.17,87790.719
2025-12-12 12:00:00+00:00,92381.4,92391.4,92036.4,92389.9,3094.955,3241.17,3248.02,3231.67,3245.91,96877.109
2025-12-12 13:00:00+00:00,92389.9,92473.7,92196.0,92261.7,2293.637,3245.9,3250.66,3236.44,3241.01,68822.64
2025-12-12 14:00:00+00:00,92261.7,92630.0,91851.0,92393.0,9491.735,3241.01,3247.13,3212.0,3229.82,251923.684
2025-12-12 15:00:00+00:00,92393.0,92407.2,89688.0,89895.0,34325.461,3229.81,3230.33,3050.0,3070.0,1297936.567
2025-12-12 16:00:00+00:00,89895.0,90397.3,89429.0,89996.8,20457.464,3070.01,3087.83,3041.1,3067.89,740606.58
2025-12-12 17:00:00+00:00,89996.8,90584.9,89777.0,90043.5,9773.241,3067.89,3098.28,3060.18,3064.76,348431.459
2025-12-12 18:00:00+00:00,90043.9,90617.7,89995.6,90323.7,6899.426,3064.77,3096.48,3063.0,3078.11,200583.895
2025-12-12 19:00:00+00:00,90323.8,90359.6,89955.6,90147.3,4768.392,3078.1,3080.87,3060.79,3071.94,161894.559
2025-12-12 20:00:00+00:00,90147.4,90286.7,89843.0,90160.0,5437.168,3071.94,3085.12,3065.79,3079.96,112498.127
2025-12-12 21:00:00+00:00,90160.0,90314.0,90059.8,90151.0,2100.107,3079.95,3089.07,3074.31,3080.0,69983.214
2025-12-12 22:00:00+00:00,90150.9,90357.5,90144.2,90294.5,1061.726,3080.0,3092.85,3078.83,3091.91,49067.207
2025-12-12 23:00:00+00:00,90294.7,90341.3,90187.4,90229.6,1438.155,3091.91,3095.0,3081.45,3083.34,37816.488
2025-12-13 00:00:00+00:00,90229.7,90398.0,90162.0,90276.9,1528.444,3083.34,3094.07,3080.53,3084.92,43015.454
2025-12-13 01:00:00+00:00,90276.9,90321.1,90077.0,90192.2,1801.067,3084.92,3089.26,3077.0,3083.19,37363.245
2025-12-13 02:00:00+00:00,90192.1,90282.0,90184.0,90195.0,1037.079,3083.19,3088.26,3082.22,3083.14,32412.472
2025-12-13 03:00:00+00:00,90194.9,90432.0,90165.3,90304.0,1224.59,3083.15,3091.85,3082.75,3088.46,39004.551
2025-12-13 04:00:00+00:00,90304.1,90379.5,90229.0,90334.8,1063.199,3088.46,3090.6,3084.16,3088.36,32674.715
2025-12-13 05:00:00+00:00,90334.8,90350.9,90226.8,90301.3,745.199,3088.36,3090.83,3082.18,3087.91,31548.271
2025-12-13 06:00:00+00:00,90301.4,90339.3,90232.3,90317.4,693.811,3087.9,3094.23,3082.99,3092.16,42740.535
2025-12-13 07:00:00+00:00,90317.5,90362.1,90274.5,90286.1,1294.391,3092.15,3093.95,3088.28,3093.19,58689.41
2025-12-13 08:00:00+00:00,90286.0,90536.0,90280.4,90413.9,3181.139,3093.2,3131.59,3090.91,3114.83,203156.451
2025-12-13 09:00:00+00:00,90414.0,90472.7,90338.0,90375.3,1107.853,3114.82,3121.22,3110.59,3116.57,71061.619
2025-12-13 10:00:00+00:00,90375.3,90599.0,90366.8,90546.7,1610.211,3116.58,3135.0,3116.2,3126.17,83164.798
2025-12-13 11:00:00+00:00,90546.7,90563.1,90239.0,90298.4,1994.163,3126.17,3127.6,3113.5,3117.99,69342.954
2025-12-13 12:00:00+00:00,90298.5,90441.9,90241.1,90309.8,1525.925,3118.0,3125.99,3107.44,3113.94,63472.15
2025-12-13 13:00:00+00:00,90309.8,90419.3,90153.6,90215.0,1941.466,3113.95,3118.36,3092.64,3108.0,116476.874
2025-12-13 14:00:00+00:00,90215.1,90305.5,89888.0,90048.5,3751.182,3108.01,3114.75,3094.36,3109.43,95957.745
2025-12-13 15:00:00+00:00,90048.5,90259.0,89999.0,90055.4,1802.831,3109.43,3122.83,3103.01,3108.1,70734.556
2025-12-13 16:00:00+00:00,90055.3,90236.6,89993.4,90054.0,1722.394,3108.1,3115.25,3099.12,3104.26,59422.267
2025-12-13 17:00:00+00:00,90054.1,90070.1,89944.0,90022.5,1281.928,3104.25,3104.45,3094.39,3099.56,47089.965
2025-12-13 18:00:00+00:00,90022.5,90163.0,90011.6,90089.1,838.651,3099.57,3109.76,3097.75,3100.42,34258.141
2025-12-13 19:00:00+00:00,90089.2,90195.6,90074.7,90150.9,733.989,3100.42,3110.42,3099.17,3107.12,21162.386
2025-12-13 20:00:00+00:00,90150.8,90187.3,90000.2,90058.4,796.766,3107.13,3108.96,3101.07,3103.03,15699.6
2025-12-13 21:00:00+00:00,90058.5,90150.0,89711.9,90137.8,2391.184,3103.04,3113.95,3075.0,3110.14,104945.693
2025-12-13 22:00:00+00:00,90137.9,90227.4,89957.3,90092.4,1163.293,3110.14,3118.99,3100.78,3112.77,45110.271
2025-12-13 23:00:00+00:00,90092.3,90248.0,90018.2,90191.3,1006.978,3112.78,3116.7,3108.17,3113.01,31795.398
2025-12-14 00:00:00+00:00,90191.3,90440.0,90071.6,90303.5,4471.692,3113.0,3121.97,3101.27,3117.8,71489.697
2025-12-14 01:00:00+00:00,90303.6,90405.0,90166.0,90256.6,1266.074,3117.8,3128.65,3113.16,3118.2,53898.787
2025-12-14 02:00:00+00:00,90256.5,90349.8,90200.0,90244.9,903.962,3118.21,3124.0,3114.33,3121.22,30645.698
2025-12-14 03:00:00+00:00,90245.0,90262.3,90200.0,90222.3,444.922,3121.22,3124.73,3115.45,3117.4,28132.853
2025-12-14 04:00:00+00:00,90222.4,90300.0,90086.0,90159.3,931.076,3117.4,3120.99,3105.0,3109.99,48693.99
2025-12-14 05:00:00+00:00,90159.3,90185.8,90005.8,90161.0,1564.205,3110.0,3113.9,3103.01,3110.35,49402.968
2025-12-14 06:00:00+00:00,90161.1,90202.0,90055.0,90105.0,752.592,3110.35,3114.15,3104.01,3109.45,21749.327
2025-12-14 07:00:00+00:00,90105.1,90235.6,90035.2,90205.1,752.066,3109.44,3116.35,3107.35,3113.78,23845.671
2025-12-14 08:00:00+00:00,90205.1,90250.0,90064.5,90072.4,940.348,3113.77,3118.72,3107.56,3109.7,38542.709
2025-12-14 09:00:00+00:00,90072.3,90112.3,89939.2,89991.4,1907.357,3109.7,3112.64,3106.13,3107.84,40560.403
2025-12-14 10:00:00+00:00,89991.4,90101.0,89740.0,89819.0,3430.77,3107.84,3111.68,3092.26,3105.98,85916.39
2025-12-14 11:00:00+00:00,89818.9,89825.0,88412.8,89308.2,18363.478,3105.97,3108.35,3048.32,3083.45,361466.61
2025-12-14 12:00:00+00:00,89308.3,89630.8,89055.4,89382.9,5797.35,3083.46,3107.0,3068.85,3096.85,215313.286
2025-12-14 13:00:00+00:00,89382.8,89459.4,89035.1,89450.5,3740.291,3096.86,3101.72,3075.67,3100.31,155230.759
2025-12-14 14:00:00+00:00,89450.4,89527.2,88838.7,89074.1,4954.839,3100.32,3107.26,3073.2,3084.43,161592.255
2025-12-14 15:00:00+00:00,89074.1,89146.6,88831.7,88985.2,2773.219,3084.43,3086.74,3069.33,3083.33,101048.414
2025-12-14 16:00:00+00:00,88985.2,89372.8,88435.0,88780.0,7360.863,3083.32,3107.0,3076.66,3096.95,150997.861
2025-12-14 17:00:00+00:00,88779.9,88991.4,88551.0,88760.7,4041.648,3096.94,3103.0,3072.67,3083.17,140078.25
2025-12-14 18:00:00+00:00,88760.7,89027.7,88666.6,88951.8,2687.242,3083.18,3102.94,3078.89,3099.94,122512.363
2025-12-14 19:00:00+00:00,88951.7,88951.8,88432.0,88598.7,3606.978,3099.94,3100.1,3083.9,3091.88,88096.965
2025-12-14 20:00:00+00:00,88598.7,88779.1,88272.2,88515.9,4214.17,3091.88,3095.84,3061.38,3081.22,228248.875
2025-12-14 21:00:00+00:00,88515.9,88672.1,88300.0,88403.7,2504.477,3081.22,3089.99,3075.42,3080.52,54716.744
2025-12-14 22:00:00+00:00,88403.6,88581.9,87920.0,88370.2,5448.732,3080.53,3088.34,3052.04,3072.66,136557.53
2025-12-14 23:00:00+00:00,88370.3,88586.8,87504.3,88118.8,9228.303,3072.67,3089.64,3022.51,3062.02,281255.903
2025-12-15 00:00:00+00:00,88118.8,88656.3,88025.3,88414.9,6845.761,3062.01,3085.0,3055.25,3073.58,195724.368
2025-12-15 01:00:00+00:00,88415.0,89291.9,88376.7,89189.1,7675.283,3073.59,3120.0,3065.06,3107.41,237567.009
2025-12-15 02:00:00+00:00,89189.0,89972.4,89180.2,89269.5,10463.711,3107.41,3150.0,3105.08,3118.46,300901.126
2025-12-15 03:00:00+00:00,89269.5,89497.2,89180.2,89239.9,2830.361,3118.46,3124.56,3106.03,3107.48,91291.031
2025-12-15 04:00:00+00:00,89240.0,89750.0,89229.5,89631.2,3284.332,3107.49,3125.51,3102.08,3122.38,92761.535
2025-12-15 05:00:00+00:00,89631.3,89713.0,89455.0,89576.9,2273.939,3122.38,3123.5,3113.57,3119.03,48925.135
2025-12-15 06:00:00+00:00,89576.9,89880.0,89428.4,89692.8,2308.575,3119.03,3143.89,3113.92,3135.96,96759.202
2025-12-15 07:00:00+00:00,89692.9,89787.1,89466.0,89703.0,3074.255,3135.96,3141.08,3121.0,3127.34,108395.858
2025-12-15 08:00:00+00:00,89702.9,89856.0,89604.8,89722.3,2342.125,3127.34,3143.64,3123.9,3138.31,98944.263
2025-12-15 09:00:00+00:00,89722.3,89940.0,89719.9,89815.6,2667.771,3138.3,3162.0,3137.7,3152.44,167345.409
2025-12-15 10:00:00+00:00,89815.7,89940.0,89640.6,89811.5,3610.907,3152.44,3177.0,3149.65,3158.73,205488.728
2025-12-15 11:00:00+00:00,89811.6,89861.9,89525.0,89606.0,3169.716,3158.72,3161.73,3144.68,3155.69,108121.413
2025-12-15 12:00:00+00:00,89606.0,89728.8,89384.5,89657.8,4316.407,3155.68,3157.9,3147.0,3154.12,101105.156
2025-12-15 13:00:00+00:00,89657.9,89699.0,89230.2,89388.0,5044.004,3154.11,3155.4,3123.84,3130.56,188191.635
2025-12-15 14:00:00+00:00,89388.1,89845.0,87800.0,88004.3,21117.372,3130.57,3145.38,3029.74,3046.75,665231.622
2025-12-15 15:00:00+00:00,88004.3,88179.4,86563.6,86996.6,36906.596,3046.75,3059.99,2985.0,3009.48,1045136.366
2025-12-15 16:00:00+00:00,86996.5,87189.9,86000.0,86360.6,17766.48,3009.48,3016.55,2966.32,2987.49,449462.146
2025-12-15 17:00:00+00:00,86360.6,86487.2,85560.0,85734.3,13698.966,2987.48,2992.66,2931.0,2935.41,451795.751
2025-12-15 18:00:00+00:00,85734.2,86240.8,85073.0,86142.7,15236.983,2935.41,2941.6,2890.51,2936.16,533661.793
2025-12-15 19:00:00+00:00,86142.7,86521.2,85833.4,86104.2,9496.903,2936.16,2962.87,2925.26,2938.68,300849.74
2025-12-15 20:00:00+00:00,86104.2,86155.9,85574.7,85763.2,7258.176,2938.68,2945.84,2915.18,2927.57,213074.55
2025-12-15 21:00:00+00:00,85756.9,86275.0,85489.7,86209.6,6386.395,2927.58,2946.55,2917.96,2944.75,111398.97
2025-12-15 22:00:00+00:00,86209.7,86235.5,85781.4,86228.8,2499.812,2944.75,2951.33,2934.0,2950.63,100398.52
2025-12-15 23:00:00+00:00,86228.8,86437.1,86069.0,86389.9,3941.215,2950.63,2968.43,2947.89,2963.25,168161.646
2025-12-16 00:00:00+00:00,86390.0,86478.6,85802.1,85821.1,4320.646,2963.25,2976.94,2938.62,2941.43,173420.002
2025-12-16 01:00:00+00:00,85821.1,86135.6,85625.3,85850.1,3991.545,2941.43,2961.31,2933.15,2945.75,130606.434
2025-12-16 02:00:00+00:00,85850.0,86188.0,85762.8,85901.6,2848.832,2945.74,2965.34,2937.23,2944.19,96787.349
2025-12-16 03:00:00+00:00,85901.7,85979.9,85340.1,85837.7,5626.293,2944.19,2949.5,2920.91,2935.44,192931.089
2025-12-16 04:00:00+00:00,85837.6,85887.8,85226.0,85799.9,3919.108,2935.44,2938.83,2870.0,2916.79,366304.683
2025-12-16 05:00:00+00:00,85799.9,86171.1,85759.0,85983.8,4191.952,2916.78,2927.26,2911.41,2921.69,127104.364
2025-12-16 06:00:00+00:00,85983.8,86575.8,85983.8,86458.0,3569.203,2921.69,2950.27,2921.6,2944.47,128454.12
2025-12-16 07:00:00+00:00,86458.1,86577.0,85807.6,85964.8,5620.209,2944.48,2947.19,2916.17,2922.62,133093.304
2025-12-16 08:00:00+00:00,85964.9,86343.4,85874.6,86236.5,2898.256,2922.61,2938.89,2918.25,2929.54,91149.41
2025-12-16 09:00:00+00:00,86236.5,86392.0,86151.4,86307.6,2308.219,2929.54,2934.3,2921.84,2925.66,65639.62
2025-12-16 10:00:00+00:00,86307.7,87299.7,86230.6,86932.1,8888.908,2925.65,2962.99,2919.84,2946.4,181597.581
2025-12-16 11:00:00+00:00,86932.1,87295.8,86766.0,87216.6,4761.236,2946.41,2961.48,2936.21,2956.57,135361.478
2025-12-16 12:00:00+00:00,87216.6,87450.0,87023.2,87161.9,4025.675,2956.57,2962.97,2945.88,2950.18,120413.643
2025-12-16 13:00:00+00:00,87161.8,87776.3,86365.8,86410.4,17192.687,2950.18,2982.1,2906.2,2909.08,465257.132
2025-12-16 14:00:00+00:00,86410.4,87740.0,86055.9,87257.2,17661.302,2909.09,2959.0,2885.46,2939.84,598253.707
2025-12-16 15:00:00+00:00,87257.2,88143.9,86783.8,87936.3,15308.794,2939.84,2974.7,2912.3,2961.73,375055.176
2025-12-16 16:00:00+00:00,87936.3,88012.5,87340.0,87539.0,9724.625,2961.73,2962.71,2923.37,2937.12,274153.309
2025-12-16 17:00:00+00:00,87539.1,87803.1,87050.0,87087.7,5176.3,2937.12,2954.43,2915.0,2918.17,171621.242
2025-12-16 18:00:00+00:00,87087.7,87980.0,87015.8,87741.3,6469.039,2918.17,2966.98,2910.01,2950.74,225652.835
2025-12-16 19:00:00+00:00,87741.3,87760.6,87245.2,87538.7,4663.517,2950.75,2956.47,2918.85,2943.8,185557.119
2025-12-16 20:00:00+00:00,87538.7,87809.8,87297.9,87533.7,3124.503,2943.82,2962.0,2941.49,2946.17,106214.797
2025-12-16 21:00:00+00:00,87533.7,87880.6,87455.5,87728.6,2375.316,2946.16,2956.91,2936.46,2949.65,65022.036
2025-12-16 22:00:00+00:00,87728.6,87900.0,87600.2,87753.6,1630.451,2949.65,2959.95,2942.55,2952.84,35111.402
2025-12-16 23:00:00+00:00,87753.6,87835.3,87557.3,87826.3,1928.432,2952.85,2964.45,2946.4,2960.84,56653.877
2025-12-17 00:00:00+00:00,87826.3,87826.3,87371.7,87499.3,2884.824,2960.83,2960.84,2942.53,2948.22,76519.507
2025-12-17 01:00:00+00:00,87499.3,87925.8,87439.8,87518.0,3149.697,2948.21,2973.52,2947.11,2952.67,99706.231
2025-12-17 02:00:00+00:00,87517.9,87558.5,87150.0,87452.7,3382.066,2952.67,2963.78,2936.52,2958.38,89208.421
2025-12-17 03:00:00+00:00,87452.7,87577.3,87104.2,87178.1,2255.041,2958.38,2960.9,2941.11,2946.45,62087.2
2025-12-17 04:00:00+00:00,87178.2,87360.8,86675.4,86716.7,4956.735,2946.46,2950.0,2925.6,2931.27,111496.396
2025-12-17 05:00:00+00:00,86716.8,86726.9,86158.4,86595.0,8325.493,2931.27,2936.66,2912.36,2929.39,173279.932
2025-12-17 06:00:00+00:00,86595.0,86972.7,86554.7,86735.5,4895.883,2929.39,2942.94,2929.14,2935.06,84436.526
2025-12-17 07:00:00+00:00,86735.5,87164.2,86555.5,87010.4,4571.173,2935.07,2953.12,2930.66,2946.59,97204.07
2025-12-17 08:00:00+00:00,87010.4,87010.4,86286.0,86366.0,4211.822,2946.59,2946.59,2921.29,2924.43,110181.477
2025-12-17 09:00:00+00:00,86366.1,86573.9,86222.7,86386.1,3860.757,2924.43,2931.94,2916.66,2922.16,94414.342
2025-12-17 10:00:00+00:00,86386.1,86810.0,86201.0,86587.1,3924.413,2922.15,2927.22,2905.29,2919.01,130527.804
2025-12-17 11:00:00+00:00,86587.0,87100.0,86523.2,86939.3,3489.497,2919.0,2932.99,2916.27,2927.36,70911.462
2025-12-17 12:00:00+00:00,86939.2,87189.6,86776.7,86984.0,5470.773,2927.36,2934.76,2918.01,2924.07,99876.599
2025-12-17 13:00:00+00:00,86984.0,87838.5,86768.8,87579.0,9018.728,2924.06,2953.76,2917.0,2943.24,187371.269
2025-12-17 14:00:00+00:00,87579.0,89665.1,87099.5,89633.9,26881.708,2943.23,2994.89,2882.49,2993.94,765317.182
2025-12-17 15:00:00+00:00,89634.0,90363.2,87088.9,87191.4,44768.803,2993.94,3030.0,2892.0,2903.23,1274208.77
2025-12-17 16:00:00+00:00,87191.0,87737.3,86128.5,86946.6,25022.893,2903.23,2924.79,2832.67,2862.68,910439.725
2025-12-17 17:00:00+00:00,86945.8,87077.0,86215.0,86380.6,8631.44,2862.67,2877.73,2840.64,2846.33,306489.652
2025-12-17 18:00:00+00:00,86380.7,86807.2,85615.0,85796.1,9758.471,2846.38,2861.13,2805.0,2812.56,367259.108
2025-12-17 19:00:00+00:00,85796.2,86149.0,85261.3,85982.7,12286.554,2812.56,2820.58,2789.52,2819.01,323916.039
2025-12-17 20:00:00+00:00,85982.7,86228.2,85630.0,85854.7,7149.991,2819.02,2833.27,2804.48,2821.63,190193.182
2025-12-17 21:00:00+00:00,85854.7,86024.2,85663.0,85946.0,2436.312,2821.64,2829.88,2810.15,2818.54,74454.389
2025-12-17 22:00:00+00:00,85946.2,86421.0,85850.0,86312.5,4056.92,2818.55,2836.61,2811.72,2833.5,104289.714
2025-12-17 23:00:00+00:00,86312.4,86312.5,85909.3,86201.6,3256.754,2833.5,2834.6,2816.31,2832.0,82304.568
2025-12-18 00:00:00+00:00,86201.6,86284.0,86012.1,86191.9,2336.984,2831.99,2836.94,2824.94,2834.71,77062.434
2025-12-18 01:00:00+00:00,86191.8,86207.3,85820.6,86085.7,2579.189,2834.72,2835.0,2820.12,2826.14,63153.969
2025-12-18 02:00:00+00:00,86085.6,86836.2,85970.7,86649.6,7195.388,2826.15,2846.81,2820.78,2835.59,129021.382
2025-12-18 03:00:00+00:00,86649.5,86649.6,86200.0,86575.1,4006.995,2835.59,2836.8,2821.0,2830.57,98860.845
2025-12-18 04:00:00+00:00,86575.1,86859.1,86558.0,86715.8,3149.995,2830.57,2840.0,2830.0,2836.76,72561.796
2025-12-18 05:00:00+00:00,86715.9,86718.1,86323.7,86400.0,3069.612,2836.76,2836.76,2821.0,2824.02,92685.565
2025-12-18 06:00:00+00:00,86400.1,86623.5,86353.8,86607.0,1911.973,2824.02,2832.34,2822.0,2830.22,51881.488
2025-12-18 07:00:00+00:00,86607.0,86822.2,86546.0,86787.5,3428.556,2830.22,2838.0,2827.38,2834.98,69992.275
2025-12-18 08:00:00+00:00,86787.5,87085.7,86640.5,86934.9,4362.345,2834.99,2851.75,2830.26,2840.41,132782.034
2025-12-18 09:00:00+00:00,86934.9,87350.0,86755.0,87237.0,4381.369,2840.41,2856.0,2833.43,2851.13,103626.04
2025-12-18 10:00:00+00:00,87236.9,87417.6,87161.6,87307.2,2855.616,2851.14,2863.18,2848.0,2858.0,86322.528
2025-12-18 11:00:00+00:00,87307.2,87315.3,87014.4,87268.1,2844.819,2858.0,2858.36,2848.48,2857.65,63587.501
2025-12-18 12:00:00+00:00,87257.0,87396.7,87068.0,87215.2,3029.939,2857.66,2873.81,2852.58,2870.0,130710.04
2025-12-18 13:00:00+00:00,87215.1,89173.9,87215.1,88804.0,26129.051,2870.01,2979.67,2869.78,2962.87,897632.042
2025-12-18 14:00:00+00:00,88804.0,89447.9,87673.8,88325.4,27556.395,2962.88,2994.91,2921.6,2949.09,851679.88
2025-12-18 15:00:00+00:00,88325.4,89333.0,87940.0,88480.8,19047.466,2949.09,2997.05,2931.81,2963.89,495622.986
2025-12-18 16:00:00+00:00,88480.7,88500.0,87797.6,87984.6,9219.841,2963.9,2966.28,2927.96,2942.56,286525.733
2025-12-18 17:00:00+00:00,87984.6,87999.9,85427.5,86443.6,34583.687,2942.57,2943.36,2793.1,2844.45,1253438.858
2025-12-18 18:00:00+00:00,86443.6,86865.6,85662.5,85946.7,13347.694,2844.46,2867.29,2817.01,2826.01,286396.706
2025-12-18 19:00:00+00:00,85946.7,85990.0,84429.9,84447.0,26522.452,2826.0,2832.32,2772.97,2780.4,417272.853
2025-12-18 20:00:00+00:00,84447.0,85248.1,84408.6,84558.8,12161.166,2780.4,2812.76,2778.06,2780.24,251770.386
2025-12-18 21:00:00+00:00,84557.4,85800.0,84521.2,85584.6,9842.162,2780.09,2831.22,2779.38,2828.7,278143.4
2025-12-18 22:00:00+00:00,85584.3,85721.2,85245.8,85544.0,3333.922,2828.7,2837.8,2814.67,2828.3,98594.636
2025-12-18 23:00:00+00:00,85544.0,85591.6,85271.7,85469.7,2677.063,2828.3,2832.71,2822.37,2827.3,66516.218
2025-12-19 00:00:00+00:00,85469.8,85576.1,85260.0,85572.9,2685.18,2827.32,2840.4,2813.02,2829.62,113035.863
2025-12-19 01:00:00+00:00,85572.8,85572.8,85062.7,85291.7,2791.966,2829.62,2832.51,2806.15,2819.82,82702.612
2025-12-19 02:00:00+00:00,85291.1,85917.4,85091.5,85600.8,5660.033,2819.82,2840.0,2811.13,2834.54,140716.191
2025-12-19 03:00:00+00:00,85600.9,87550.0,85566.1,86863.1,19466.885,2834.55,2934.93,2833.44,2907.56,732800.177
2025-12-19 04:00:00+00:00,86863.2,87354.8,86793.5,87073.5,7968.043,2907.55,2932.77,2905.79,2920.05,242344.722
2025-12-19 05:00:00+00:00,87073.4,87200.0,86651.9,87099.7,5338.204,2920.06,2928.0,2908.38,2921.63,173877.083
2025-12-19 06:00:00+00:00,87099.7,87450.0,86871.6,87449.9,3071.612,2921.63,2949.29,2914.32,2946.6,139833.078
2025-12-19 07:00:00+00:00,87450.0,88366.0,87436.3,87909.7,11661.734,2946.6,2984.0,2942.44,2950.4,354034.259
2025-12-19 08:00:00+00:00,87909.7,88179.6,87700.0,88063.2,5260.03,2950.39,2964.35,2936.64,2949.71,186642.369
2025-12-19 09:00:00+00:00,88063.2,88134.0,87856.0,88068.3,2812.499,2949.71,2959.44,2945.2,2953.95,82811.735
2025-12-19 10:00:00+00:00,88068.4,88333.7,87884.4,88237.1,5585.589,2953.95,2964.0,2947.84,2953.51,85906.875
2025-12-19 11:00:00+00:00,88237.2,88345.1,88100.1,88169.9,3139.913,2953.5,2969.89,2949.34,2964.0,108711.363
2025-12-19 12:00:00+00:00,88170.0,88247.5,87810.8,87840.8,6568.332,2964.0,2966.87,2945.0,2954.99,168877.584
2025-12-19 13:00:00+00:00,87840.7,88228.9,87800.0,87968.1,5618.884,2954.99,2967.32,2952.07,2960.35,95572.728
2025-12-19 14:00:00+00:00,87968.0,88610.0,87488.0,88140.8,17467.745,2960.35,2994.0,2941.49,2975.64,532713.966
2025-12-19 15:00:00+00:00,88140.8,89374.6,87655.6,87925.6,22121.319,2975.63,3017.99,2951.0,2963.48,533592.398
2025-12-19 16:00:00+00:00,87925.6,88888.0,87841.8,87956.6,8718.259,2963.48,3006.76,2958.0,2965.52,280312.532
2025-12-19 17:00:00+00:00,87956.6,88320.0,86795.5,86912.6,15727.882,2965.52,2992.76,2933.0,2938.23,350773.538
2025-12-19 18:00:00+00:00,86912.6,87436.3,86808.1,87126.2,5170.649,2938.23,2977.36,2935.74,2965.15,202019.015
2025-12-19 19:00:00+00:00,87126.2,88097.3,87100.0,87812.8,7325.182,2965.16,2996.18,2965.08,2983.61,156138.443
2025-12-19 20:00:00+00:00,87812.9,88406.3,87569.1,88064.8,8141.234,2983.62,3002.0,2975.47,2994.39,127537.294
2025-12-19 21:00:00+00:00,88065.0,88076.8,87758.1,87805.3,2199.579,2994.39,2994.39,2973.33,2976.4,58368.653
2025-12-19 22:00:00+00:00,87805.8,88394.4,87805.8,88301.1,2271.987,2976.41,2991.76,2976.0,2986.38,40121.227
2025-12-19 23:00:00+00:00,88301.1,88320.0,88085.0,88100.0,1511.754,2986.38,2987.16,2976.3,2978.33,34997.837
2025-12-20 00:00:00+00:00,88100.0,88151.2,87926.7,87967.3,2122.767,2978.34,2979.56,2969.23,2973.11,55516.857
2025-12-20 01:00:00+00:00,87967.4,88132.8,87967.3,88036.7,750.092,2973.12,2981.96,2971.72,2975.38,27012.12
2025-12-20 02:00:00+00:00,88036.6,88279.0,87945.7,88168.0,1683.292,2975.38,2989.21,2973.0,2981.45,36934.318
2025-12-20 03:00:00+00:00,88167.9,88294.8,88122.8,88165.3,1081.206,2981.45,2992.81,2981.09,2987.97,46179.533
2025-12-20 04:00:00+00:00,88165.3,88294.0,88065.9,88257.1,1368.033,2987.98,2989.52,2979.55,2982.96,48109.321
2025-12-20 05:00:00+00:00,88257.1,88551.8,88229.6,88250.0,2999.615,2982.96,2988.33,2978.58,2979.02,46976.186
2025-12-20 06:00:00+00:00,88250.1,88409.0,88234.7,88262.2,990.732,2979.06,2983.94,2978.3,2979.31,24772.292
2025-12-20 07:00:00+00:00,88262.3,88296.3,88145.6,88239.9,1539.951,2979.31,2983.63,2973.12,2980.25,54985.54
2025-12-20 08:00:00+00:00,88240.0,88397.8,88217.0,88217.0,1142.187,2980.26,2989.0,2980.26,2981.86,43508.043
2025-12-20 09:00:00+00:00,88217.0,88310.0,88182.0,88190.0,823.103,2981.85,2985.83,2981.11,2981.96,24460.844
2025-12-20 10:00:00+00:00,88190.0,88250.0,88092.1,88133.7,1369.22,2981.96,2982.15,2973.62,2977.71,52014.107
2025-12-20 11:00:00+00:00,88133.6,88279.5,88063.8,88243.6,1534.875,2977.71,2989.4,2975.2,2985.98,69477.155
2025-12-20 12:00:00+00:00,88243.6,88320.0,88146.9,88214.0,880.262,2985.99,2992.97,2985.17,2987.89,41122.187
2025-12-20 13:00:00+00:00,88213.9,88313.7,87698.5,88230.9,6359.48,2987.9,2990.87,2965.28,2978.66,205656.669
2025-12-20 14:00:00+00:00,88230.9,88244.0,87970.3,88213.4,2084.892,2978.65,2979.74,2967.32,2978.53,56674.244
2025-12-20 15:00:00+00:00,88213.4,88234.1,87971.6,88134.6,2204.745,2978.54,2978.79,2966.78,2975.57,56080.903
2025-12-20 16:00:00+00:00,88134.5,88202.3,88089.1,88115.3,943.719,2975.58,2978.77,2972.63,2977.21,27304.402
2025-12-20 17:00:00+00:00,88115.4,88217.2,88060.0,88144.5,783.087,2977.2,2979.99,2973.0,2976.49,19690.655
2025-12-20 18:00:00+00:00,88144.6,88407.7,88111.5,88277.1,1507.599,2976.5,2979.47,2973.0,2976.9,17459.635
2025-12-20 19:00:00+00:00,88277.1,88298.0,88157.0,88196.3,684.85,2976.91,2979.6,2973.33,2976.57,13658.304
2025-12-20 20:00:00+00:00,88196.4,88285.2,88175.3,88250.4,514.301,2976.57,2984.75,2976.0,2983.07,17926.407
2025-12-20 21:00:00+00:00,88250.3,88434.9,88140.3,88179.6,1055.058,2983.06,2984.62,2977.18,2977.5,14494.642
2025-12-20 22:00:00+00:00,88179.6,88306.1,88111.1,88244.1,677.809,2977.51,2979.13,2973.07,2976.03,18548.207
2025-12-20 23:00:00+00:00,88244.1,88393.3,88213.5,88320.8,872.973,2976.03,2977.81,2971.28,2976.54,19369.5
2025-12-21 00:00:00+00:00,88320.7,88400.0,88262.6,88354.8,959.208,2976.55,2979.91,2974.55,2978.51,20982.062
2025-12-21 01:00:00+00:00,88354.8,88354.8,87959.8,87980.5,2841.286,2978.51,2978.51,2960.2,2966.47,72976.738
2025-12-21 02:00:00+00:00,87980.5,88115.3,87821.1,87911.5,2429.877,2966.47,2973.94,2960.13,2964.84,48746.584
2025-12-21 03:00:00+00:00,87911.6,88127.9,87899.8,88043.2,1105.952,2964.83,2974.94,2964.01,2971.7,36974.382
2025-12-21 04:00:00+00:00,88043.3,88119.3,88010.0,88036.4,572.62,2971.7,2977.29,2970.6,2973.8,24371.784
2025-12-21 05:00:00+00:00,88036.4,88123.8,88015.0,88102.0,536.987,2973.8,2977.5,2971.6,2972.18,14319.375
2025-12-21 06:00:00+00:00,88102.0,88174.5,88030.0,88057.3,799.509,2972.19,2976.98,2971.67,2974.98,12995.45
2025-12-21 07:00:00+00:00,88057.4,88139.6,88013.0,88138.7,749.892,2974.98,2981.68,2974.25,2979.83,23774.752
2025-12-21 08:00:00+00:00,88138.8,88729.2,88103.3,88509.0,4896.072,2979.83,2998.56,2976.27,2990.79,102871.8
2025-12-21 09:00:00+00:00,88509.0,89050.0,88465.0,88868.0,5696.916,2990.79,3011.99,2983.3,3001.81,185950.575
2025-12-21 10:00:00+00:00,88868.0,88940.0,88536.0,88633.1,3427.73,3001.81,3006.66,2990.87,2995.22,94762.665
2025-12-21 11:00:00+00:00,88633.2,88722.0,88544.3,88570.6,1405.291,2995.22,3000.0,2991.37,2995.16,36364.78
2025-12-21 12:00:00+00:00,88570.7,88885.9,88412.9,88588.6,3584.184,2995.16,3004.0,2981.02,2988.7,91833.134
2025-12-21 13:00:00+00:00,88588.6,88660.4,87548.5,87630.5,12547.715,2988.7,2990.87,2943.0,2948.91,320969.049
2025-12-21 14:00:00+00:00,87630.4,88119.9,87575.7,88019.1,6183.043,2948.91,2976.86,2945.22,2969.05,193378.053
2025-12-21 15:00:00+00:00,88019.0,88254.9,87763.2,88024.7,3418.513,2969.05,2978.7,2960.44,2973.23,78151.982
2025-12-21 16:00:00+00:00,88024.7,88329.1,87936.3,88309.8,2859.218,2973.23,2987.37,2967.86,2984.56,80599.004
2025-12-21 17:00:00+00:00,88309.9,88453.9,88222.7,88283.6,2262.263,2984.57,2987.51,2975.78,2982.44,62486.441
2025-12-21 18:00:00+00:00,88283.7,88424.9,87902.0,88406.9,2772.877,2982.43,2987.0,2965.93,2986.98,70327.196
2025-12-21 19:00:00+00:00,88406.8,88588.0,88162.1,88448.2,2320.198,2986.97,2996.63,2974.0,2989.48,87350.197
2025-12-21 20:00:00+00:00,88448.3,88465.9,88190.0,88195.6,929.467,2989.48,2992.97,2983.57,2985.19,30549.051
2025-12-21 21:00:00+00:00,88195.7,88338.2,88047.4,88121.6,989.679,2985.2,2989.53,2969.45,2972.52,36464.797
2025-12-21 22:00:00+00:00,88121.6,88459.0,88074.3,88440.2,1257.475,2972.52,2995.0,2970.07,2994.99,44809.997
2025-12-21 23:00:00+00:00,88440.3,88786.9,88325.0,88621.3,3078.416,2995.0,3011.34,2990.65,3000.62,108928.629
2025-12-22 00:00:00+00:00,88621.3,89600.0,88521.7,88581.7,12829.644,3000.61,3060.39,3000.45,3020.82,449486.906
2025-12-22 01:00:00+00:00,88581.7,89250.0,88458.2,88580.1,6105.566,3020.83,3047.0,3016.44,3017.15,161506.271
2025-12-22 02:00:00+00:00,88580.2,88618.1,87845.0,88417.1,9340.629,3017.15,3018.44,2966.0,3008.5,283317.716
2025-12-22 03:00:00+00:00,88417.1,88826.1,88230.1,88727.5,3720.966,3008.49,3031.25,3000.2,3020.18,115472.091
2025-12-22 04:00:00+00:00,88727.4,88996.3,88665.3,88863.5,2866.015,3020.18,3041.51,3018.4,3038.84,118957.277
2025-12-22 05:00:00+00:00,88863.4,88966.0,88712.1,88790.7,1818.841,3038.85,3040.0,3023.1,3026.82,80715.055
2025-12-22 06:00:00+00:00,88790.6,88979.4,88688.6,88867.3,1891.187,3026.83,3032.33,3021.0,3023.18,60922.304
2025-12-22 07:00:00+00:00,88867.3,89173.8,88845.0,89127.7,2568.866,3023.17,3034.36,3021.85,3028.38,53026.282
2025-12-22 08:00:00+00:00,89127.8,89887.9,89050.1,89297.6,11676.723,3028.38,3055.0,3023.57,3026.41,212236.376
2025-12-22 09:00:00+00:00,89297.6,89798.0,89253.2,89785.3,3941.621,3026.41,3041.66,3024.37,3040.0,80109.468
2025-12-22 10:00:00+00:00,89785.3,89837.4,89561.3,89742.0,3760.209,3040.0,3044.0,3030.12,3039.1,73082.091
2025-12-22 11:00:00+00:00,89742.0,90085.0,89607.7,89905.2,6536.321,3039.1,3057.0,3035.1,3047.61,132871.59
2025-12-22 12:00:00+00:00,89905.2,90599.0,89811.6,90171.2,9114.044,3047.61,3077.99,3041.76,3056.87,192935.529
2025-12-22 13:00:00+00:00,90171.2,90286.8,89685.0,89882.6,6062.297,3056.86,3063.3,3046.5,3055.53,123960.035
2025-12-22 14:00:00+00:00,89882.6,90259.6,89381.3,90088.4,12803.538,3055.52,3073.0,3027.74,3060.59,343198.542
2025-12-22 15:00:00+00:00,90088.4,90451.9,89109.1,89688.5,15073.568,3060.58,3071.99,3020.4,3051.22,339031.435
2025-12-22 16:00:00+00:00,89688.6,90088.0,89472.6,89508.4,6216.657,3051.22,3058.61,3036.64,3042.02,122702.332
2025-12-22 17:00:00+00:00,89508.5,89545.2,89044.9,89271.0,6110.885,3042.02,3043.3,3022.0,3031.36,125056.72
2025-12-22 18:00:00+00:00,89271.0,89488.8,89102.0,89104.8,2854.043,3031.35,3039.6,3004.3,3014.31,126790.649
2025-12-22 19:00:00+00:00,89104.9,89109.7,87906.7,88011.1,10969.148,3014.31,3014.81,2972.6,2979.15,305417.725
2025-12-22 20:00:00+00:00,88011.0,88445.9,87872.6,88305.9,8131.754,2979.16,2986.2,2961.0,2974.63,224173.322
2025-12-22 21:00:00+00:00,88305.3,88574.2,88186.6,88232.1,2926.912,2974.62,2996.7,2974.47,2987.1,103206.199
2025-12-22 22:00:00+00:00,88232.0,88805.9,88100.0,88616.1,3873.327,2987.09,3014.76,2980.71,3010.37,112706.601
2025-12-22 23:00:00+00:00,88616.0,88679.0,88388.0,88581.5,3500.708,3010.37,3011.8,3000.56,3008.49,87123.251
2025-12-23 00:00:00+00:00,88581.5,88904.9,88461.2,88731.5,3601.424,3008.5,3035.0,3003.82,3026.99,144856.526
2025-12-23 01:00:00+00:00,88731.6,88855.4,88379.0,88470.9,2677.543,3027.0,3032.03,3015.0,3016.97,68878.936
2025-12-23 02:00:00+00:00,88470.9,88722.0,88070.0,88167.8,4604.278,3016.96,3024.55,2986.2,2990.02,165626.128
2025-12-23 03:00:00+00:00,88167.7,88323.0,87738.3,88128.2,5641.993,2990.02,2997.6,2970.08,2990.48,144710.733
2025-12-23 04:00:00+00:00,88128.2,88342.0,87889.6,87892.0,2611.545,2990.48,2999.0,2982.0,2982.56,73242.918
2025-12-23 05:00:00+00:00,87892.1,87988.0,87547.7,87726.6,4955.093,2982.57,2984.92,2964.65,2974.16,134945.78
2025-12-23 06:00:00+00:00,87726.7,87745.0,86976.6,87355.2,11412.932,2974.15,2977.4,2945.0,2958.48,249373.405
2025-12-23 07:00:00+00:00,87355.4,87651.4,87318.7,87531.3,4200.862,2958.48,2968.51,2954.2,2963.58,104771.703
2025-12-23 08:00:00+00:00,87531.3,87662.6,87389.0,87426.8,2902.872,2963.57,2972.38,2958.44,2961.0,70285.732
2025-12-23 09:00:00+00:00,87426.7,87595.5,87256.3,87494.4,2626.45,2960.99,2965.79,2951.19,2962.37,84457.601
2025-12-23 10:00:00+00:00,87494.3,87630.0,87467.5,87570.3,2006.405,2962.37,2970.6,2962.36,2965.66,54889.395
2025-12-23 11:00:00+00:00,87570.3,87852.0,87520.1,87813.9,4563.173,2965.67,2974.46,2961.97,2972.06,60679.989
2025-12-23 12:00:00+00:00,87813.8,87914.0,87546.0,87737.3,4124.666,2972.06,2973.0,2952.42,2953.95,91107.06
2025-12-23 13:00:00+00:00,87737.3,87858.6,87345.8,87567.7,4949.91,2953.95,2961.79,2929.0,2940.64,320734.457
2025-12-23 14:00:00+00:00,87567.7,87792.9,86536.0,86837.3,15865.321,2940.64,2952.33,2899.3,2916.17,486926.602
2025-12-23 15:00:00+00:00,86837.2,87523.2,86670.2,87405.3,9444.971,2916.16,2932.92,2905.32,2927.39,312262.096
2025-12-23 16:00:00+00:00,87405.2,88178.7,87286.0,87959.8,12033.564,2927.39,2965.1,2920.77,2955.09,375173.725
2025-12-23 17:00:00+00:00,87959.8,88247.8,87129.0,87138.1,7690.453,2955.09,2965.81,2908.0,2909.4,235336.964
2025-12-23 18:00:00+00:00,87138.1,88150.0,87121.4,87950.0,9439.617,2909.4,2952.55,2907.28,2946.05,243883.682
2025-12-23 19:00:00+00:00,87950.1,88017.3,87613.3,87724.2,3337.693,2946.05,2953.55,2929.42,2942.71,106869.95
2025-12-23 20:00:00+00:00,87724.2,88349.2,87491.4,87674.3,5055.153,2942.71,2987.74,2939.19,2968.71,241997.533
2025-12-23 21:00:00+00:00,87674.4,87830.6,87503.6,87692.7,2680.526,2968.72,2974.97,2958.68,2972.92,73057.803
2025-12-23 22:00:00+00:00,87692.7,87751.7,87213.0,87378.2,3381.145,2972.92,2978.88,2948.5,2959.86,95192.126
2025-12-23 23:00:00+00:00,87378.3,87488.5,87145.0,87463.0,3850.359,2959.86,2971.65,2950.12,2963.29,86675.31
2025-12-24 00:00:00+00:00,87463.1,87657.1,87230.8,87626.1,3066.917,2963.29,2972.7,2954.6,2971.55,72744.575
2025-12-24 01:00:00+00:00,87626.1,87849.9,87470.0,87603.1,2510.341,2971.55,2976.48,2959.17,2962.21,54899.669
2025-12-24 02:00:00+00:00,87603.1,87635.0,86888.0,87100.1,5642.402,2962.21,2963.61,2922.0,2933.96,188245.29
2025-12-24 03:00:00+00:00,87100.1,87359.4,86817.9,87311.4,4122.176,2933.96,2946.99,2919.0,2944.47,131108.509
2025-12-24 04:00:00+00:00,87311.4,87430.0,87041.6,87110.6,2524.929,2944.47,2957.94,2933.34,2934.49,101354.558
2025-12-24 05:00:00+00:00,87110.5,87223.1,86738.8,86920.1,4136.2,2934.49,2940.28,2916.11,2928.3,200947.281
2025-12-24 06:00:00+00:00,86920.1,87030.0,86753.0,86980.1,2563.13,2928.3,2938.0,2922.0,2932.32,73692.768
2025-12-24 07:00:00+00:00,86980.0,87147.1,86862.0,86868.1,2078.139,2932.32,2942.99,2930.0,2931.5,79906.206
2025-12-24 08:00:00+00:00,86868.1,87040.2,86712.0,86751.5,2878.805,2931.49,2938.71,2920.09,2921.89,133706.413
2025-12-24 09:00:00+00:00,86751.6,86865.2,86671.7,86763.6,1955.037,2921.9,2930.73,2912.18,2918.01,101943.909
2025-12-24 10:00:00+00:00,86763.6,87160.0,86759.5,87042.8,3169.618,2918.01,2933.5,2917.01,2926.75,94097.921
2025-12-24 11:00:00+00:00,87042.8,87316.7,87042.8,87162.6,2533.789,2926.76,2936.93,2923.74,2923.96,64213.365
2025-12-24 12:00:00+00:00,87162.6,87450.0,87087.0,87393.1,2515.133,2923.96,2937.35,2921.8,2935.01,58908.509
2025-12-24 13:00:00+00:00,87393.0,87410.4,87009.3,87250.5,2771.909,2935.01,2936.19,2923.0,2929.74,57926.515
2025-12-24 14:00:00+00:00,87250.5,87420.0,86355.0,86950.0,11643.717,2929.74,2935.52,2886.75,2913.54,388918.828
2025-12-24 15:00:00+00:00,86950.0,87194.8,86526.2,87012.0,6368.226,2913.54,2929.96,2901.3,2924.2,209182.277
2025-12-24 16:00:00+00:00,87012.0,87660.0,86878.3,87250.6,6673.412,2924.2,2948.98,2920.04,2939.15,213779.597
2025-12-24 17:00:00+00:00,87250.6,87545.6,87215.0,87284.5,2778.718,2939.16,2954.79,2933.79,2935.85,114952.064
2025-12-24 18:00:00+00:00,87284.6,87478.7,87195.6,87435.0,2085.875,2935.86,2943.75,2928.91,2940.39,61100.732
2025-12-24 19:00:00+00:00,87435.0,87542.0,87273.4,87521.4,1789.501,2940.4,2946.23,2935.42,2944.78,42750.858
2025-12-24 20:00:00+00:00,87521.4,87649.3,87484.6,87518.8,1377.896,2944.78,2951.63,2939.86,2941.95,40639.28
2025-12-24 21:00:00+00:00,87518.7,87763.2,87518.7,87653.8,1477.63,2941.95,2953.44,2941.94,2949.76,38370.803
2025-12-24 22:00:00+00:00,87653.9,88033.3,87653.8,87962.0,2271.813,2949.77,2962.69,2947.93,2958.4,59142.209
2025-12-24 23:00:00+00:00,87962.0,87985.0,87540.4,87627.3,2608.195,2958.41,2959.1,2945.0,2946.23,40119.794
2025-12-25 00:00:00+00:00,87627.4,87710.0,87466.9,87529.9,1995.842,2946.23,2947.96,2934.66,2937.99,59014.823
2025-12-25 01:00:00+00:00,87529.9,87714.1,87526.5,87668.0,1191.546,2938.0,2950.0,2937.99,2947.16,34625.627
2025-12-25 02:00:00+00:00,87668.0,87933.5,87517.8,87847.8,1449.079,2947.17,2955.92,2941.3,2951.07,37754.107
2025-12-25 03:00:00+00:00,87847.9,87890.0,87727.0,87811.6,997.057,2951.07,2951.88,2942.36,2945.9,30402.181
2025-12-25 04:00:00+00:00,87811.6,87811.6,87689.8,87740.6,1109.399,2945.89,2947.27,2941.0,2943.64,32473.42
2025-12-25 05:00:00+00:00,87740.5,87749.4,87617.1,87706.0,1127.336,2943.64,2943.64,2936.88,2940.99,33580.23
2025-12-25 06:00:00+00:00,87706.1,87811.6,87634.5,87799.5,848.085,2940.99,2942.61,2936.55,2941.94,26069.156
2025-12-25 07:00:00+00:00,87799.6,87830.0,87713.1,87795.9,789.567,2941.94,2942.5,2937.72,2940.83,20662.256
2025-12-25 08:00:00+00:00,87795.9,87858.8,87313.2,87546.2,3818.711,2940.83,2946.0,2916.05,2929.35,170316.294
2025-12-25 09:00:00+00:00,87546.2,87565.8,87408.0,87482.1,1227.883,2929.35,2930.46,2924.46,2927.1,30001.373
2025-12-25 10:00:00+00:00,87482.1,87494.7,87219.0,87386.0,2055.721,2927.1,2927.91,2910.14,2919.33,100287.915
2025-12-25 11:00:00+00:00,87386.1,87554.7,87376.0,87485.2,1202.976,2919.34,2927.33,2918.95,2923.51,42343.333
2025-12-25 12:00:00+00:00,87485.2,87555.1,87439.0,87533.7,936.156,2923.51,2928.83,2922.58,2926.6,33135.899
2025-12-25 13:00:00+00:00,87533.8,87662.8,87360.7,87597.1,1870.868,2926.61,2933.71,2918.52,2929.85,63828.479
2025-12-25 14:00:00+00:00,87597.1,87730.9,87509.0,87675.1,1631.445,2929.85,2938.0,2921.29,2931.72,69372.097
2025-12-25 15:00:00+00:00,87675.0,88594.0,87664.1,88338.9,10921.898,2931.73,2969.99,2930.16,2959.68,287216.874
2025-12-25 16:00:00+00:00,88339.0,88451.6,87948.9,88042.0,4982.309,2959.67,2966.49,2941.52,2947.01,135719.535
2025-12-25 17:00:00+00:00,88042.1,88173.1,87947.8,88096.2,2015.493,2947.01,2953.28,2942.71,2951.48,62819.936
2025-12-25 18:00:00+00:00,88096.1,88281.6,88096.1,88198.5,1413.461,2951.48,2965.0,2949.43,2957.89,68045.234
2025-12-25 19:00:00+00:00,88198.5,88214.3,88029.9,88112.3,1058.893,2957.89,2959.09,2948.02,2955.15,29808.2
2025-12-25 20:00:00+00:00,88112.3,88139.2,87599.5,87844.7,3099.034,2955.15,2955.43,2943.03,2948.86,32384.524
2025-12-25 21:00:00+00:00,87844.8,87945.5,87776.5,87862.0,1222.411,2948.86,2952.6,2943.0,2945.76,17765.65
2025-12-25 22:00:00+00:00,87862.0,87882.1,87251.2,87607.9,3508.865,2945.75,2947.2,2902.35,2920.22,156125.916
2025-12-25 23:00:00+00:00,87607.9,87734.5,86902.1,87182.8,7322.217,2920.22,2925.7,2888.88,2902.32,260142.783
2025-12-26 00:00:00+00:00,87182.8,87289.8,86824.8,87084.5,5104.377,2902.32,2910.45,2892.72,2902.88,145335.345
2025-12-26 01:00:00+00:00,87084.4,87477.0,87084.4,87386.6,2957.805,2902.89,2921.97,2901.21,2916.77,104022.022
2025-12-26 02:00:00+00:00,87386.7,89432.0,87376.5,89151.8,22656.15,2916.77,2994.0,2916.31,2972.34,614868.587
2025-12-26 03:00:00+00:00,89151.8,89246.6,88670.0,88796.2,7396.805,2972.35,2975.34,2956.33,2963.76,149061.535
2025-12-26 04:00:00+00:00,88796.2,89100.0,88469.8,88926.0,5539.618,2963.76,2973.91,2950.79,2970.28,106488.958
2025-12-26 05:00:00+00:00,88926.0,89007.0,88780.0,88954.7,2303.912,2970.27,2973.77,2966.1,2971.99,58296.357
2025-12-26 06:00:00+00:00,88954.7,89200.0,88954.6,89085.0,3212.832,2972.0,2981.78,2970.82,2975.29,79636.444
2025-12-26 07:00:00+00:00,89085.0,89557.6,88300.5,88433.0,10880.975,2975.3,2992.88,2951.87,2955.43,215516.882
2025-12-26 08:00:00+00:00,88433.0,88865.7,88380.0,88707.4,5857.705,2955.44,2971.23,2953.55,2963.42,118724.723
2025-12-26 09:00:00+00:00,88707.4,88888.0,88607.0,88783.2,2169.738,2963.41,2975.48,2962.0,2971.83,66297.276
2025-12-26 10:00:00+00:00,88782.9,88855.2,88642.9,88717.5,1762.897,2971.83,2973.5,2965.73,2970.61,40025.41
2025-12-26 11:00:00+00:00,88717.4,88722.7,88500.0,88507.5,1628.764,2970.61,2970.61,2960.96,2963.66,35828.937
2025-12-26 12:00:00+00:00,88507.6,88736.0,88507.5,88649.6,1819.911,2963.65,2972.7,2963.08,2971.3,41376.567
2025-12-26 13:00:00+00:00,88649.7,89037.0,88580.9,88959.1,4269.285,2971.3,2984.93,2969.72,2983.01,97939.616
2025-12-26 14:00:00+00:00,88959.2,89017.2,87302.5,87344.4,21664.648,2983.01,2983.92,2908.14,2916.38,542812.932
2025-12-26 15:00:00+00:00,87344.4,87347.0,86619.9,87100.0,23683.658,2916.39,2928.99,2893.0,2921.5,553163.678
2025-12-26 16:00:00+00:00,87100.0,87349.1,86800.7,86821.7,7715.041,2921.51,2928.95,2905.5,2908.36,146274.139
2025-12-26 17:00:00+00:00,86821.7,87437.2,86760.4,87288.6,6608.675,2908.36,2934.28,2906.18,2921.03,148983.828
2025-12-26 18:00:00+00:00,87288.5,87346.1,87090.0,87232.5,2528.184,2921.03,2927.44,2918.35,2921.86,45647.059
2025-12-26 19:00:00+00:00,87232.5,87555.0,87200.0,87453.7,2335.807,2921.86,2929.12,2917.0,2924.5,38898.303
2025-12-26 20:00:00+00:00,87453.7,87750.0,87346.5,87547.7,3349.129,2924.5,2938.0,2921.0,2930.15,64289.746
2025-12-26 21:00:00+00:00,87547.7,87657.9,87402.6,87429.3,1522.834,2930.14,2934.21,2923.24,2923.66,35617.458
2025-12-26 22:00:00+00:00,87429.2,87551.9,87266.6,87505.4,1619.152,2923.65,2930.53,2920.23,2930.39,31691.101
2025-12-26 23:00:00+00:00,87505.4,87508.2,87286.9,87318.2,1383.835,2930.39,2933.0,2924.6,2926.82,31147.056
2025-12-27 00:00:00+00:00,87318.3,87377.5,87203.0,87360.0,1392.326,2926.83,2930.2,2921.8,2926.36,25764.433
2025-12-27 01:00:00+00:00,87359.9,87452.7,87285.6,87431.6,873.169,2926.35,2927.82,2920.0,2926.72,25337.529
2025-12-27 02:00:00+00:00,87431.6,87459.2,87341.1,87410.7,1153.148,2926.72,2928.74,2922.65,2926.94,22548.533
2025-12-27 03:00:00+00:00,87410.6,87493.4,87338.7,87473.4,1145.793,2926.95,2932.24,2924.03,2931.98,31807.473
2025-12-27 04:00:00+00:00,87473.4,87482.0,87413.1,87428.0,511.889,2931.98,2932.47,2926.74,2928.93,21652.01
2025-12-27 05:00:00+00:00,87427.9,87474.0,87400.0,87466.2,569.602,2928.94,2930.25,2927.16,2929.58,17987.138
2025-12-27 06:00:00+00:00,87466.1,87526.5,87374.5,87426.8,909.478,2929.58,2929.74,2926.35,2928.41,21031.899
2025-12-27 07:00:00+00:00,87426.8,87669.7,87426.8,87490.9,1534.506,2928.41,2936.66,2928.41,2931.47,36723.866
2025-12-27 08:00:00+00:00,87490.9,87634.9,87490.9,87545.6,1097.419,2931.46,2935.83,2931.46,2932.67,25590.359
2025-12-27 09:00:00+00:00,87545.7,87622.7,87500.0,87575.4,1112.953,2932.66,2939.82,2930.29,2933.89,44879.655
2025-12-27 10:00:00+00:00,87575.4,87585.0,87324.6,87460.6,2037.105,2933.89,2934.26,2914.63,2925.5,124335.657
2025-12-27 11:00:00+00:00,87460.5,87513.1,87400.0,87433.6,918.735,2925.51,2932.42,2921.83,2929.58,43818.978
2025-12-27 12:00:00+00:00,87433.6,87489.9,87377.9,87431.9,809.916,2929.59,2932.72,2927.71,2930.63,24356.753
2025-12-27 13:00:00+00:00,87432.0,87444.4,87264.8,87410.7,1459.822,2930.62,2931.64,2924.0,2928.39,33438.266
2025-12-27 14:00:00+00:00,87410.6,87517.8,87354.4,87500.7,1244.804,2928.39,2930.0,2924.35,2928.34,26910.444
2025-12-27 15:00:00+00:00,87500.7,87555.0,87420.5,87516.2,1000.506,2928.33,2929.57,2925.01,2925.53,19600.487
2025-12-27 16:00:00+00:00,87516.3,87545.6,87397.5,87454.1,935.963,2925.54,2927.43,2915.74,2919.37,53402.5
2025-12-27 17:00:00+00:00,87454.2,87523.6,87420.0,87514.0,486.171,2919.38,2927.88,2918.67,2927.06,28802.058
2025-12-27 18:00:00+00:00,87514.0,87534.6,87414.5,87452.8,533.673,2927.06,2927.22,2923.82,2925.0,15013.492
2025-12-27 19:00:00+00:00,87452.8,87538.6,87452.8,87522.4,486.951,2924.99,2929.7,2924.59,2929.6,15391.157
2025-12-27 20:00:00+00:00,87522.3,87592.4,87479.9,87514.9,478.331,2929.6,2933.91,2927.82,2927.91,24013.552
2025-12-27 21:00:00+00:00,87514.9,87633.0,87512.7,87623.5,744.653,2927.91,2933.68,2927.06,2933.66,17024.527
2025-12-27 22:00:00+00:00,87623.5,87937.0,87455.5,87526.3,3610.657,2933.66,2952.97,2928.47,2932.0,115114.336
2025-12-27 23:00:00+00:00,87526.4,87956.9,87518.3,87829.4,2246.539,2932.0,2959.84,2931.45,2947.61,84967.593
2025-12-28 00:00:00+00:00,87829.5,87921.7,87674.4,87811.7,2417.915,2947.61,2950.63,2941.86,2944.43,49496.544
2025-12-28 01:00:00+00:00,87811.8,87909.9,87700.0,87749.3,1166.108,2944.43,2949.16,2939.5,2942.9,31826.028
2025-12-28 02:00:00+00:00,87749.2,87847.3,87712.8,87768.7,568.717,2942.91,2949.0,2941.6,2945.89,20564.993
2025-12-28 03:00:00+00:00,87768.6,87808.2,87693.0,87693.0,665.533,2945.9,2947.16,2940.09,2942.34,21956.943
2025-12-28 04:00:00+00:00,87693.1,87802.5,87651.0,87683.9,1017.942,2942.34,2946.29,2937.14,2937.73,39000.796
2025-12-28 05:00:00+00:00,87683.8,87683.9,87566.0,87620.0,955.762,2937.74,2939.8,2927.76,2933.77,67125.895
2025-12-28 06:00:00+00:00,87619.9,87753.7,87606.0,87696.0,863.377,2933.77,2942.99,2933.5,2941.63,33757.713
2025-12-28 07:00:00+00:00,87695.9,87699.9,87632.9,87697.7,758.861,2941.63,2941.82,2935.24,2937.96,25711.9
2025-12-28 08:00:00+00:00,87697.7,87948.0,87697.7,87771.0,1570.9,2937.96,2946.46,2936.84,2938.63,34119.893
2025-12-28 09:00:00+00:00,87771.1,87868.0,87676.4,87768.2,1272.386,2938.62,2943.0,2930.01,2936.47,56154.587
2025-12-28 10:00:00+00:00,87768.2,87980.9,87768.1,87828.7,2042.791,2936.47,2943.24,2935.39,2942.0,40265.571
2025-12-28 11:00:00+00:00,87828.7,87896.7,87774.4,87850.8,996.734,2941.99,2945.83,2938.54,2942.99,41426.969
2025-12-28 12:00:00+00:00,87850.9,87864.2,87762.2,87820.4,1106.359,2942.99,2944.31,2936.2,2937.91,31373.237
2025-12-28 13:00:00+00:00,87820.5,87931.8,87774.6,87862.5,1584.303,2937.91,2943.91,2937.18,2939.23,24670.513
2025-12-28 14:00:00+00:00,87862.6,88078.3,87862.6,87873.3,2095.616,2939.23,2954.74,2938.78,2944.01,85747.026
2025-12-28 15:00:00+00:00,87873.3,87967.3,87780.0,87797.7,1582.934,2944.01,2959.99,2944.0,2948.0,85571.598
2025-12-28 16:00:00+00:00,87797.6,87876.9,87702.7,87780.0,1592.672,2948.0,2953.5,2938.51,2941.98,51944.743
2025-12-28 17:00:00+00:00,87780.0,87902.7,87723.4,87730.1,921.592,2941.99,2950.0,2941.55,2944.6,25036.659
2025-12-28 18:00:00+00:00,87730.1,87750.7,87448.4,87570.1,4841.368,2944.6,2945.33,2922.84,2930.36,125150.612
2025-12-28 19:00:00+00:00,87570.0,87672.1,87477.8,87488.6,1875.07,2930.36,2939.14,2925.0,2932.18,57792.834
2025-12-28 20:00:00+00:00,87488.7,87630.9,87411.0,87478.2,1454.862,2932.18,2936.79,2928.91,2931.2,39232.367
2025-12-28 21:00:00+00:00,87478.2,87569.2,87402.6,87556.1,1028.697,2931.19,2938.26,2927.1,2936.99,47725.313
2025-12-28 22:00:00+00:00,87556.1,87968.4,87440.8,87868.7,1852.715,2936.99,2954.5,2933.64,2949.26,58239.725
2025-12-28 23:00:00+00:00,87868.7,88023.4,87603.3,87920.5,3126.75,2949.25,2953.32,2939.1,2949.6,62448.198
2025-12-29 00:00:00+00:00,87920.4,88414.0,87778.5,88262.2,7853.683,2949.6,2976.82,2943.1,2965.47,186727.532
2025-12-29 01:00:00+00:00,88262.2,88470.5,87828.8,88419.3,6176.22,2965.46,2985.7,2951.51,2979.81,215742.913
2025-12-29 02:00:00+00:00,88419.3,89368.6,88419.2,89129.1,17906.792,2979.81,3018.19,2979.81,3002.68,372847.712
2025-12-29 03:00:00+00:00,89129.1,90156.5,89049.2,90091.6,13276.794,3002.68,3047.89,3001.69,3042.3,307775.238
2025-12-29 04:00:00+00:00,90091.5,90373.4,89899.9,90100.1,9553.526,3042.3,3056.0,3038.02,3038.34,225373.938
2025-12-29 05:00:00+00:00,90100.1,90259.1,89869.1,89950.8,6214.977,3038.35,3044.72,3031.02,3036.01,138588.777
2025-12-29 06:00:00+00:00,89950.8,90097.6,89715.8,89740.7,4171.356,3036.01,3043.0,3030.71,3035.02,105554.685
2025-12-29 07:00:00+00:00,89740.7,89819.4,89448.1,89583.0,5524.328,3035.01,3037.5,3001.0,3018.46,218460.521
2025-12-29 08:00:00+00:00,89583.0,89791.5,89423.0,89519.0,5275.514,3018.47,3025.0,3010.08,3013.27,118523.53
2025-12-29 09:00:00+00:00,89519.0,89581.0,87715.6,88068.2,24488.492,3013.27,3015.07,2955.36,2975.35,523466.847
2025-12-29 10:00:00+00:00,88068.2,88241.1,87599.3,87747.1,9833.482,2975.34,2983.83,2960.61,2965.11,188902.116
2025-12-29 11:00:00+00:00,87747.2,87756.6,87520.1,87529.0,5702.868,2965.11,2966.36,2956.86,2958.52,119845.544
2025-12-29 12:00:00+00:00,87529.1,87605.5,86760.0,87344.0,19052.987,2958.52,2958.73,2908.58,2929.56,587230.557
2025-12-29 13:00:00+00:00,87343.9,87499.9,87124.9,87354.3,6603.622,2929.56,2936.8,2918.21,2926.13,129658.097
2025-12-29 14:00:00+00:00,87354.3,88150.0,87216.1,87399.9,15466.204,2926.13,2964.92,2915.25,2927.24,479080.34
2025-12-29 15:00:00+00:00,87400.0,87878.9,87170.5,87636.6,8596.818,2927.23,2949.39,2918.01,2934.02,268597.72
2025-12-29 16:00:00+00:00,87636.4,87800.0,87400.0,87587.0,4104.313,2934.02,2941.65,2923.53,2935.09,134247.172
2025-12-29 17:00:00+00:00,87587.0,87819.9,87300.0,87814.1,3755.77,2935.1,2942.7,2925.07,2942.28,100713.219
2025-12-29 18:00:00+00:00,87814.1,87968.1,87324.7,87426.9,4524.27,2942.28,2944.79,2911.1,2918.25,164557.708
2025-12-29 19:00:00+00:00,87426.8,87631.9,87259.6,87328.9,2855.576,2918.25,2940.62,2916.64,2930.88,173398.344
2025-12-29 20:00:00+00:00,87328.9,87569.2,87052.2,87182.9,4757.654,2930.88,2941.95,2924.5,2928.38,83480.608
2025-12-29 21:00:00+00:00,87183.0,87354.0,87150.2,87311.2,1236.456,2928.38,2937.59,2927.56,2935.87,34852.417
2025-12-29 22:00:00+00:00,87311.2,87380.4,87043.4,87317.0,1730.476,2935.87,2943.17,2929.39,2936.88,38404.772
2025-12-29 23:00:00+00:00,87317.1,87374.3,87144.0,87203.3,1342.031,2936.89,2943.2,2931.01,2936.45,59430.379
2025-12-30 00:00:00+00:00,87203.2,87329.7,87075.0,87223.2,1930.991,2936.45,2940.78,2930.05,2936.75,48360.871
2025-12-30 01:00:00+00:00,87223.2,87326.8,87074.5,87283.0,1621.846,2936.74,2938.0,2923.26,2935.32,56813.681
2025-12-30 02:00:00+00:00,87283.0,87314.6,86934.5,87072.8,4475.996,2935.32,2938.65,2922.0,2926.91,71813.636
2025-12-30 03:00:00+00:00,87072.8,87393.1,86789.0,87334.7,5410.15,2926.91,2955.01,2917.48,2950.6,175519.306
2025-12-30 04:00:00+00:00,87334.7,87454.4,87250.0,87262.0,2309.703,2950.61,2957.5,2944.57,2944.57,97080.288
2025-12-30 05:00:00+00:00,87262.1,87323.1,87105.6,87216.2,1405.238,2944.57,2946.84,2935.88,2940.4,63986.177
2025-12-30 06:00:00+00:00,87216.1,87487.7,87198.4,87404.3,2202.096,2940.4,2951.0,2939.03,2944.63,49276.099
2025-12-30 07:00:00+00:00,87404.3,87581.4,87322.6,87457.5,2254.052,2944.63,2955.0,2944.03,2949.43,53780.34
2025-12-30 08:00:00+00:00,87457.5,88190.6,87455.5,87827.1,11633.575,2949.43,3003.0,2948.81,2976.7,478492.108
2025-12-30 09:00:00+00:00,87827.0,88000.0,87609.0,87954.7,3910.604,2976.7,2987.15,2970.03,2984.55,107754.758
2025-12-30 10:00:00+00:00,87954.7,88150.1,87863.6,87914.3,4832.435,2984.55,2987.48,2972.45,2976.18,84051.63
2025-12-30 11:00:00+00:00,87914.3,87997.0,87722.5,87875.2,2950.688,2976.18,2983.65,2972.83,2977.85,74743.954
2025-12-30 12:00:00+00:00,87875.3,88055.6,87870.0,87993.4,2517.352,2977.85,2985.0,2975.51,2979.82,59538.63
2025-12-30 13:00:00+00:00,87993.3,88111.7,87874.8,88069.8,3112.449,2979.82,2991.93,2977.88,2985.46,129469.537
2025-12-30 14:00:00+00:00,88069.9,88976.3,87788.2,88831.4,16450.15,2985.46,3008.67,2956.79,2995.2,493305.324
2025-12-30 15:00:00+00:00,88831.5,89126.0,88150.0,88966.8,16821.972,2995.21,3001.42,2968.65,2988.48,290162.019
2025-12-30 16:00:00+00:00,88966.8,89355.0,88517.6,88698.9,15207.195,2988.49,2993.6,2973.72,2981.73,171509.237
2025-12-30 17:00:00+00:00,88698.8,88858.9,88070.5,88330.2,9296.671,2981.73,2985.88,2963.83,2975.67,114881.29
2025-12-30 18:00:00+00:00,88330.2,88456.5,88088.0,88259.6,3153.294,2975.66,2977.99,2958.0,2970.51,105600.527
2025-12-30 19:00:00+00:00,88259.7,88395.9,87910.4,88189.7,4854.171,2970.5,2974.0,2941.27,2970.32,240371.387
2025-12-30 20:00:00+00:00,88189.8,88189.8,87833.2,87900.3,3582.468,2970.32,2972.6,2955.11,2957.51,67892.474
2025-12-30 21:00:00+00:00,87900.2,88298.1,87846.2,88245.5,2367.884,2957.52,2968.0,2953.0,2967.44,50455.734
2025-12-30 22:00:00+00:00,88245.5,88434.8,88240.1,88387.7,1898.055,2967.44,2970.81,2964.0,2968.52,33585.649
2025-12-30 23:00:00+00:00,88387.8,88533.0,88320.0,88455.3,2546.225,2968.53,2974.8,2966.45,2972.22,42033.419
2025-12-31 00:00:00+00:00,88455.2,88455.3,88209.9,88226.3,2382.377,2972.23,2972.23,2961.16,2965.16,48948.268
2025-12-31 01:00:00+00:00,88226.2,88758.2,88134.9,88604.7,4380.66,2965.16,2983.97,2960.9,2978.4,94403.66
2025-12-31 02:00:00+00:00,88604.7,88715.5,88475.2,88639.3,2040.118,2978.4,2982.47,2972.71,2980.03,55472.927
2025-12-31 03:00:00+00:00,88639.4,88780.0,88335.0,88411.5,2876.073,2980.04,2982.54,2964.52,2969.18,89516.456
2025-12-31 04:00:00+00:00,88411.6,88509.9,88280.1,88287.3,2030.766,2969.19,2973.75,2967.13,2967.69,39487.998
2025-12-31 05:00:00+00:00,88287.2,88488.0,88287.2,88415.6,1436.781,2967.7,2978.4,2967.7,2973.67,47314.998
2025-12-31 06:00:00+00:00,88415.7,88521.8,88415.7,88470.9,1197.614,2973.67,2977.35,2972.96,2974.02,23569.426
2025-12-31 07:00:00+00:00,88471.0,88596.0,88385.0,88569.0,1619.321,2974.03,2976.0,2968.06,2975.52,34999.687
2025-12-31 08:00:00+00:00,88568.9,88690.0,88339.9,88391.2,2736.779,2975.52,2978.58,2962.21,2968.05,80555.366
2025-12-31 09:00:00+00:00,88391.3,88679.3,88389.0,88619.5,1953.465,2968.04,2976.9,2967.78,2975.58,39732.267
2025-12-31 10:00:00+00:00,88619.5,88850.0,88615.1,88804.6,3535.564,2975.58,2981.13,2974.0,2979.71,54290.238
2025-12-31 11:00:00+00:00,88804.6,89000.0,88759.4,88967.6,4214.352,2979.71,3002.01,2978.42,3000.48,202178.91
2025-12-31 12:00:00+00:00,88967.6,88997.6,88702.5,88737.0,3808.719,3000.48,3000.86,2982.7,2986.03,146633.68
2025-12-31 13:00:00+00:00,88737.0,89025.1,88700.0,88954.4,3327.744,2986.03,2998.88,2985.22,2995.59,89917.062
2025-12-31 14:00:00+00:00,88954.3,89192.8,88233.5,88443.4,11096.344,2995.59,3027.73,2979.91,2992.5,410579.87
2025-12-31 15:00:00+00:00,88443.4,88450.0,87729.2,87909.0,13304.033,2992.49,2993.0,2966.0,2984.3,286026.309
2025-12-31 16:00:00+00:00,87909.0,88024.3,87350.5,87625.9,12077.887,2984.3,2996.43,2957.59,2974.82,257511.0
2025-12-31 17:00:00+00:00,87625.9,87716.0,87454.0,87587.2,4255.614,2974.81,2979.46,2966.84,2974.56,81982.096
2025-12-31 18:00:00+00:00,87587.2,87952.0,87535.0,87655.8,5108.155,2974.56,2984.82,2970.33,2973.15,70906.244
2025-12-31 19:00:00+00:00,87655.9,87846.0,87454.0,87515.0,2612.319,2973.15,2980.65,2969.29,2970.21,41163.949
2025-12-31 20:00:00+00:00,87515.0,87683.6,87189.2,87629.0,6228.769,2970.21,2979.09,2962.2,2974.62,114109.506
2025-12-31 21:00:00+00:00,87629.0,87841.9,87629.0,87764.0,2124.139,2974.62,2984.05,2973.52,2981.04,48500.525
2025-12-31 22:00:00+00:00,87764.0,87849.7,87613.4,87695.7,1465.099,2981.04,2983.37,2973.31,2976.07,26571.778
2025-12-31 23:00:00+00:00,87695.8,87702.1,87583.6,87608.2,955.665,2976.06,2976.06,2969.01,2970.4,27142.577
2026-02-01 00:00:00+00:00,78706.7,79396.8,78600.2,78861.2,7371.698,2450.38,2474.98,2444.26,2450.8,197043.337
2026-02-01 01:00:00+00:00,78861.3,78906.3,78245.7,78504.8,5561.053,2450.8,2454.34,2428.14,2443.3,187740.444
2026-02-01 02:00:00+00:00,78504.8,79024.0,78339.6,78856.4,3765.023,2443.3,2460.69,2438.48,2451.14,95637.937
2026-02-01 03:00:00+00:00,78856.4,78971.5,78630.3,78826.3,2548.202,2451.14,2455.36,2436.39,2444.17,84211.626
2026-02-01 04:00:00+00:00,78826.3,79094.9,78680.4,78938.1,2562.343,2444.18,2453.53,2440.22,2447.05,74028.865
2026-02-01 05:00:00+00:00,78938.3,78970.1,78483.0,78583.9,4560.628,2447.04,2448.39,2422.79,2429.6,147600.235
2026-02-01 06:00:00+00:00,78583.9,78791.6,78221.0,78262.9,5182.439,2429.6,2439.12,2406.05,2417.52,170266.139
2026-02-01 07:00:00+00:00,78263.0,78687.2,77899.9,78320.8,6355.807,2417.52,2439.99,2392.04,2409.99,327088.748
2026-02-01 08:00:00+00:00,78320.8,78833.0,78213.6,78571.3,4064.486,2409.99,2427.21,2395.19,2411.71,244883.595
2026-02-01 09:00:00+00:00,78571.4,79107.4,78511.0,78997.0,2823.102,2411.72,2436.99,2405.15,2431.0,125507.266
2026-02-01 10:00:00+00:00,78996.9,79194.0,78099.8,78239.9,8117.405,2431.0,2437.95,2374.65,2379.61,355327.086
2026-02-01 11:00:00+00:00,78240.0,78838.5,78240.0,78712.1,3577.657,2379.6,2423.66,2379.6,2410.65,243477.751
2026-02-01 12:00:00+00:00,78712.1,78724.8,78199.9,78420.6,4017.205,2410.65,2411.31,2382.7,2394.8,175613.461
2026-02-01 13:00:00+00:00,78420.6,78732.0,78149.3,78280.7,3870.328,2394.8,2409.59,2367.83,2380.01,204673.673
2026-02-01 14:00:00+00:00,78280.8,78500.0,77206.3,78179.4,20060.992,2380.02,2388.19,2325.09,2371.69,718349.701
2026-02-01 15:00:00+00:00,78179.4,78220.4,76752.5,77563.8,18004.49,2371.69,2371.89,2284.68,2314.57,856084.782
2026-02-01 16:00:00+00:00,77563.8,77813.7,77056.7,77459.2,10025.064,2314.57,2331.71,2282.06,2302.8,496522.401
2026-02-01 17:00:00+00:00,77459.2,77721.5,77259.5,77711.0,5371.051,2302.79,2320.57,2295.23,2313.08,273766.894
2026-02-01 18:00:00+00:00,77711.1,78421.6,77689.1,77995.9,8662.712,2313.07,2378.09,2312.14,2349.95,464421.235
2026-02-01 19:00:00+00:00,77995.9,78073.9,76950.9,77142.4,5806.057,2349.95,2356.2,2304.59,2319.29,251517.122
2026-02-01 20:00:00+00:00,77142.4,77708.2,76543.7,77073.5,10019.653,2319.29,2348.21,2296.13,2315.08,292031.917
2026-02-01 21:00:00+00:00,77073.6,77140.2,76307.4,76489.0,10731.037,2315.08,2318.33,2276.0,2289.18,275960.922
2026-02-01 22:00:00+00:00,76489.0,77753.6,76406.4,77211.4,9478.224,2289.18,2334.13,2285.6,2317.8,261047.031
2026-02-01 23:00:00+00:00,77211.4,77586.9,75644.0,76931.5,24447.424,2317.81,2320.57,2218.0,2269.04,961798.135
2026-02-02 00:00:00+00:00,76931.6,78111.0,76560.8,77638.6,11712.592,2269.03,2322.71,2240.13,2291.44,451915.271
2026-02-02 01:00:00+00:00,77638.5,77915.0,76568.8,77482.2,10329.369,2291.44,2316.76,2247.59,2289.43,442812.459
2026-02-02 02:00:00+00:00,77482.1,77529.3,76403.5,76447.2,8411.995,2289.43,2299.01,2257.6,2260.53,303273.64
2026-02-02 03:00:00+00:00,76447.1,76538.7,74555.0,76256.2,39578.562,2260.53,2266.0,2163.21,2237.41,1154853.182
2026-02-02 04:00:00+00:00,76256.2,76579.4,75286.2,75856.3,13515.066,2237.4,2267.11,2205.51,2239.7,483850.379
2026-02-02 05:00:00+00:00,75856.3,75958.9,74853.0,75449.6,13453.056,2239.71,2242.06,2183.07,2196.71,560993.612
2026-02-02 06:00:00+00:00,75449.6,76800.0,74900.1,76511.3,19593.76,2196.7,2240.0,2156.0,2226.48,803510.998
2026-02-02 07:00:00+00:00,76511.3,76930.0,76282.2,76612.6,9587.379,2226.48,2253.82,2215.2,2227.57,407258.749
2026-02-02 08:00:00+00:00,76612.6,77157.8,76576.7,76831.2,7340.414,2227.56,2258.0,2227.56,2248.13,319001.107
2026-02-02 09:00:00+00:00,76831.2,77776.7,76610.9,77666.0,11770.136,2248.14,2317.49,2236.43,2289.77,783431.387
2026-02-02 10:00:00+00:00,77666.0,77815.8,77420.7,77463.3,6048.22,2289.77,2298.56,2272.31,2276.65,292716.473
2026-02-02 11:00:00+00:00,77463.3,77937.7,77398.2,77716.1,5754.225,2276.66,2297.07,2272.38,2281.21,235333.6
2026-02-02 12:00:00+00:00,77716.0,78400.0,77665.0,77947.5,8673.63,2281.2,2317.44,2280.78,2310.09,280061.754
2026-02-02 13:00:00+00:00,77947.5,78452.5,77756.5,78172.1,7190.53,2310.09,2334.68,2300.72,2326.29,301962.565
2026-02-02 14:00:00+00:00,78172.2,78835.5,77570.0,77797.6,21814.005,2326.29,2367.97,2295.98,2327.59,801160.649
2026-02-02 15:00:00+00:00,77797.8,79311.0,77515.6,78800.6,21275.715,2327.59,2395.4,2317.09,2370.88,651611.996
2026-02-02 16:00:00+00:00,78800.5,79248.0,78525.7,78588.8,10325.914,2370.87,2385.56,2347.78,2357.04,329928.937
2026-02-02 17:00:00+00:00,78588.8,79166.2,78553.1,78936.8,6248.465,2357.05,2379.99,2342.09,2355.07,254674.94
2026-02-02 18:00:00+00:00,78936.7,78936.7,78318.5,78523.9,6268.72,2355.07,2358.57,2332.15,2343.08,201716.297
2026-02-02 19:00:00+00:00,78523.9,78652.3,78234.9,78299.2,4352.336,2343.07,2349.3,2326.0,2329.75,163747.424
2026-02-02 20:00:00+00:00,78299.1,78634.0,77843.2,77976.7,7009.608,2329.75,2339.18,2311.47,2320.83,235532.516
2026-02-02 21:00:00+00:00,77976.9,78520.0,77880.0,78489.0,3649.632,2320.83,2343.93,2318.0,2340.93,129101.523
2026-02-02 22:00:00+00:00,78489.0,78818.2,78488.9,78758.2,2505.842,2340.93,2353.44,2334.3,2349.73,89450.749
2026-02-02 23:00:00+00:00,78758.3,78935.9,78520.4,78692.5,3237.243,2349.74,2353.74,2338.1,2345.55,98644.377
2026-02-03 00:00:00+00:00,78692.5,79070.4,78366.6,79031.1,4664.695,2345.56,2354.64,2323.49,2352.64,157985.676
2026-02-03 01:00:00+00:00,79031.1,79163.0,78677.0,78980.0,3594.649,2352.64,2358.6,2336.18,2353.27,95054.396
2026-02-03 02:00:00+00:00,78980.0,78980.1,77750.2,77774.8,7063.983,2353.27,2353.51,2295.56,2297.3,297264.113
2026-02-03 03:00:00+00:00,77774.8,78874.9,77566.5,78710.7,9532.793,2297.32,2344.27,2282.01,2343.1,421701.032
2026-02-03 04:00:00+00:00,78710.7,78967.9,78431.5,78767.4,5652.949,2343.1,2354.4,2332.24,2344.91,232812.54
2026-02-03 05:00:00+00:00,78767.5,78775.7,78183.8,78202.9,3605.733,2344.9,2345.24,2313.71,2315.28,187938.886
2026-02-03 06:00:00+00:00,78202.8,78635.0,77900.1,78557.3,6181.705,2315.28,2327.48,2296.45,2319.14,235486.378
2026-02-03 07:00:00+00:00,78557.4,78898.9,78448.1,78749.9,4420.11,2319.14,2333.0,2311.22,2322.0,168654.398
2026-02-03 08:00:00+00:00,78750.0,79049.0,78426.0,78708.7,4993.386,2322.0,2331.86,2307.78,2314.62,181074.936
2026-02-03 09:00:00+00:00,78708.7,78803.6,77900.0,78351.5,10554.022,2314.62,2317.86,2259.77,2290.88,636754.9
2026-02-03 10:00:00+00:00,78351.4,78520.0,78012.3,78077.2,3743.385,2290.87,2298.31,2275.0,2280.49,167375.052
2026-02-03 11:00:00+00:00,78077.3,78315.9,77960.0,78040.1,3912.604,2280.5,2287.34,2269.29,2275.63,203095.069
2026-02-03 12:00:00+00:00,78040.1,78377.8,77950.0,78289.8,4021.096,2275.63,2305.43,2271.01,2300.01,186056.572
2026-02-03 13:00:00+00:00,78289.8,78425.8,78150.0,78260.4,4227.172,2300.0,2316.36,2295.17,2311.06,156617.416
2026-02-03 14:00:00+00:00,78260.4,78397.5,77131.2,77164.5,18781.526,2311.07,2316.0,2254.0,2255.66,485036.553
2026-02-03 15:00:00+00:00,77164.5,78184.0,77000.5,78094.1,24417.328,2255.66,2313.84,2250.66,2302.16,694180.392
2026-02-03 16:00:00+00:00,78094.2,78101.5,76448.0,76458.2,24540.659,2302.16,2302.7,2234.16,2239.88,690078.215
2026-02-03 17:00:00+00:00,76458.2,76500.0,74844.7,74882.4,28936.029,2239.87,2244.0,2191.23,2194.32,752795.761
2026-02-03 18:00:00+00:00,74882.4,75267.8,73100.0,73111.7,44143.435,2194.32,2206.12,2103.4,2119.08,1512724.942
2026-02-03 19:00:00+00:00,73111.7,75221.4,72889.2,74893.8,40615.508,2119.07,2218.64,2110.58,2204.33,1121475.401
2026-02-03 20:00:00+00:00,74893.9,76690.0,74541.0,76431.9,24533.336,2204.33,2353.97,2186.69,2298.93,1088374.2
2026-02-03 21:00:00+00:00,76431.9,76920.7,76069.0,76199.9,9470.027,2298.92,2339.07,2278.43,2283.21,392106.597
2026-02-03 22:00:00+00:00,76200.0,76269.6,75377.3,75672.5,9419.354,2283.2,2285.57,2226.51,2234.81,403423.496
2026-02-03 23:00:00+00:00,75672.5,75969.3,75393.4,75732.4,6700.032,2234.8,2247.44,2211.0,2232.23,380141.556
2026-02-04 00:00:00+00:00,75732.4,76229.1,75420.0,75871.0,6394.408,2232.23,2255.55,2221.77,2239.74,191995.538
2026-02-04 01:00:00+00:00,75871.0,76786.1,75871.0,76392.0,7247.042,2239.74,2280.5,2239.74,2267.21,245716.361
2026-02-04 02:00:00+00:00,76392.1,76571.9,75670.0,75926.8,5834.487,2267.21,2275.43,2241.2,2250.62,165965.869
2026-02-04 03:00:00+00:00,75926.9,76952.5,75870.5,76661.1,5754.356,2250.62,2295.0,2247.58,2282.23,230111.803
2026-02-04 04:00:00+00:00,76661.1,76809.4,76385.1,76448.0,2713.172,2282.22,2289.07,2269.47,2272.72,102200.467
2026-02-04 05:00:00+00:00,76448.0,76497.2,76072.0,76255.0,3255.829,2272.71,2279.56,2255.13,2264.38,142686.254
2026-02-04 06:00:00+00:00,76255.0,76761.0,76218.5,76616.9,3682.973,2264.38,2283.46,2257.32,2276.5,158881.174
2026-02-04 07:00:00+00:00,76616.8,76626.4,76304.0,76478.9,3514.953,2276.51,2294.38,2262.34,2282.93,217146.344
2026-02-04 08:00:00+00:00,76478.9,76557.8,76027.0,76541.3,5698.674,2282.93,2285.29,2265.68,2278.8,127738.675
2026-02-04 09:00:00+00:00,76541.2,76568.0,75925.5,76081.9,5305.818,2278.81,2278.98,2250.02,2259.89,187259.318
2026-02-04 10:00:00+00:00,76082.0,76308.9,76025.6,76266.8,3386.506,2259.89,2263.77,2248.88,2259.61,101128.566
2026-02-04 11:00:00+00:00,76266.7,76266.8,75629.9,75987.6,9441.372,2259.61,2267.79,2225.24,2253.73,486235.197
2026-02-04 12:00:00+00:00,75987.6,76245.5,75968.5,76160.0,5058.132,2253.73,2262.2,2230.81,2243.11,218385.463
2026-02-04 13:00:00+00:00,76160.0,76163.6,74829.6,74838.4,12929.177,2243.1,2245.11,2195.71,2197.32,493885.373
2026-02-04 14:00:00+00:00,74838.3,75764.4,74201.5,74328.9,25722.339,2197.32,2225.62,2166.52,2170.61,1007116.239
2026-02-04 15:00:00+00:00,74329.0,75299.0,73756.0,74107.0,34340.197,2170.61,2197.25,2135.0,2150.44,1026841.291
2026-02-04 16:00:00+00:00,74107.0,74211.8,73038.0,73609.1,30314.166,2150.45,2159.69,2104.0,2134.13,1171367.177
2026-02-04 17:00:00+00:00,73609.1,73825.7,72101.0,72544.2,35666.746,2134.12,2154.33,2091.55,2125.26,1036896.494
2026-02-04 18:00:00+00:00,72544.3,74097.6,72227.8,73398.4,30771.346,2125.26,2185.7,2073.68,2147.24,1419828.071
2026-02-04 19:00:00+00:00,73398.4,73987.4,73004.0,73895.3,13987.103,2147.25,2195.0,2132.19,2187.77,551744.113
2026-02-04 20:00:00+00:00,73895.2,74141.1,73390.1,73488.9,7235.643,2187.76,2192.3,2160.79,2171.18,242713.521
2026-02-04 21:00:00+00:00,73488.9,73632.0,72150.0,72772.8,10132.452,2171.18,2179.9,2107.05,2128.66,402332.471
2026-02-04 22:00:00+00:00,72772.9,73675.3,71838.0,72511.1,15964.689,2128.65,2167.69,2086.0,2119.25,402019.598
2026-02-04 23:00:00+00:00,72511.0,73500.0,72431.3,73137.4,8773.059,2119.25,2165.0,2114.09,2147.01,255269.239
2026-02-05 00:00:00+00:00,73137.5,73300.0,72724.0,72838.9,6424.887,2147.01,2163.45,2135.66,2149.03,180322.787
2026-02-05 01:00:00+00:00,72838.9,73316.3,71950.0,72389.2,14434.871,2149.03,2173.0,2121.89,2147.8,350247.538
2026-02-05 02:00:00+00:00,72389.1,72832.5,71263.1,71429.1,24176.335,2147.79,2163.1,2111.73,2123.31,472734.073
2026-02-05 03:00:00+00:00,71429.1,71850.0,71111.0,71198.9,16641.703,2123.31,2136.34,2096.82,2109.11,404837.714
2026-02-05 04:00:00+00:00,71199.0,71420.3,70676.3,70873.2,23330.56,2109.12,2124.99,2077.78,2103.1,595810.471
2026-02-05 05:00:00+00:00,70863.9,71122.0,70085.3,70694.9,21443.23,2103.11,2124.03,2076.26,2100.43,628685.577
2026-02-05 06:00:00+00:00,70694.8,70955.0,70367.1,70911.4,11973.932,2100.44,2106.66,2061.22,2086.31,543816.864
2026-02-05 07:00:00+00:00,70911.5,71600.0,70587.5,70716.1,13881.524,2086.31,2123.78,2084.39,2090.57,464278.71
2026-02-05 08:00:00+00:00,70716.1,71511.0,70639.7,71020.9,9452.816,2090.56,2120.0,2090.11,2110.84,274222.562
2026-02-05 09:00:00+00:00,71020.9,71944.4,71006.5,71531.7,11658.845,2110.85,2149.38,2110.02,2132.71,340631.177
2026-02-05 10:00:00+00:00,71531.6,71693.3,70609.4,70820.3,9242.383,2132.72,2139.58,2084.6,2096.49,368462.279
2026-02-05 11:00:00+00:00,70820.3,71020.0,69862.0,70279.0,24802.093,2096.49,2104.11,2060.0,2078.74,664308.656
2026-02-05 12:00:00+00:00,70279.1,70566.6,69112.1,69532.9,35071.848,2078.72,2093.06,2039.14,2062.96,802012.32
2026-02-05 13:00:00+00:00,69532.9,69798.6,69223.0,69656.3,12997.128,2062.95,2080.0,2048.0,2057.52,388071.793
2026-02-05 14:00:00+00:00,69656.3,70848.6,69247.3,69365.5,30259.452,2057.52,2107.34,2041.33,2045.37,857229.163
2026-02-05 15:00:00+00:00,69365.4,69569.6,66666.0,67451.9,90464.247,2045.37,2053.25,1925.41,1959.21,2486861.93
2026-02-05 16:00:00+00:00,67452.0,68667.4,66904.2,68262.7,36078.283,1959.21,2017.49,1942.63,1997.34,935146.619
2026-02-05 17:00:00+00:00,68262.7,68348.6,66125.0,66153.9,42861.988,1997.33,2000.72,1941.09,1953.53,754238.795
2026-02-05 18:00:00+00:00,66153.8,66519.2,65359.1,66312.1,37138.161,1953.53,1967.93,1912.54,1948.76,801343.528
2026-02-05 19:00:00+00:00,66312.1,66615.3,65160.0,65237.4,22706.81,1948.76,1952.09,1916.19,1927.24,406217.117
2026-02-05 20:00:00+00:00,65237.5,65678.1,62233.3,63750.9,77533.689,1927.24,1941.99,1823.16,1868.38,1584330.872
2026-02-05 21:00:00+00:00,63750.9,64759.2,62853.9,63188.8,45680.642,1868.37,1911.14,1838.0,1848.73,916530.23
2026-02-05 22:00:00+00:00,63188.8,64591.1,62644.3,63878.7,25968.909,1848.74,1889.21,1813.44,1869.54,675945.166
2026-02-05 23:00:00+00:00,63878.7,64866.0,62666.3,62868.1,25865.405,1869.52,1906.53,1818.05,1824.95,759174.8
2026-02-06 00:00:00+00:00,62868.1,63812.5,59800.0,63460.4,94089.579,1824.94,1892.61,1736.02,1869.28,1929578.717
2026-02-06 01:00:00+00:00,63460.4,65741.4,63458.1,65666.0,39678.824,1869.29,1939.69,1868.5,1930.79,898536.277
2026-02-06 02:00:00+00:00,65666.0,65969.5,64124.9,64955.6,28572.122,1930.8,1947.5,1889.84,1906.7,640539.542
2026-02-06 03:00:00+00:00,64955.6,65126.9,63702.3,64138.1,14629.783,1906.69,1916.8,1878.6,1891.17,336185.253
2026-02-06 04:00:00+00:00,64138.1,64974.8,63924.7,64865.1,9945.249,1891.18,1917.47,1885.02,1907.9,236057.316
2026-02-06 05:00:00+00:00,64865.1,66783.0,64767.3,66365.3,19082.992,1907.89,1974.83,1905.7,1957.62,466605.353
2026-02-06 06:00:00+00:00,66365.3,66753.7,64805.3,64947.6,23433.626,1957.62,1966.08,1905.5,1907.55,455106.142
2026-02-06 07:00:00+00:00,64947.6,65509.6,64590.1,64811.2,17636.101,1907.54,1914.43,1886.01,1898.21,466527.681
2026-02-06 08:00:00+00:00,64811.2,65168.9,64438.9,64850.1,13883.424,1898.21,1906.23,1865.24,1873.78,521399.058
2026-02-06 09:00:00+00:00,64850.2,66119.2,64716.6,65757.9,15267.607,1873.78,1928.84,1870.3,1918.44,524238.672
2026-02-06 10:00:00+00:00,65757.9,66198.7,65500.0,65929.4,11219.667,1918.44,1937.46,1909.03,1926.27,356895.974
2026-02-06 11:00:00+00:00,65929.5,66773.4,65732.1,66586.1,13740.05,1926.27,1939.8,1919.0,1931.76,237717.987
2026-02-06 12:00:00+00:00,66586.1,66588.0,66072.0,66522.6,9918.345,1931.75,1931.75,1914.0,1920.01,233467.762
2026-02-06 13:00:00+00:00,66522.7,67661.8,66440.8,67274.9,24032.659,1920.01,1961.84,1918.46,1949.3,522917.592
2026-02-06 14:00:00+00:00,67274.9,68588.0,66539.3,68149.1,39719.043,1949.3,2001.86,1932.0,1978.2,866015.153
2026-02-06 15:00:00+00:00,68149.1,69157.9,67715.0,68577.5,32017.004,1978.21,1996.4,1960.0,1979.49,570505.193
2026-02-06 16:00:00+00:00,68577.5,70188.8,68348.0,69896.0,35363.519,1979.49,2047.25,1969.99,2034.94,888434.013
2026-02-06 17:00:00+00:00,69896.0,71451.6,69536.0,70707.3,33804.794,2034.96,2090.0,2026.8,2066.53,789702.128
2026-02-06 18:00:00+00:00,70707.3,70772.1,69301.8,69728.7,26679.981,2066.53,2070.0,2029.67,2044.21,615397.895
2026-02-06 19:00:00+00:00,69728.7,70927.8,69608.0,70675.5,12127.002,2044.21,2072.0,2032.3,2065.15,323078.764
2026-02-06 20:00:00+00:00,70675.5,70954.7,69925.3,69939.0,13222.419,2065.14,2095.1,2042.43,2053.19,421553.287
2026-02-06 21:00:00+00:00,69939.0,70454.8,69764.7,70308.7,6390.025,2053.19,2061.45,2041.41,2053.45,166345.076
2026-02-06 22:00:00+00:00,70308.7,71550.0,70227.7,71321.1,12899.943,2053.45,2086.05,2045.08,2074.06,275428.507
2026-02-06 23:00:00+00:00,71321.2,71714.4,70469.1,70544.5,11829.011,2074.05,2087.7,2049.36,2062.54,249908.586
2026-02-07 00:00:00+00:00,70544.5,70569.4,69674.5,69917.1,14132.531,2062.55,2063.74,2036.02,2043.09,238341.929
2026-02-07 01:00:00+00:00,69917.2,70665.1,69695.9,70431.1,7386.123,2043.09,2065.9,2031.76,2060.69,177425.279
2026-02-07 02:00:00+00:00,70431.0,70589.1,70101.1,70319.0,4176.687,2060.69,2064.5,2047.32,2058.46,106025.792
2026-02-07 03:00:00+00:00,70319.1,70899.5,70237.4,70887.1,6160.414,2058.47,2085.52,2057.52,2079.62,236721.815
2026-02-07 04:00:00+00:00,70887.2,71690.0,70564.0,70728.7,12773.123,2079.61,2118.87,2077.58,2086.14,430418.684
2026-02-07 05:00:00+00:00,70728.6,71150.0,69906.4,70124.6,11941.722,2086.14,2103.1,2076.28,2082.74,183667.951
2026-02-07 06:00:00+00:00,70124.6,70274.5,68700.0,68733.6,19458.749,2082.73,2092.7,2045.96,2046.54,291719.363
2026-02-07 07:00:00+00:00,68733.6,69050.0,67250.0,68050.5,44529.556,2046.55,2054.86,1993.34,2026.09,852678.061
2026-02-07 08:00:00+00:00,68050.5,68797.8,67710.8,68458.5,16734.464,2026.09,2031.53,2014.12,2018.32,235383.32
2026-02-07 09:00:00+00:00,68458.6,68732.0,67855.0,68107.4,9297.469,2018.32,2029.4,2004.14,2013.64,195399.051
2026-02-07 10:00:00+00:00,68107.3,68288.0,67550.2,67954.8,7765.738,2013.63,2019.35,1998.52,2009.7,178471.87
2026-02-07 11:00:00+00:00,67954.8,68132.1,67639.2,67935.1,6036.474,2009.71,2021.9,2005.88,2017.52,123879.47
2026-02-07 12:00:00+00:00,67935.0,70000.0,67870.2,68988.7,30337.618,2017.53,2075.61,2015.87,2040.6,587913.623
2026-02-07 13:00:00+00:00,68988.7,69333.0,68771.8,69062.8,7345.268,2040.61,2050.0,2027.27,2040.76,216705.358
2026-02-07 14:00:00+00:00,69062.9,69154.9,68290.0,68615.9,8372.204,2040.77,2048.75,2008.18,2019.4,269304.678
2026-02-07 15:00:00+00:00,68615.8,69776.9,68519.9,69122.1,13671.289,2019.4,2063.12,2013.13,2051.49,297117.495
2026-02-07 16:00:00+00:00,69122.1,69887.7,68801.0,68924.3,18840.729,2051.49,2125.0,2009.0,2049.07,3562323.006
2026-02-07 17:00:00+00:00,68924.4,69399.2,68478.1,69154.3,7519.676,2049.07,2072.81,2031.66,2060.26,210680.107
2026-02-07 18:00:00+00:00,69154.2,69672.6,68966.9,69475.0,4883.362,2060.26,2109.07,2057.87,2096.06,285651.084
2026-02-07 19:00:00+00:00,69475.0,69555.2,69222.3,69341.4,2843.488,2096.06,2100.99,2082.41,2090.11,125192.3
2026-02-07 20:00:00+00:00,69341.3,69688.2,69216.6,69596.5,2410.976,2090.1,2116.79,2083.52,2104.08,158441.074
2026-02-07 21:00:00+00:00,69596.5,69669.7,69312.0,69466.3,2010.778,2104.09,2110.0,2096.49,2099.63,82919.261
2026-02-07 22:00:00+00:00,69466.2,69673.6,69273.5,69368.2,1928.806,2099.62,2106.83,2086.51,2087.73,60908.233
2026-02-07 23:00:00+00:00,69368.2,69436.8,68734.6,69254.2,6106.407,2087.73,2094.57,2072.0,2085.93,135147.697
2026-02-08 00:00:00+00:00,69254.3,69399.4,68843.7,69100.2,4054.301,2085.94,2093.62,2075.55,2083.27,102497.18
2026-02-08 01:00:00+00:00,69100.3,69478.2,69057.4,69341.5,3303.609,2083.28,2096.67,2080.98,2095.01,96811.639
2026-02-08 02:00:00+00:00,69341.4,69666.0,69111.0,69335.7,4375.413,2095.02,2106.0,2080.59,2087.97,126378.865
2026-02-08 03:00:00+00:00,69335.7,69418.2,69026.5,69064.7,3178.329,2087.97,2092.4,2075.56,2077.86,95990.642
2026-02-08 04:00:00+00:00,69064.7,69348.8,68928.0,69303.4,2424.538,2077.87,2087.69,2065.28,2086.45,149807.654
2026-02-08 05:00:00+00:00,69303.4,69397.1,69112.2,69190.7,2627.932,2086.45,2087.48,2077.48,2083.55,69825.132
2026-02-08 06:00:00+00:00,69190.8,69391.1,69055.0,69321.8,2808.127,2083.55,2087.96,2075.89,2078.34,69028.363
2026-02-08 07:00:00+00:00,69321.7,69693.0,69175.9,69665.0,4242.838,2078.33,2083.8,2067.16,2083.48,139258.242
2026-02-08 08:00:00+00:00,69665.1,70790.0,69467.9,70624.5,16299.522,2083.49,2124.0,2077.01,2115.24,337595.458
2026-02-08 09:00:00+00:00,70624.4,70671.5,70058.0,70066.8,6897.388,2115.24,2122.84,2094.25,2099.56,207996.189
2026-02-08 10:00:00+00:00,70066.9,70422.2,69839.1,70231.1,10093.15,2099.55,2113.33,2082.0,2095.0,204418.022
2026-02-08 11:00:00+00:00,70231.1,71199.9,70182.1,70954.0,10531.788,2094.99,2137.0,2093.2,2130.98,353485.821
2026-02-08 12:00:00+00:00,70954.0,71281.3,70653.0,71203.4,7465.325,2130.98,2144.35,2124.32,2130.01,312204.649
2026-02-08 13:00:00+00:00,71203.4,71479.7,70921.6,71472.6,7550.342,2130.01,2141.0,2116.53,2125.37,304651.686
2026-02-08 14:00:00+00:00,71472.5,71524.9,71047.1,71218.3,5452.751,2125.37,2128.43,2115.07,2127.73,117127.566
2026-02-08 15:00:00+00:00,71218.3,71433.2,70730.2,71152.6,7786.826,2127.73,2129.95,2096.0,2107.31,278905.114
2026-02-08 16:00:00+00:00,71152.5,71225.5,70220.1,70388.7,9205.941,2107.3,2115.0,2070.91,2079.82,281888.94
2026-02-08 17:00:00+00:00,70388.6,70840.9,70374.8,70754.5,5510.516,2079.82,2098.19,2078.99,2091.09,153816.1
2026-02-08 18:00:00+00:00,70754.4,71376.3,70710.4,71103.1,5755.059,2091.09,2121.0,2089.55,2108.0,181667.05
2026-02-08 19:00:00+00:00,71103.0,71480.0,71100.5,71381.0,2974.356,2108.01,2128.88,2106.25,2125.76,104731.343
2026-02-08 20:00:00+00:00,71381.0,71381.3,70657.7,70801.5,4304.587,2125.78,2126.24,2098.38,2103.49,105126.139
2026-02-08 21:00:00+00:00,70801.5,71103.8,70500.0,70665.4,3400.505,2103.49,2114.26,2088.38,2092.58,122277.824
2026-02-08 22:00:00+00:00,70665.5,71076.4,70607.4,71036.2,2602.596,2092.59,2112.0,2092.41,2107.43,85752.623
2026-02-08 23:00:00+00:00,71036.2,72300.0,69913.3,70288.1,29907.848,2107.43,2152.0,2070.46,2088.6,553937.038
2026-02-09 00:00:00+00:00,70288.2,70738.5,70065.8,70454.1,7449.806,2088.59,2096.46,2075.03,2083.16,161365.338
2026-02-09 01:00:00+00:00,70453.8,70892.8,70013.3,70328.0,7691.265,2083.15,2100.53,2052.92,2069.84,386544.19
2026-02-09 02:00:00+00:00,70327.9,70979.8,70175.1,70593.0,5502.864,2069.84,2094.92,2064.31,2080.44,175467.149
2026-02-09 03:00:00+00:00,70593.1,71434.9,70571.4,71269.9,7431.204,2080.44,2102.42,2080.11,2099.01,142328.318
2026-02-09 04:00:00+00:00,71269.8,71320.0,70875.0,70967.0,4094.329,2099.01,2100.88,2085.28,2089.36,94414.626
2026-02-09 05:00:00+00:00,70966.9,71079.0,70766.8,71014.2,3491.471,2089.36,2096.47,2082.43,2094.54,81999.802
2026-02-09 06:00:00+00:00,71014.1,71014.2,70251.1,70622.4,6532.962,2094.53,2094.54,2071.03,2080.37,171634.948
2026-02-09 07:00:00+00:00,70622.4,70868.1,70317.8,70393.5,5044.225,2080.36,2086.64,2063.28,2064.42,154334.417
2026-02-09 08:00:00+00:00,70393.5,70583.3,69358.6,69832.2,13254.842,2064.42,2069.2,2033.17,2048.84,380633.943
2026-02-09 09:00:00+00:00,69832.1,70081.9,69429.5,69588.0,7835.646,2048.84,2056.81,2033.41,2041.34,178552.408
2026-02-09 10:00:00+00:00,69587.9,69698.9,68373.9,68694.0,19882.71,2041.34,2046.48,2012.0,2021.73,360183.918
2026-02-09 11:00:00+00:00,68694.1,68997.6,68550.0,68899.9,8037.784,2021.74,2035.88,2019.64,2027.43,209477.045
2026-02-09 12:00:00+00:00,68900.0,69220.0,68822.2,69109.7,8382.834,2027.44,2038.5,2026.24,2034.59,134698.044
2026-02-09 13:00:00+00:00,69109.7,69275.7,68548.3,68556.9,8131.572,2034.6,2049.93,2021.52,2021.69,232163.81
2026-02-09 14:00:00+00:00,68557.0,69740.4,68271.7,69232.4,23586.094,2021.68,2049.02,2008.0,2042.39,528453.689
2026-02-09 15:00:00+00:00,69232.5,69843.7,68767.6,69528.9,16427.319,2042.4,2072.92,2031.29,2060.27,522592.348
2026-02-09 16:00:00+00:00,69528.9,70389.5,69050.0,70049.1,14912.022,2060.28,2109.16,2046.41,2090.26,445397.937
2026-02-09 17:00:00+00:00,70049.1,71008.0,69824.4,70570.6,15731.566,2090.27,2136.73,2076.95,2126.62,436924.17
2026-02-09 18:00:00+00:00,70570.6,70978.6,70045.9,70379.9,9082.287,2126.61,2142.82,2108.01,2130.12,356099.715
2026-02-09 19:00:00+00:00,70379.9,71041.0,70213.1,70912.7,7258.748,2130.11,2138.0,2118.34,2130.56,169000.05
2026-02-09 20:00:00+00:00,70912.6,71085.0,70450.0,70683.9,7956.699,2130.55,2148.0,2117.01,2123.68,212522.64
2026-02-09 21:00:00+00:00,70683.9,70758.0,69776.1,70362.4,8040.421,2123.68,2130.0,2086.87,2121.22,328571.019
2026-02-09 22:00:00+00:00,70362.4,70687.9,70236.3,70334.2,3671.125,2121.23,2125.24,2110.32,2114.07,128868.119
2026-02-09 23:00:00+00:00,70334.2,70542.9,70042.1,70110.5,3013.033,2114.07,2121.82,2100.01,2103.96,120161.738
2026-02-10 00:00:00+00:00,70110.6,70226.3,69705.8,69793.3,5042.715,2103.96,2111.78,2095.27,2095.72,93667.221
2026-02-10 01:00:00+00:00,69793.3,70499.9,69793.3,70454.7,5037.602,2095.73,2123.7,2095.21,2116.3,129915.468
2026-02-10 02:00:00+00:00,70454.7,70454.7,69952.8,70068.4,3527.539,2116.3,2120.99,2101.16,2107.08,83537.377
2026-02-10 03:00:00+00:00,70068.5,70137.4,69155.8,69473.3,8925.251,2107.09,2109.93,2049.64,2063.7,490086.379
2026-02-10 04:00:00+00:00,69473.2,69886.1,69432.9,69800.5,5095.792,2063.71,2073.32,2061.31,2069.54,186761.753
2026-02-10 05:00:00+00:00,69800.5,69832.1,69169.1,69415.3,5921.583,2069.54,2071.0,2043.08,2051.7,212728.948
2026-02-10 06:00:00+00:00,69415.4,69469.8,68633.3,68872.4,9749.316,2051.7,2056.6,1996.06,2007.65,748546.806
2026-02-10 07:00:00+00:00,68872.4,69173.4,68800.1,68882.1,6144.663,2007.66,2018.61,1996.48,2006.05,302139.509
2026-02-10 08:00:00+00:00,68882.2,69195.2,68686.9,69091.9,6812.081,2006.06,2016.91,1993.35,2013.42,322666.752
2026-02-10 09:00:00+00:00,69091.8,69376.3,68913.9,69115.0,6222.059,2013.41,2029.0,2008.48,2015.75,223140.202
2026-02-10 10:00:00+00:00,69115.0,69232.7,68876.5,68884.8,3084.9,2015.75,2020.97,2008.24,2012.72,101839.469
2026-02-10 11:00:00+00:00,68884.8,69048.9,68406.4,68489.9,8671.396,2012.73,2021.2,1999.78,2001.87,207218.893
2026-02-10 12:00:00+00:00,68489.9,68819.1,68370.3,68564.8,6344.953,2001.87,2016.12,2001.1,2006.61,158091.089
2026-02-10 13:00:00+00:00,68564.7,69099.6,68318.0,68981.9,8027.556,2006.6,2026.81,1993.1,2020.94,266336.04
2026-02-10 14:00:00+00:00,68981.8,69554.7,67883.0,68426.3,27724.225,2020.94,2038.72,1983.77,2008.31,613208.291
2026-02-10 15:00:00+00:00,68426.3,69485.0,68258.7,69251.5,19063.302,2008.31,2028.99,2002.11,2021.32,359532.875
2026-02-10 16:00:00+00:00,69251.4,69778.0,68889.7,69473.5,10899.266,2021.32,2037.43,2010.56,2024.88,263583.601
2026-02-10 17:00:00+00:00,69473.5,69957.9,69267.8,69886.6,8006.235,2024.87,2046.1,2018.42,2038.87,190564.47
2026-02-10 18:00:00+00:00,69886.5,69910.1,68555.6,68860.0,10012.65,2038.88,2041.61,1994.11,2008.28,294097.126
2026-02-10 19:00:00+00:00,68860.0,69278.2,68658.9,69031.4,5821.034,2008.27,2024.94,2001.85,2016.82,126438.118
2026-02-10 20:00:00+00:00,69031.3,69116.9,68585.6,68719.2,4464.833,2016.82,2020.59,2003.51,2010.35,112289.97
2026-02-10 21:00:00+00:00,68719.2,68980.0,68322.1,68623.3,4547.422,2010.36,2016.88,1995.57,2007.27,106580.005
2026-02-10 22:00:00+00:00,68623.3,68833.5,68526.6,68662.7,2536.382,2007.27,2019.71,2006.0,2016.76,69204.313
2026-02-10 23:00:00+00:00,68662.7,68830.8,68468.9,68805.3,2189.854,2016.76,2021.72,2011.43,2021.51,57365.051
2026-02-11 00:00:00+00:00,68805.3,69218.3,68750.0,69156.8,3950.544,2021.51,2028.8,2018.0,2023.98,81891.768
2026-02-11 01:00:00+00:00,69156.9,69262.7,68868.8,68947.5,2672.496,2023.99,2030.0,2015.0,2023.17,85860.197
2026-02-11 02:00:00+00:00,68947.5,69132.7,68563.8,68641.3,3918.734,2023.16,2031.0,2013.16,2016.53,94258.983
2026-02-11 03:00:00+00:00,68641.3,68718.0,67951.8,68143.6,8603.423,2016.52,2020.93,1996.0,2008.41,211205.315
2026-02-11 04:00:00+00:00,68143.6,68288.0,67320.0,67548.8,13524.481,2008.4,2010.28,1961.97,1970.63,526278.824
2026-02-11 05:00:00+00:00,67548.8,67781.4,67357.0,67367.8,5558.451,1970.63,1981.11,1970.25,1973.3,142222.233
2026-02-11 06:00:00+00:00,67367.8,67463.4,66511.0,66788.0,15850.0,1973.31,1976.49,1937.0,1947.78,589419.699
2026-02-11 07:00:00+00:00,66786.3,67225.0,66600.1,67000.0,8187.628,1947.78,1957.31,1943.8,1949.56,187291.62
2026-02-11 08:00:00+00:00,67000.0,67094.4,66755.2,66950.3,5194.714,1949.55,1952.37,1934.11,1948.76,217666.475
2026-02-11 09:00:00+00:00,66950.3,67085.5,66682.1,66848.6,4120.254,1948.77,1952.95,1941.88,1945.63,107186.379
2026-02-11 10:00:00+00:00,66848.6,66864.8,66342.6,66506.0,8850.049,1945.63,1945.64,1930.39,1938.27,209230.728
2026-02-11 11:00:00+00:00,66506.1,67087.4,66477.9,67023.0,7071.645,1938.26,1955.99,1936.0,1952.33,177033.96
2026-02-11 12:00:00+00:00,67022.9,67400.0,66922.5,67099.2,9017.22,1952.32,1966.73,1946.95,1951.21,225573.647
2026-02-11 13:00:00+00:00,67099.2,67638.4,66757.9,67424.2,16779.184,1951.21,1969.0,1941.12,1959.43,347530.831
2026-02-11 14:00:00+00:00,67424.1,68821.1,66400.0,66559.9,39554.805,1959.43,2015.43,1936.17,1942.31,1052096.443
2026-02-11 15:00:00+00:00,66559.8,66788.7,65718.5,66489.3,29237.621,1942.31,1949.5,1901.22,1928.05,781041.902
2026-02-11 16:00:00+00:00,66489.4,67250.0,65910.0,66008.0,16888.019,1928.04,1955.44,1908.48,1914.44,493062.424
2026-02-11 17:00:00+00:00,66008.0,66895.0,65834.5,66489.1,11145.115,1914.43,1941.86,1907.53,1928.92,337217.468
2026-02-11 18:00:00+00:00,66489.1,67274.6,66114.5,67239.2,8778.468,1928.93,1947.86,1914.42,1943.3,246636.136
2026-02-11 19:00:00+00:00,67239.2,67831.4,67069.4,67547.7,10690.909,1943.3,1959.0,1937.01,1951.26,222810.379
2026-02-11 20:00:00+00:00,67547.6,67720.0,67138.4,67523.2,5348.964,1951.26,1957.91,1938.96,1953.26,130894.25
2026-02-11 21:00:00+00:00,67523.3,68315.0,67371.5,67780.6,10323.114,1953.25,1987.47,1949.92,1969.39,254926.876
2026-02-11 22:00:00+00:00,67780.6,67844.1,67352.6,67392.0,4026.619,1969.39,1972.43,1946.89,1950.29,127111.663
2026-02-11 23:00:00+00:00,67392.1,67528.7,66757.4,67054.4,7333.067,1950.29,1956.19,1929.62,1940.07,153268.407
2026-02-12 00:00:00+00:00,67054.8,67685.0,67016.6,67431.6,6121.49,1940.07,1962.47,1940.07,1957.67,127385.348
2026-02-12 01:00:00+00:00,67431.7,68021.0,67430.5,67668.4,6103.855,1957.67,1977.0,1957.67,1964.67,147128.935
2026-02-12 02:00:00+00:00,67668.3,67769.1,67370.7,67408.3,4180.768,1964.67,1970.85,1954.68,1957.82,126629.215
2026-02-12 03:00:00+00:00,67408.3,67564.1,67267.1,67550.2,2723.961,1957.83,1968.34,1956.1,1967.75,69558.97
2026-02-12 04:00:00+00:00,67550.3,67659.6,66962.8,66989.9,6024.71,1967.74,1974.65,1958.97,1964.78,160859.549
2026-02-12 05:00:00+00:00,66989.8,67178.2,66640.0,67110.1,5661.38,1964.77,1971.29,1952.24,1969.8,142636.48
2026-02-12 06:00:00+00:00,67110.1,67329.0,66976.8,67096.1,3145.66,1969.79,1982.36,1964.8,1974.18,139952.204
2026-02-12 07:00:00+00:00,67096.1,67296.8,66902.6,67181.5,3137.466,1974.18,1977.34,1965.15,1966.97,91726.636
2026-02-12 08:00:00+00:00,67181.5,67313.9,66860.0,67107.3,3535.509,1966.97,1973.0,1956.19,1964.59,151558.159
2026-02-12 09:00:00+00:00,67107.4,67699.9,67012.5,67517.7,5312.339,1964.6,1990.0,1962.31,1981.31,222423.736
2026-02-12 10:00:00+00:00,67517.7,67998.8,67372.1,67979.5,5671.9,1981.31,1994.69,1976.51,1993.04,200490.146
2026-02-12 11:00:00+00:00,67979.4,68265.5,67650.1,68031.8,9190.079,1993.04,2000.9,1982.6,1987.88,206559.357
2026-02-12 12:00:00+00:00,68031.8,68125.8,67684.8,67832.4,6241.212,1987.87,1989.97,1973.53,1979.84,173786.49
2026-02-12 13:00:00+00:00,67832.4,68375.9,67643.3,68339.9,8579.923,1979.85,1995.53,1974.36,1993.96,168352.331
2026-02-12 14:00:00+00:00,68340.0,68385.0,67448.4,67547.5,12764.267,1993.95,1995.25,1972.06,1977.64,263017.923
2026-02-12 15:00:00+00:00,67547.8,67970.9,66958.0,67107.0,17537.156,1977.64,1984.27,1943.44,1947.47,525626.432
2026-02-12 16:00:00+00:00,67107.0,67221.9,65503.2,65825.7,32467.878,1947.47,1949.0,1893.77,1907.82,974019.849
2026-02-12 17:00:00+00:00,65825.7,66238.8,65320.4,65383.9,16841.36,1907.82,1926.68,1901.08,1909.08,368721.672
2026-02-12 18:00:00+00:00,65383.8,65763.0,65081.0,65559.4,12697.179,1909.09,1923.8,1900.23,1917.49,276839.351
2026-02-12 19:00:00+00:00,65559.4,66090.8,65234.0,65760.7,8965.275,1917.5,1940.27,1909.67,1924.36,223357.561
2026-02-12 20:00:00+00:00,65760.7,66008.7,65177.8,65401.0,7181.946,1924.36,1930.95,1908.29,1914.58,135375.212
2026-02-12 21:00:00+00:00,65401.0,65873.3,65400.1,65821.8,3994.025,1914.58,1926.81,1913.15,1922.26,70439.348
2026-02-12 22:00:00+00:00,65821.7,66382.0,65610.0,66262.4,6146.564,1922.26,1944.82,1919.03,1941.94,130706.716
2026-02-12 23:00:00+00:00,66262.4,66460.8,66131.1,66243.1,5767.357,1941.93,1952.27,1938.12,1947.15,152300.531
2026-02-13 00:00:00+00:00,66243.2,66498.4,65833.9,65881.4,5842.004,1947.15,1954.0,1926.72,1932.22,164201.256
2026-02-13 01:00:00+00:00,65881.5,66595.2,65881.5,66423.4,4784.428,1932.23,1949.47,1932.23,1942.8,102917.352
2026-02-13 02:00:00+00:00,66423.4,66732.8,66345.1,66627.9,3555.029,1942.81,1951.26,1940.08,1947.25,94916.607
2026-02-13 03:00:00+00:00,66628.0,66778.5,66423.1,66519.6,3869.004,1947.26,1957.94,1943.3,1952.49,108122.668
2026-02-13 04:00:00+00:00,66519.6,66650.2,66273.4,66299.9,3143.937,1952.49,1954.76,1941.97,1943.72,104298.96
2026-02-13 05:00:00+00:00,66300.0,66477.1,66151.5,66151.5,3317.222,1943.73,1945.99,1931.51,1932.99,120606.659
2026-02-13 06:00:00+00:00,66151.5,66367.5,65964.2,66333.7,3966.275,1932.99,1938.32,1923.29,1935.65,136813.906
2026-02-13 07:00:00+00:00,66333.7,66545.7,66012.2,66183.3,5353.404,1935.64,1947.86,1931.64,1934.88,162651.629
2026-02-13 08:00:00+00:00,66183.3,66723.0,66159.9,66673.0,5100.09,1934.89,1964.5,1932.88,1958.31,185264.487
2026-02-13 09:00:00+00:00,66673.0,67046.2,66574.9,66924.3,6938.023,1958.32,1966.8,1952.07,1961.18,156169.059
2026-02-13 10:00:00+00:00,66924.4,67095.1,66766.1,66939.4,5500.592,1961.18,1968.49,1955.57,1958.6,133442.477
2026-02-13 11:00:00+00:00,66939.5,67196.8,66750.0,67137.8,5321.733,1958.61,1961.5,1943.79,1959.25,148703.47
2026-02-13 12:00:00+00:00,67137.8,67180.1,66887.0,67050.0,3807.097,1959.26,1964.02,1951.59,1960.01,92599.629
2026-02-13 13:00:00+00:00,67050.1,67600.0,66903.0,67238.2,12858.003,1960.0,1980.33,1954.89,1969.66,306803.009
2026-02-13 14:00:00+00:00,67238.1,67999.9,66823.6,67709.5,20175.242,1969.65,2002.0,1962.21,1989.99,539639.374
2026-02-13 15:00:00+00:00,67709.6,69289.5,67653.0,68652.0,34623.808,1989.99,2049.99,1986.08,2033.71,876551.092
2026-02-13 16:00:00+00:00,68652.1,69473.7,68500.0,68920.8,17731.884,2033.78,2073.0,2030.13,2060.59,522858.273
2026-02-13 17:00:00+00:00,68920.9,69215.7,68593.8,69003.9,8251.271,2060.58,2067.0,2048.09,2058.36,198150.577
2026-02-13 18:00:00+00:00,69004.0,69378.8,68853.9,69086.7,7384.669,2058.36,2063.93,2049.44,2056.5,156177.259
2026-02-13 19:00:00+00:00,69086.8,69197.0,68865.2,68904.2,4796.435,2056.5,2060.78,2050.82,2056.82,104869.384
2026-02-13 20:00:00+00:00,68904.3,68936.1,68639.7,68750.1,5954.506,2056.82,2058.79,2036.76,2044.55,150494.046
2026-02-13 21:00:00+00:00,68750.1,69055.9,68700.1,68869.2,4475.315,2044.55,2057.77,2043.75,2052.92,67864.571
2026-02-13 22:00:00+00:00,68869.2,68975.9,68674.6,68968.9,3534.643,2052.92,2058.75,2042.97,2053.37,76905.53
2026-02-13 23:00:00+00:00,68968.9,68985.4,68784.1,68821.5,2758.675,2053.37,2053.38,2045.4,2047.6,45903.666
2026-02-14 00:00:00+00:00,68821.5,69118.1,68736.2,69062.2,3401.089,2047.6,2055.35,2041.0,2054.07,73265.394
2026-02-14 01:00:00+00:00,69062.2,69082.8,68888.1,68932.0,2790.614,2054.06,2056.91,2049.49,2053.37,44450.947
2026-02-14 02:00:00+00:00,68932.0,68981.1,68817.2,68849.2,2150.014,2053.37,2053.63,2047.09,2049.46,47812.573
2026-02-14 03:00:00+00:00,68849.3,68994.1,68818.0,68947.7,1300.98,2049.46,2055.11,2047.39,2053.39,35424.799
2026-02-14 04:00:00+00:00,68947.7,68967.3,68755.6,68763.6,1524.606,2053.4,2057.4,2051.52,2052.55,40357.855
2026-02-14 05:00:00+00:00,68763.5,68878.3,68712.8,68738.1,1721.191,2052.55,2055.0,2049.59,2050.09,43899.703
2026-02-14 06:00:00+00:00,68738.2,68897.6,68689.1,68895.3,1668.924,2050.1,2053.72,2047.2,2052.61,42909.812
2026-02-14 07:00:00+00:00,68895.4,69318.2,68848.1,69182.2,4212.664,2052.61,2059.99,2049.44,2056.1,63409.338
2026-02-14 08:00:00+00:00,69182.1,69847.1,69174.5,69707.3,9014.765,2056.09,2091.82,2055.9,2081.07,323783.453
2026-02-14 09:00:00+00:00,69707.3,69868.6,69532.3,69675.6,3644.123,2081.07,2087.89,2074.42,2077.26,125968.105
2026-02-14 10:00:00+00:00,69675.6,69675.6,69542.3,69633.8,1814.741,2077.26,2077.26,2071.32,2076.06,55619.12
2026-02-14 11:00:00+00:00,69633.8,70557.7,69633.7,70464.8,12955.143,2076.06,2107.02,2076.0,2098.22,279992.512
2026-02-14 12:00:00+00:00,70464.8,70499.4,69525.6,69602.2,13120.622,2098.22,2099.23,2066.75,2070.0,276597.918
2026-02-14 13:00:00+00:00,69602.2,69734.0,69163.7,69430.1,12223.314,2070.0,2075.76,2063.16,2070.7,179141.333
2026-02-14 14:00:00+00:00,69430.0,69825.0,69295.0,69667.3,6006.689,2070.69,2087.82,2068.05,2084.01,130051.158
2026-02-14 15:00:00+00:00,69667.3,70010.6,69528.3,69754.2,5019.742,2084.0,2092.99,2079.2,2086.38,118771.737
2026-02-14 16:00:00+00:00,69754.2,69787.3,69259.1,69731.3,7558.442,2086.38,2087.0,2066.48,2081.81,186435.316
2026-02-14 17:00:00+00:00,69731.2,69903.3,69581.9,69710.9,3909.046,2081.8,2088.5,2076.24,2079.26,89530.383
2026-02-14 18:00:00+00:00,69710.9,69832.0,69641.6,69741.0,2188.209,2079.27,2085.86,2077.85,2084.41,46564.328
2026-02-14 19:00:00+00:00,69741.1,69897.1,69573.8,69849.0,2297.747,2084.42,2089.61,2077.08,2087.31,62256.205
2026-02-14 20:00:00+00:00,69848.9,69999.0,69682.0,69987.4,3403.725,2087.31,2091.99,2080.01,2088.56,56033.359
2026-02-14 21:00:00+00:00,69987.5,70230.6,69600.0,69896.4,6008.469,2088.56,2098.94,2077.29,2084.79,123293.161
2026-02-14 22:00:00+00:00,69896.4,70065.0,69737.0,69927.3,2899.885,2084.8,2093.92,2082.34,2089.34,44651.623
2026-02-14 23:00:00+00:00,69927.3,69984.6,69678.1,69795.4,3699.502,2089.35,2092.0,2082.48,2085.43,61589.686
2026-02-15 00:00:00+00:00,69795.4,69827.3,69562.0,69743.4,3238.879,2085.43,2089.0,2071.6,2079.03,105682.809
2026-02-15 01:00:00+00:00,69743.4,69872.1,69316.0,69684.9,4637.493,2079.03,2084.0,2051.65,2062.9,232726.486
2026-02-15 02:00:00+00:00,69684.9,69726.9,69325.9,69450.6,2795.265,2062.9,2071.7,2041.78,2058.7,187759.032
2026-02-15 03:00:00+00:00,69450.6,69967.4,69212.2,69926.0,7900.26,2058.7,2062.52,2034.35,2058.09,312841.738
2026-02-15 04:00:00+00:00,69925.9,70499.8,69925.9,70157.0,11091.112,2058.08,2087.08,2058.08,2075.72,284675.263
2026-02-15 05:00:00+00:00,70156.9,70467.8,70101.5,70235.9,3563.703,2075.71,2095.94,2074.23,2087.64,129355.223
2026-02-15 06:00:00+00:00,70235.9,70514.8,70150.0,70370.2,3469.854,2087.65,2093.99,2081.55,2084.92,86387.035
2026-02-15 07:00:00+00:00,70370.2,70907.7,70275.5,70784.0,8122.703,2084.93,2102.73,2081.92,2090.58,166593.445
2026-02-15 08:00:00+00:00,70784.0,70938.5,70114.8,70405.1,9186.136,2090.58,2096.0,2053.46,2068.0,256902.874
2026-02-15 09:00:00+00:00,70405.1,70628.0,70330.7,70382.5,3031.758,2068.0,2078.82,2065.06,2067.81,110086.09
2026-02-15 10:00:00+00:00,70382.5,70487.8,70166.9,70389.5,3119.24,2067.81,2069.31,2052.52,2060.56,128212.43
2026-02-15 11:00:00+00:00,70389.6,70514.6,70237.1,70268.7,2979.669,2060.57,2065.91,2057.46,2060.97,55347.429
2026-02-15 12:00:00+00:00,70268.6,70391.0,69266.1,69284.9,13184.43,2060.98,2067.8,2009.21,2009.78,384188.651
2026-02-15 13:00:00+00:00,69285.0,69593.2,68741.4,68907.2,17152.7,2009.78,2027.93,1992.0,2001.2,567323.62
2026-02-15 14:00:00+00:00,68907.2,69180.0,68811.5,69140.0,6859.823,2001.2,2011.93,1992.0,2009.24,226956.168
2026-02-15 15:00:00+00:00,69139.9,69230.0,68845.0,69068.1,4590.096,2009.23,2014.15,2000.63,2010.25,125553.727
2026-02-15 16:00:00+00:00,69068.1,69074.0,68753.0,68977.6,4280.153,2010.25,2010.33,1993.0,2005.36,154346.103
2026-02-15 17:00:00+00:00,68977.6,69050.4,68152.0,68607.8,10221.126,2005.36,2008.29,1945.26,1970.13,439340.653
2026-02-15 18:00:00+00:00,68607.8,68770.9,68313.6,68420.0,7148.019,1970.13,1980.81,1952.66,1958.51,306296.992
2026-02-15 19:00:00+00:00,68420.0,68542.6,68029.6,68263.6,8934.921,1958.5,1961.1,1926.83,1941.17,420140.761
2026-02-15 20:00:00+00:00,68263.7,68535.4,68100.2,68420.1,2740.043,1941.18,1958.1,1933.29,1949.1,186645.5
2026-02-15 21:00:00+00:00,68420.1,68934.0,68420.1,68809.0,4572.847,1949.1,1966.27,1948.81,1957.16,127239.781
2026-02-15 22:00:00+00:00,68809.0,69049.2,68756.3,68962.2,2987.689,1957.17,1973.5,1955.41,1969.41,97638.179
2026-02-15 23:00:00+00:00,68962.2,68962.2,68291.1,68796.9,5442.211,1969.4,1969.91,1942.74,1965.47,170848.693
2026-02-16 00:00:00+00:00,68796.9,69033.6,68656.9,68810.4,3489.707,1965.48,1978.0,1962.0,1968.31,141378.99
2026-02-16 01:00:00+00:00,68810.4,69010.0,68409.3,68590.8,3231.459,1968.31,1980.64,1955.76,1961.96,146144.711
2026-02-16 02:00:00+00:00,68590.8,68697.9,68210.8,68295.1,3433.838,1961.96,1965.9,1951.0,1956.07,96434.283
2026-02-16 03:00:00+00:00,68295.2,68439.9,68112.2,68392.6,3282.435,1956.08,1958.91,1947.24,1957.72,113559.416
2026-02-16 04:00:00+00:00,68392.6,68869.8,68385.0,68832.4,3560.902,1957.73,1972.2,1957.5,1971.94,106953.603
2026-02-16 05:00:00+00:00,68832.4,68860.7,68255.0,68350.1,3036.166,1971.95,1973.4,1951.59,1956.93,95315.947
2026-02-16 06:00:00+00:00,68350.1,68496.9,68183.3,68414.8,2336.176,1956.93,1966.63,1954.65,1965.73,63275.089
2026-02-16 07:00:00+00:00,68414.8,68637.1,68330.4,68552.4,3390.245,1965.73,1977.66,1963.12,1970.12,132800.442
2026-02-16 08:00:00+00:00,68552.5,68769.5,68503.2,68724.5,2757.79,1970.12,1977.63,1968.7,1976.11,75153.793
2026-02-16 09:00:00+00:00,68724.5,69029.9,68707.0,68961.1,4388.67,1976.1,1992.23,1975.1,1986.51,211514.758
2026-02-16 10:00:00+00:00,68961.0,68961.0,68656.9,68762.0,2408.932,1986.51,1988.0,1975.58,1977.98,89916.509
2026-02-16 11:00:00+00:00,68762.0,68899.3,68300.0,68769.4,6290.391,1977.98,1984.53,1956.05,1975.15,256981.863
2026-02-16 12:00:00+00:00,68769.4,69826.0,68769.0,69739.3,15011.463,1975.15,2009.18,1971.21,2005.59,331206.912
2026-02-16 13:00:00+00:00,69739.3,70110.9,68180.0,68355.6,25343.395,2005.59,2023.3,1960.0,1966.77,660881.495
2026-02-16 14:00:00+00:00,68355.5,68684.4,68208.6,68386.7,8923.954,1966.76,1982.35,1953.04,1971.93,249961.254
2026-02-16 15:00:00+00:00,68386.6,68578.4,67250.0,67505.5,20303.632,1971.92,1985.75,1935.39,1955.63,428243.688
2026-02-16 16:00:00+00:00,67505.5,67950.0,67475.0,67854.0,7786.366,1955.63,1979.21,1955.13,1972.73,254742.848
2026-02-16 17:00:00+00:00,67854.1,68048.3,67557.2,67917.2,4993.367,1972.73,1988.0,1963.25,1978.02,179414.938
2026-02-16 18:00:00+00:00,67917.2,68221.7,67800.0,67833.0,5756.956,1978.01,1984.96,1966.08,1968.14,98305.75
2026-02-16 19:00:00+00:00,67833.0,68108.9,67785.4,67883.6,2130.03,1968.14,1979.18,1965.14,1973.37,61504.25
2026-02-16 20:00:00+00:00,67883.5,68544.0,67788.6,68508.9,5435.593,1973.37,1994.51,1970.1,1992.29,109584.644
2026-02-16 21:00:00+00:00,68508.9,68928.6,68400.0,68835.1,4982.79,1992.3,2003.29,1985.51,1998.19,114145.835
2026-02-16 22:00:00+00:00,68835.2,68870.7,68471.0,68561.1,3838.864,1998.2,2002.32,1982.9,1989.14,126567.776
2026-02-16 23:00:00+00:00,68561.1,68962.1,68508.0,68862.5,3466.627,1989.13,2001.69,1987.7,1997.35,78494.847
2026-02-17 00:00:00+00:00,68862.6,69033.0,68667.1,68849.9,3837.321,1997.36,2006.39,1992.38,1997.57,87091.789
2026-02-17 01:00:00+00:00,68849.9,68972.3,68537.0,68582.6,3318.034,1997.57,2007.91,1989.97,1990.69,93563.335
2026-02-17 02:00:00+00:00,68582.7,69228.6,68350.0,68806.3,5999.397,1990.7,2008.64,1977.31,1997.8,177205.938
2026-02-17 03:00:00+00:00,68806.3,68832.7,68435.7,68443.6,3323.125,1997.8,1998.58,1983.5,1984.89,95535.126
2026-02-17 04:00:00+00:00,68443.6,68681.8,68251.0,68450.1,3559.07,1984.89,1997.99,1981.0,1988.6,95410.15
2026-02-17 05:00:00+00:00,68450.0,68485.1,67854.2,68207.3,6793.287,1988.6,1990.61,1963.5,1974.6,175992.316
2026-02-17 06:00:00+00:00,68207.2,68496.4,68191.9,68370.8,2312.074,1974.6,1983.99,1974.31,1979.93,68841.965
2026-02-17 07:00:00+00:00,68370.7,68451.8,68133.1,68353.4,2771.063,1979.93,1987.45,1972.29,1984.85,88285.404
2026-02-17 08:00:00+00:00,68353.4,68445.8,68093.0,68140.0,2540.194,1984.84,1989.92,1972.3,1975.82,133516.693
2026-02-17 09:00:00+00:00,68139.9,68277.0,67951.6,68087.1,3457.198,1975.83,1979.13,1968.39,1974.81,97866.56
2026-02-17 10:00:00+00:00,68087.0,68164.6,67655.0,67822.1,5253.726,1974.81,1976.52,1960.19,1965.93,106829.626
2026-02-17 11:00:00+00:00,67822.1,67905.8,67656.5,67824.4,3948.353,1965.93,1971.74,1962.75,1967.58,78570.985
2026-02-17 12:00:00+00:00,67824.3,68272.5,67795.0,67893.2,6084.282,1967.58,1976.2,1965.75,1968.8,98021.344
2026-02-17 13:00:00+00:00,67893.3,68350.0,67700.3,68105.3,7085.474,1968.8,1999.9,1963.38,1989.6,252503.724
2026-02-17 14:00:00+00:00,68105.3,68319.5,66676.1,66846.7,21218.988,1989.6,2003.43,1942.43,1947.55,633796.657
2026-02-17 15:00:00+00:00,66846.8,67381.5,66588.0,67363.6,16794.164,1947.55,1968.94,1940.01,1967.63,443010.126
2026-02-17 16:00:00+00:00,67363.6,68127.9,67286.4,67493.1,15426.984,1967.64,2009.89,1966.74,1979.45,534772.759
2026-02-17 17:00:00+00:00,67493.1,67697.2,66824.5,67208.6,10398.168,1979.45,1983.26,1952.61,1965.09,308297.263
2026-02-17 18:00:00+00:00,67208.5,68209.0,67088.7,68063.3,9173.279,1965.08,2007.04,1960.44,1997.97,310775.686
2026-02-17 19:00:00+00:00,68063.3,68220.1,67703.5,67766.9,5922.669,1997.97,2014.91,1993.92,1997.3,230131.14
2026-02-17 20:00:00+00:00,67766.9,67896.1,67426.4,67719.3,4106.759,1997.31,2000.66,1985.59,1993.66,132402.497
2026-02-17 21:00:00+00:00,67718.0,67897.6,67500.0,67642.4,2203.405,1993.66,2002.11,1991.23,1998.68,57871.632
2026-02-17 22:00:00+00:00,67642.4,67755.0,67473.2,67498.2,1511.448,1998.69,2003.25,1991.56,1992.9,55980.404
2026-02-17 23:00:00+00:00,67498.1,67592.8,67355.7,67475.9,2146.66,1992.9,1997.44,1988.23,1990.68,58990.543
2026-02-18 00:00:00+00:00,67475.9,67595.5,67241.7,67263.9,2525.282,1990.68,1997.0,1980.13,1980.39,90462.267
2026-02-18 01:00:00+00:00,67267.0,67346.5,66850.1,67137.2,5545.605,1980.39,1983.14,1967.27,1976.9,150484.845
2026-02-18 02:00:00+00:00,67137.2,67398.2,67115.2,67297.9,2734.463,1976.9,1991.91,1976.3,1986.38,94214.019
2026-02-18 03:00:00+00:00,67298.0,67683.4,67294.7,67590.2,3054.107,1986.38,1999.64,1985.41,1995.85,83267.328
2026-02-18 04:00:00+00:00,67590.3,67872.8,67456.6,67790.9,3496.315,1995.85,2001.69,1992.13,1998.21,81647.396
2026-02-18 05:00:00+00:00,67790.9,67909.9,67572.0,67613.4,3560.92,1998.22,2001.96,1994.98,1995.29,64421.804
2026-02-18 06:00:00+00:00,67613.3,67948.0,67577.0,67813.5,2411.858,1995.29,2007.98,1994.39,2001.12,89154.593
2026-02-18 07:00:00+00:00,67813.6,68190.2,67655.9,68078.4,4282.272,2001.11,2022.0,1995.56,2017.19,228606.808
2026-02-18 08:00:00+00:00,68078.5,68438.0,68033.0,68099.9,7161.381,2017.2,2038.27,2016.1,2019.59,303480.394
2026-02-18 09:00:00+00:00,68099.9,68249.2,67966.0,68128.4,3514.59,2019.6,2021.99,2014.56,2015.66,98253.609
2026-02-18 10:00:00+00:00,68128.4,68153.7,67704.0,67771.2,4581.366,2015.65,2017.24,1994.03,1996.3,200087.842
2026-02-18 11:00:00+00:00,67771.2,67781.4,67037.2,67345.4,12045.744,1996.3,1997.41,1975.2,1980.19,315512.915
2026-02-18 12:00:00+00:00,67345.4,67658.0,67312.0,67429.8,4101.002,1980.19,1988.26,1970.28,1981.49,182415.709
2026-02-18 13:00:00+00:00,67429.9,67566.4,67007.0,67202.2,5965.911,1981.48,1991.1,1959.59,1969.48,300696.498
2026-02-18 14:00:00+00:00,67202.3,67329.9,66666.2,67190.5,12931.349,1969.48,1976.43,1953.2,1973.64,396703.124
2026-02-18 15:00:00+00:00,67190.4,68336.0,67159.5,67671.0,20144.567,1973.65,2009.8,1972.5,1984.56,532571.714
2026-02-18 16:00:00+00:00,67671.1,67684.6,66933.0,67104.8,13995.137,1984.56,1984.87,1964.0,1970.76,364722.494
2026-02-18 17:00:00+00:00,67104.8,67455.7,67021.8,67156.3,5566.242,1970.77,1986.99,1969.84,1973.46,132138.576
2026-02-18 18:00:00+00:00,67156.6,67203.7,66129.6,66327.2,15106.978,1973.46,1976.83,1946.9,1951.37,371802.576
2026-02-18 19:00:00+00:00,66327.2,66588.0,65826.1,66138.2,13685.695,1951.37,1960.61,1921.64,1939.82,454204.471
2026-02-18 20:00:00+00:00,66138.3,66528.8,66098.9,66230.2,7627.587,1939.83,1951.71,1934.11,1938.4,200316.693
2026-02-18 21:00:00+00:00,66230.3,66466.8,65993.1,66300.6,5568.422,1938.4,1947.34,1934.42,1940.71,89447.126
2026-02-18 22:00:00+00:00,66300.5,66451.5,66192.7,66379.0,1860.076,1940.72,1949.4,1938.5,1947.29,50267.647
2026-02-18 23:00:00+00:00,66379.0,66472.6,66240.0,66422.8,2506.522,1947.28,1955.59,1943.35,1954.77,72313.03
2026-02-19 00:00:00+00:00,66422.8,66573.6,66301.8,66410.7,2414.967,1954.77,1960.51,1949.1,1955.33,67760.785
2026-02-19 01:00:00+00:00,66410.8,66842.6,66407.9,66830.3,4017.947,1955.33,1973.57,1955.08,1965.99,123457.304
2026-02-19 02:00:00+00:00,66830.4,66933.0,66610.5,66800.7,3376.35,1966.0,1972.18,1961.51,1966.98,92250.383
2026-02-19 03:00:00+00:00,66800.8,66975.0,66690.1,66950.4,2140.167,1966.98,1972.34,1961.89,1971.19,60845.272
2026-02-19 04:00:00+00:00,66950.4,67042.3,66721.7,66776.4,3540.004,1971.2,1979.41,1967.87,1968.5,104410.503
2026-02-19 05:00:00+00:00,66776.5,66867.7,66651.8,66847.6,2124.787,1968.51,1971.81,1963.0,1969.39,72937.018
2026-02-19 06:00:00+00:00,66847.6,67275.4,66836.5,67123.8,4125.633,1969.38,1984.42,1969.0,1982.12,130323.489
2026-02-19 07:00:00+00:00,67123.8,67299.4,67001.6,67180.4,3197.407,1982.13,1986.91,1978.11,1980.82,93416.342
2026-02-19 08:00:00+00:00,67180.4,67180.4,66769.0,66937.7,4992.942,1980.82,1981.79,1965.24,1969.5,152494.251
2026-02-19 09:00:00+00:00,66937.7,67173.8,66724.6,66811.8,4295.724,1969.5,1979.62,1960.64,1962.94,146983.506
2026-02-19 10:00:00+00:00,66811.7,66942.5,66711.6,66810.1,2682.196,1962.94,1967.73,1956.31,1958.81,124696.704
2026-02-19 11:00:00+00:00,66810.0,66907.4,66431.1,66468.9,5663.747,1958.8,1963.59,1946.11,1948.7,148006.264
2026-02-19 12:00:00+00:00,66468.8,66655.5,66272.4,66489.6,6977.581,1948.71,1955.2,1943.93,1946.66,168293.458
2026-02-19 13:00:00+00:00,66489.5,66529.4,65716.7,65871.2,15683.408,1946.67,1947.5,1910.0,1920.21,520294.648
2026-02-19 14:00:00+00:00,65871.2,66635.5,65595.7,66381.9,17468.809,1920.21,1947.95,1910.39,1935.82,483687.946
2026-02-19 15:00:00+00:00,66382.0,66723.0,65931.2,66362.7,13215.867,1935.83,1946.51,1911.9,1925.2,451440.053
2026-02-19 16:00:00+00:00,66362.6,66494.7,65863.8,66267.6,8870.021,1925.21,1929.0,1905.5,1920.95,261224.716
2026-02-19 17:00:00+00:00,66267.6,67035.0,66140.9,66336.1,12509.252,1920.96,1943.47,1909.43,1919.59,306845.475
2026-02-19 18:00:00+00:00,66336.0,67067.3,66215.1,67003.2,11054.245,1919.59,1944.28,1915.0,1938.78,211081.025
2026-02-19 19:00:00+00:00,67003.2,67174.0,66667.0,67022.9,6888.18,1938.79,1946.75,1926.66,1940.14,142885.586
2026-02-19 20:00:00+00:00,67022.8,67147.8,66784.3,67118.7,4095.459,1940.13,1953.0,1933.68,1949.12,118615.452
2026-02-19 21:00:00+00:00,67118.6,67144.0,66867.5,66893.2,2482.746,1949.18,1951.56,1944.54,1947.73,69229.131
2026-02-19 22:00:00+00:00,66893.1,66975.9,66618.2,66873.9,3481.079,1947.73,1948.15,1935.72,1942.97,63844.373
2026-02-19 23:00:00+00:00,66873.9,66997.9,66784.1,66974.0,2134.083,1942.98,1950.43,1941.24,1948.15,54299.519
2026-02-20 00:00:00+00:00,66973.9,67490.0,66912.4,67190.1,7309.963,1948.15,1963.56,1946.25,1956.64,145125.717
2026-02-20 01:00:00+00:00,67190.2,67326.0,67115.2,67249.2,3013.908,1956.65,1960.69,1948.77,1952.85,83253.34
2026-02-20 02:00:00+00:00,67249.3,67318.9,67137.5,67208.1,2188.245,1952.86,1955.81,1947.05,1948.62,76426.816
2026-02-20 03:00:00+00:00,67208.0,67466.8,67206.6,67327.2,3650.977,1948.63,1959.7,1948.62,1954.06,67197.594
2026-02-20 04:00:00+00:00,67327.2,67359.3,67079.3,67228.4,4206.018,1954.06,1955.26,1928.52,1938.12,295566.792
2026-02-20 05:00:00+00:00,67228.5,67999.9,67166.1,67756.0,10525.63,1938.11,1964.84,1934.95,1954.33,217536.56
2026-02-20 06:00:00+00:00,67756.1,67865.2,67612.9,67809.4,4648.2,1954.34,1959.59,1948.31,1957.51,92748.88
2026-02-20 07:00:00+00:00,67809.5,67956.3,67704.5,67794.7,3751.544,1957.5,1967.96,1955.81,1959.65,116397.579
2026-02-20 08:00:00+00:00,67794.8,67920.0,67716.6,67839.9,2681.315,1959.65,1965.56,1955.68,1958.82,86980.04
2026-02-20 09:00:00+00:00,67839.8,68199.4,67839.8,68174.1,7335.101,1958.82,1971.17,1958.61,1966.82,135198.563
2026-02-20 10:00:00+00:00,68174.2,68283.7,67733.8,67909.7,7861.981,1966.81,1972.99,1955.01,1956.5,142474.508
2026-02-20 11:00:00+00:00,67909.8,67945.1,67250.0,67290.5,9755.627,1956.51,1956.51,1939.24,1942.76,217656.222
2026-02-20 12:00:00+00:00,67290.4,67577.1,67222.7,67498.9,7385.525,1942.76,1951.47,1941.18,1948.73,116999.639
2026-02-20 13:00:00+00:00,67498.9,67503.3,66408.1,66784.8,27320.453,1948.74,1948.74,1921.53,1932.85,352804.002
2026-02-20 14:00:00+00:00,66784.8,67299.9,66629.9,67043.2,15720.31,1932.86,1953.8,1931.83,1942.64,282627.729
2026-02-20 15:00:00+00:00,67043.2,68099.9,66500.8,67547.6,38584.584,1942.63,1980.27,1934.56,1963.05,776878.68
2026-02-20 16:00:00+00:00,67547.6,67888.0,67253.0,67763.2,13764.663,1963.05,1972.87,1952.75,1967.71,306131.29
2026-02-20 17:00:00+00:00,67763.2,67763.2,66915.0,67582.0,23395.274,1967.71,1970.26,1937.6,1965.6,395684.497
2026-02-20 18:00:00+00:00,67581.9,67998.9,67437.6,67901.1,11853.491,1965.6,1980.73,1958.0,1974.49,336066.82
2026-02-20 19:00:00+00:00,67901.0,67983.0,67506.8,67616.5,4978.617,1974.49,1977.43,1960.41,1962.88,118172.266
2026-02-20 20:00:00+00:00,67616.5,67800.0,67486.6,67719.7,3337.43,1962.89,1970.34,1960.71,1969.91,53530.488
2026-02-20 21:00:00+00:00,67719.4,67816.4,67600.0,67792.3,3179.969,1969.9,1974.43,1966.23,1973.44,78397.401
2026-02-20 22:00:00+00:00,67792.3,68115.9,67603.2,68049.8,4592.295,1973.44,1973.44,1963.11,1970.22,61332.874
2026-02-20 23:00:00+00:00,68049.8,68220.0,67880.0,67979.3,4262.851,1970.21,1972.79,1962.39,1967.85,59509.056
2026-02-21 00:00:00+00:00,67979.3,68023.7,67745.3,67805.2,3433.568,1967.85,1968.43,1960.2,1962.29,48962.377
2026-02-21 01:00:00+00:00,67805.1,67981.7,67805.1,67916.1,1705.546,1962.3,1968.35,1962.08,1965.36,37222.52
2026-02-21 02:00:00+00:00,67916.2,68079.0,67875.3,67970.3,1973.738,1965.37,1969.99,1963.8,1964.75,33932.874
2026-02-21 03:00:00+00:00,67970.3,67970.5,67488.9,67637.0,6371.533,1964.76,1965.25,1955.07,1958.29,75328.383
2026-02-21 04:00:00+00:00,67636.9,67823.1,67555.2,67782.2,2706.041,1958.3,1962.72,1955.17,1961.55,37177.434
2026-02-21 05:00:00+00:00,67782.3,67859.2,67757.1,67827.1,1563.808,1961.56,1963.73,1960.38,1962.01,25669.856
2026-02-21 06:00:00+00:00,67827.2,67899.0,67711.4,67759.5,1514.282,1962.01,1965.46,1959.32,1960.5,48919.729
2026-02-21 07:00:00+00:00,67759.6,67852.5,67712.6,67821.0,1050.925,1960.5,1964.4,1959.0,1962.0,27494.042
2026-02-21 08:00:00+00:00,67821.0,68047.5,67776.2,68016.9,2736.752,1962.0,1970.67,1961.26,1968.11,63724.752
2026-02-21 09:00:00+00:00,68016.9,68280.0,67933.3,68115.8,7484.627,1968.12,1977.0,1966.26,1969.39,135007.766
2026-02-21 10:00:00+00:00,68115.7,68221.6,68108.6,68184.6,2217.915,1969.38,1974.08,1969.17,1973.29,48750.699
2026-02-21 11:00:00+00:00,68184.6,68259.4,68045.5,68060.9,3985.621,1973.29,1988.2,1972.85,1976.25,233316.836
2026-02-21 12:00:00+00:00,68061.0,68186.9,67882.8,68175.9,5452.278,1976.24,1977.25,1968.31,1975.1,114659.171
2026-02-21 13:00:00+00:00,68175.9,68250.0,68073.0,68223.3,2021.15,1975.11,1980.68,1971.41,1980.22,55370.74
2026-02-21 14:00:00+00:00,68223.3,68651.4,68146.6,68416.6,10117.936,1980.21,1996.64,1976.8,1986.62,233445.308
2026-02-21 15:00:00+00:00,68416.6,68687.0,68382.7,68571.5,4347.469,1986.62,1992.39,1983.03,1987.04,95019.352
2026-02-21 16:00:00+00:00,68571.5,68599.3,68066.0,68292.4,8096.719,1987.04,1989.12,1975.31,1985.45,186204.868
2026-02-21 17:00:00+00:00,68292.3,68444.4,68156.4,68408.8,2897.726,1985.45,1991.91,1983.32,1987.96,54351.055
2026-02-21 18:00:00+00:00,68408.8,68616.8,68339.5,68547.2,3353.44,1987.95,1994.59,1986.75,1991.23,67418.112
2026-02-21 19:00:00+00:00,68547.3,68632.5,68490.0,68516.3,2162.678,1991.23,1994.17,1986.9,1987.48,33799.008
2026-02-21 20:00:00+00:00,68516.3,68568.1,68114.4,68180.9,3241.815,1987.48,1989.66,1972.47,1973.16,108911.047
2026-02-21 21:00:00+00:00,68180.9,68373.6,68152.2,68351.0,2122.309,1973.15,1981.9,1967.03,1981.24,97021.269
2026-02-21 22:00:00+00:00,68351.1,68412.9,67860.0,67936.6,4302.123,1981.23,1981.81,1971.07,1973.61,49226.504
2026-02-21 23:00:00+00:00,67936.7,68095.4,67900.8,67933.1,2635.494,1973.61,1976.99,1970.15,1972.54,41380.576
2026-02-22 00:00:00+00:00,67933.2,68035.7,67763.7,67912.0,2995.986,1972.54,1974.48,1966.1,1972.15,77943.761
2026-02-22 01:00:00+00:00,67912.0,68147.6,67902.6,68132.3,2782.492,1972.14,1979.11,1971.4,1976.31,61414.718
2026-02-22 02:00:00+00:00,68132.3,68198.5,67836.7,67871.5,3333.311,1976.31,1982.83,1971.0,1971.34,69351.766
2026-02-22 03:00:00+00:00,67871.5,68031.7,67781.2,68010.5,3389.282,1971.35,1975.58,1966.22,1973.76,80828.98
2026-02-22 04:00:00+00:00,68010.5,68060.0,67931.0,67950.2,1721.132,1973.76,1975.37,1970.02,1972.9,36095.399
2026-02-22 05:00:00+00:00,67950.2,67983.3,67850.4,67944.5,1744.866,1972.9,1974.28,1970.01,1974.11,30452.868
2026-02-22 06:00:00+00:00,67944.5,68204.3,67933.9,68006.4,3623.535,1974.1,1978.59,1973.22,1975.17,39615.318
2026-02-22 07:00:00+00:00,68006.3,68067.2,67954.6,67973.0,1853.053,1975.18,1978.01,1973.34,1975.01,37885.898
2026-02-22 08:00:00+00:00,67973.0,67986.9,67877.0,67909.3,2839.387,1975.01,1976.36,1969.04,1972.47,49421.606
2026-02-22 09:00:00+00:00,67909.3,68081.9,67909.3,68022.4,1792.941,1972.47,1975.38,1970.71,1974.77,42395.519
2026-02-22 10:00:00+00:00,68022.4,68134.0,67982.3,68096.6,2034.918,1974.76,1979.31,1973.91,1976.5,40207.136
2026-02-22 11:00:00+00:00,68096.6,68220.0,68096.6,68183.4,2418.754,1976.51,1982.67,1976.32,1979.84,65528.728
2026-02-22 12:00:00+00:00,68183.4,68205.1,67836.4,67892.4,4777.343,1979.85,1980.6,1960.0,1965.45,217496.029
2026-02-22 13:00:00+00:00,67892.4,68011.4,67538.0,67622.4,8419.02,1965.45,1967.99,1942.79,1949.91,341640.387
2026-02-22 14:00:00+00:00,67622.3,67664.1,67310.6,67420.1,9264.553,1949.9,1953.5,1942.24,1949.64,175442.269
2026-02-22 15:00:00+00:00,67420.0,67800.0,67275.0,67659.9,8713.428,1949.63,1957.84,1944.5,1952.81,158293.907
2026-02-22 16:00:00+00:00,67660.0,67712.0,67486.2,67601.6,2777.038,1952.81,1954.67,1946.51,1951.56,74277.11
2026-02-22 17:00:00+00:00,67601.7,67602.5,67150.0,67365.0,6481.384,1951.57,1952.72,1933.0,1939.23,207747.268
2026-02-22 18:00:00+00:00,67364.9,67444.5,67288.9,67392.3,2383.208,1939.23,1943.32,1937.28,1942.11,56057.669
2026-02-22 19:00:00+00:00,67392.2,67458.5,67372.6,67402.2,1339.505,1942.11,1944.99,1939.5,1942.81,38084.681
2026-02-22 20:00:00+00:00,67402.1,67464.3,67324.1,67374.9,1764.705,1942.81,1945.0,1938.92,1940.02,38741.853
2026-02-22 21:00:00+00:00,67375.0,67617.0,67375.0,67576.2,1649.612,1940.02,1951.33,1940.0,1949.44,53722.092
2026-02-22 22:00:00+00:00,67576.2,67728.0,67450.1,67631.2,2858.429,1949.43,1959.86,1945.7,1957.31,90319.977
2026-02-22 23:00:00+00:00,67631.2,67707.7,67435.5,67613.5,3385.54,1957.3,1960.0,1947.44,1957.01,98580.173
2026-02-23 00:00:00+00:00,67613.6,67655.8,66680.1,66705.8,8139.611,1957.0,1957.58,1927.0,1928.14,179848.671
2026-02-23 01:00:00+00:00,66705.8,66705.8,64232.8,64387.2,58774.078,1928.13,1928.13,1844.46,1854.93,1297595.097
2026-02-23 02:00:00+00:00,64387.2,64877.2,64273.8,64742.4,14329.587,1854.93,1867.48,1849.41,1861.45,302849.106
2026-02-23 03:00:00+00:00,64742.5,65071.7,64658.0,64894.0,7843.597,1861.45,1871.06,1853.73,1860.94,190690.288
2026-02-23 04:00:00+00:00,64894.1,64989.9,64628.5,64777.3,4946.411,1860.93,1863.12,1852.0,1858.16,102566.392
2026-02-23 05:00:00+00:00,64777.2,65189.3,64768.8,65031.9,6877.93,1858.15,1869.06,1858.0,1864.26,145701.607
2026-02-23 06:00:00+00:00,65031.9,65775.0,64990.8,65717.7,11459.287,1864.26,1881.6,1862.33,1877.9,215566.788
2026-02-23 07:00:00+00:00,65717.7,65980.0,65597.5,65915.8,8197.238,1877.91,1887.8,1875.5,1884.13,178547.522
2026-02-23 08:00:00+00:00,65915.7,65922.9,65534.6,65639.0,6455.79,1884.13,1888.99,1875.6,1879.25,138087.962
2026-02-23 09:00:00+00:00,65639.0,66432.9,65633.8,66374.8,11681.811,1879.25,1917.81,1879.25,1916.88,396456.326
2026-02-23 10:00:00+00:00,66374.9,66574.5,66182.4,66291.1,7254.377,1916.88,1927.73,1911.34,1913.23,313485.581
2026-02-23 11:00:00+00:00,66291.2,66462.1,66072.5,66170.8,5334.809,1913.23,1919.9,1910.19,1914.41,127871.133
2026-02-23 12:00:00+00:00,66170.8,66490.0,65860.9,66249.9,10192.338,1914.4,1925.98,1904.6,1919.28,241519.911
2026-02-23 13:00:00+00:00,66250.0,66397.8,66067.7,66099.9,6492.762,1919.29,1935.27,1917.79,1921.03,252123.376
2026-02-23 14:00:00+00:00,66099.9,66234.6,65500.0,65895.5,16521.43,1921.02,1924.75,1894.08,1906.05,489059.56
2026-02-23 15:00:00+00:00,65895.6,66240.4,65556.6,65633.1,10861.521,1906.07,1912.72,1891.42,1894.72,259094.549
2026-02-23 16:00:00+00:00,65633.1,65701.2,65155.0,65343.1,13293.019,1894.73,1899.34,1880.23,1884.2,303440.227
2026-02-23 17:00:00+00:00,65343.0,65431.4,64111.8,64787.3,21891.512,1884.2,1887.47,1836.06,1862.99,623086.199
2026-02-23 18:00:00+00:00,64787.2,65149.0,64553.3,64602.9,10623.736,1862.99,1873.58,1852.86,1856.62,241062.291
2026-02-23 19:00:00+00:00,64602.9,64822.9,64050.0,64273.9,11253.569,1856.63,1863.75,1845.7,1856.15,163600.413
2026-02-23 20:00:00+00:00,64273.9,64460.0,63860.0,64445.9,10007.41,1856.16,1862.16,1846.0,1859.82,154320.255
2026-02-23 21:00:00+00:00,64445.9,64758.0,64427.5,64554.6,5109.025,1859.82,1868.51,1857.53,1862.71,113542.903
2026-02-23 22:00:00+00:00,64554.6,64989.0,64526.9,64694.3,5115.153,1862.7,1869.04,1858.63,1859.08,66982.11
2026-02-23 23:00:00+00:00,64694.4,64873.6,64484.2,64625.8,4495.295,1859.08,1866.04,1849.65,1855.47,99725.017
2026-02-24 00:00:00+00:00,64625.8,64980.0,64625.7,64910.2,4047.921,1855.47,1868.94,1854.45,1867.01,94476.597
2026-02-24 01:00:00+00:00,64910.2,64910.2,63375.6,64131.0,22474.378,1867.0,1867.19,1810.46,1839.87,667736.36
2026-02-24 02:00:00+00:00,64131.0,64480.0,63962.2,64080.3,6227.529,1839.87,1853.84,1836.04,1842.42,157697.716
2026-02-24 03:00:00+00:00,64080.2,64080.2,63303.9,63570.5,12030.927,1842.43,1842.43,1821.77,1830.94,261520.506
2026-02-24 04:00:00+00:00,63570.5,63606.3,62818.0,63338.2,18580.85,1830.94,1832.98,1812.52,1829.81,293519.136
2026-02-24 05:00:00+00:00,63338.1,63514.4,62655.0,63067.5,12128.199,1829.81,1839.85,1813.0,1825.28,254604.52
2026-02-24 06:00:00+00:00,63067.5,63290.9,62848.5,63050.4,6001.515,1825.27,1830.9,1816.83,1819.97,129587.436
2026-02-24 07:00:00+00:00,63050.4,63333.0,62885.4,63155.3,6451.535,1819.97,1831.27,1813.98,1824.63,169940.825
2026-02-24 08:00:00+00:00,63155.4,63432.4,62965.2,63357.2,5545.127,1824.63,1835.55,1817.5,1830.44,151587.513
2026-02-24 09:00:00+00:00,63357.2,63384.0,62900.0,63213.3,5799.677,1830.44,1833.57,1813.16,1826.16,177189.845
2026-02-24 10:00:00+00:00,63213.4,63341.6,63068.6,63250.0,3115.546,1826.16,1829.04,1819.58,1825.0,102699.699
2026-02-24 11:00:00+00:00,63250.0,63295.9,63027.0,63192.2,3404.0,1825.0,1826.61,1817.1,1825.74,108157.326
2026-02-24 12:00:00+00:00,63192.1,63319.2,62923.0,62936.0,5583.868,1825.75,1829.72,1820.08,1823.01,123856.759
2026-02-24 13:00:00+00:00,62935.9,63083.7,62401.7,62877.0,16775.853,1823.02,1826.83,1796.0,1814.6,500429.561
2026-02-24 14:00:00+00:00,62877.0,63807.5,62727.0,63422.0,19172.078,1814.6,1846.93,1802.04,1833.68,619024.454
2026-02-24 15:00:00+00:00,63422.0,63993.1,63270.6,63933.4,14213.937,1833.68,1849.59,1826.91,1846.37,381419.798
2026-02-24 16:00:00+00:00,63933.4,64388.0,63664.8,64227.3,17533.603,1846.36,1862.63,1837.01,1857.43,433477.221
2026-02-24 17:00:00+00:00,64227.4,64491.0,64013.5,64188.8,10364.42,1857.42,1864.58,1848.17,1854.39,276789.741
2026-02-24 18:00:00+00:00,64188.8,64478.5,63850.0,64395.1,8711.554,1854.39,1859.63,1843.74,1854.01,127514.29
2026-02-24 19:00:00+00:00,64395.1,64719.1,64214.3,64405.4,7655.551,1854.01,1861.73,1845.57,1851.56,112762.387
2026-02-24 20:00:00+00:00,64405.4,64566.5,64281.5,64430.8,3535.966,1851.56,1861.48,1848.39,1857.53,77711.309
2026-02-24 21:00:00+00:00,64430.8,64430.8,63769.2,64009.2,7279.071,1857.53,1857.53,1843.83,1852.97,88232.196
2026-02-24 22:00:00+00:00,64009.2,64200.0,63943.5,64091.8,2811.42,1852.97,1863.5,1851.75,1859.66,73487.598
2026-02-24 23:00:00+00:00,64091.8,64217.2,63821.5,64031.3,3706.044,1859.67,1859.84,1850.54,1851.09,68442.392
2026-02-25 00:00:00+00:00,64031.4,64288.0,63876.0,64188.9,3357.423,1851.1,1855.82,1845.7,1850.95,84223.894
2026-02-25 01:00:00+00:00,64189.0,66283.1,64106.0,65860.4,33987.242,1850.95,1924.93,1849.51,1917.35,793898.299
2026-02-25 02:00:00+00:00,65860.4,66279.1,65817.2,65852.0,10049.211,1917.35,1945.7,1917.15,1919.95,359496.307
2026-02-25 03:00:00+00:00,65852.0,65928.7,65310.5,65361.7,9461.209,1919.94,1922.0,1902.43,1905.37,245100.602
2026-02-25 04:00:00+00:00,65361.7,65627.5,65053.9,65427.9,7601.452,1905.38,1913.82,1893.69,1905.23,238052.675
2026-02-25 05:00:00+00:00,65428.0,65488.2,64720.4,64847.9,9492.636,1905.22,1907.59,1877.06,1887.09,337138.929
2026-02-25 06:00:00+00:00,64847.9,65098.5,64828.8,64862.6,4110.235,1887.09,1895.77,1883.82,1884.21,107409.783
2026-02-25 07:00:00+00:00,64862.6,65160.4,64735.5,65001.1,5408.19,1884.22,1894.57,1881.29,1892.35,100753.911
2026-02-25 08:00:00+00:00,65001.2,65550.0,64929.7,65490.9,6516.588,1892.36,1913.08,1889.24,1909.42,225116.908
2026-02-25 09:00:00+00:00,65491.0,65674.1,65389.4,65524.2,5041.966,1909.42,1916.97,1906.5,1914.4,146784.074
2026-02-25 10:00:00+00:00,65524.2,65640.0,65303.7,65364.4,3393.598,1914.4,1925.0,1909.6,1911.76,138027.115
2026-02-25 11:00:00+00:00,65364.5,65457.3,65161.0,65396.7,4109.429,1911.75,1927.89,1906.51,1925.28,165279.907
2026-02-25 12:00:00+00:00,65396.6,66222.0,65280.1,66038.7,12344.16,1925.27,1956.64,1921.23,1952.64,410397.246
2026-02-25 13:00:00+00:00,66038.7,66687.1,65987.3,66209.5,16065.453,1952.65,1977.03,1951.5,1963.88,462620.582
2026-02-25 14:00:00+00:00,66209.5,66985.5,66179.2,66936.9,17904.632,1963.87,2000.0,1960.8,1996.62,616717.048
2026-02-25 15:00:00+00:00,66936.7,67548.0,66680.0,67362.3,23031.077,1996.61,2027.93,1985.51,2012.86,724223.683
2026-02-25 16:00:00+00:00,67362.4,68300.5,67354.2,68249.9,20141.855,2012.85,2048.64,2012.14,2045.53,531529.883
2026-02-25 17:00:00+00:00,68249.9,68842.0,67977.7,68625.6,21743.254,2045.53,2084.93,2043.22,2073.1,669086.511
2026-02-25 18:00:00+00:00,68625.6,69531.3,68340.0,69293.3,23250.448,2073.1,2081.17,2056.12,2073.2,364511.769
2026-02-25 19:00:00+00:00,69293.3,69375.1,68720.8,69005.2,12030.281,2073.21,2074.39,2058.0,2070.32,183362.998
2026-02-25 20:00:00+00:00,69005.2,69350.0,68567.9,69104.9,11219.91,2070.34,2083.99,2057.25,2073.76,264677.707
2026-02-25 21:00:00+00:00,69104.9,69999.0,68720.0,68874.2,16882.927,2073.75,2149.95,2064.71,2099.46,679825.91
2026-02-25 22:00:00+00:00,68874.2,69149.7,68014.8,68402.0,10522.275,2099.45,2114.8,2073.0,2082.11,274577.433
2026-02-25 23:00:00+00:00,68402.0,68665.2,67557.0,67952.5,11573.367,2082.1,2086.3,2033.18,2056.5,385593.138
2026-02-26 00:00:00+00:00,67952.5,68504.3,67690.1,68294.4,9314.348,2056.51,2076.0,2046.32,2061.25,252196.604
2026-02-26 01:00:00+00:00,68294.3,68666.0,68172.6,68213.9,5815.129,2061.26,2066.38,2048.41,2057.38,134591.383
2026-02-26 02:00:00+00:00,68213.9,68346.4,67756.8,68219.2,5909.991,2057.38,2058.08,2037.83,2052.07,174977.204
2026-02-26 03:00:00+00:00,68219.1,68350.0,68003.7,68187.5,3139.778,2052.07,2058.61,2046.16,2053.15,87265.474
2026-02-26 04:00:00+00:00,68187.4,68850.0,68150.0,68533.1,6339.379,2053.15,2083.09,2050.7,2073.87,220435.134
2026-02-26 05:00:00+00:00,68533.1,68534.3,68080.0,68408.2,5313.482,2073.87,2074.32,2055.41,2065.19,156425.366
2026-02-26 06:00:00+00:00,68408.3,68487.8,68025.5,68146.1,3448.274,2065.18,2075.96,2058.26,2061.54,121675.346
2026-02-26 07:00:00+00:00,68146.1,68269.9,67780.0,67800.0,4904.038,2061.55,2067.5,2050.5,2052.48,117137.483
2026-02-26 08:00:00+00:00,67800.0,68218.3,67750.0,67923.3,5660.488,2052.49,2058.39,2043.47,2053.32,195654.142
2026-02-26 09:00:00+00:00,67923.4,68617.3,67900.0,68553.0,7564.554,2053.33,2076.5,2051.71,2073.9,206037.073
2026-02-26 10:00:00+00:00,68553.0,68689.7,68221.9,68271.9,5677.056,2073.9,2082.65,2061.1,2064.38,155288.487
2026-02-26 11:00:00+00:00,68272.0,68371.3,67952.0,68025.2,4131.917,2064.37,2066.52,2052.29,2056.51,103331.869
2026-02-26 12:00:00+00:00,68025.2,68270.9,67968.2,68140.9,4562.323,2056.52,2071.43,2054.01,2069.2,118373.832
2026-02-26 13:00:00+00:00,68140.9,68187.0,67810.2,67877.8,5085.134,2069.2,2073.31,2060.07,2064.21,106095.503
2026-02-26 14:00:00+00:00,67877.8,68263.5,67235.8,67659.8,18560.813,2064.21,2077.4,2032.52,2050.22,469616.243
2026-02-26 15:00:00+00:00,67659.8,67707.8,66730.7,67353.4,22208.114,2050.22,2052.46,2010.38,2032.33,734430.623
2026-02-26 16:00:00+00:00,67353.3,67558.7,66462.0,66617.3,17506.162,2032.33,2036.79,1975.8,1982.89,665349.259
2026-02-26 17:00:00+00:00,66617.3,67026.8,66567.9,66795.5,9250.342,1982.88,1998.55,1981.2,1987.45,306175.634
2026-02-26 18:00:00+00:00,66795.4,67347.4,66536.1,67268.9,10783.8,1987.44,2009.02,1973.49,2003.1,355298.565
2026-02-26 19:00:00+00:00,67268.8,67888.0,67246.3,67550.7,9781.421,2003.11,2035.0,2002.45,2029.0,268926.118
2026-02-26 20:00:00+00:00,67550.7,67790.1,67250.3,67386.5,5013.719,2029.0,2042.6,2020.07,2022.6,163579.465
2026-02-26 21:00:00+00:00,67386.6,67549.9,67114.0,67432.1,3217.343,2022.6,2034.11,2016.7,2029.48,87133.887
2026-02-26 22:00:00+00:00,67432.1,67592.9,67269.1,67531.4,2128.634,2029.49,2036.94,2026.19,2032.15,56316.317
2026-02-26 23:00:00+00:00,67531.3,67618.1,67352.3,67448.2,2520.816,2032.14,2032.56,2023.03,2026.71,61594.831
2026-02-27 00:00:00+00:00,67448.1,67502.9,66959.0,67190.3,5416.236,2026.7,2029.82,2007.36,2013.83,143808.157
2026-02-27 01:00:00+00:00,67190.3,67344.6,66841.6,67315.9,7510.213,2013.83,2021.66,1999.2,2020.73,245314.837
2026-02-27 02:00:00+00:00,67315.9,67500.0,67220.0,67226.5,4414.605,2020.72,2033.91,2018.16,2025.17,108490.27
2026-02-27 03:00:00+00:00,67226.4,67670.0,67050.0,67557.4,4966.812,2025.17,2048.91,2018.31,2044.48,161090.033
2026-02-27 04:00:00+00:00,67557.4,68188.8,67533.8,67709.2,11610.448,2044.48,2063.71,2036.09,2041.8,308828.787
2026-02-27 05:00:00+00:00,67709.1,67887.9,67634.0,67685.8,3511.289,2041.79,2048.23,2037.62,2040.68,93106.208
2026-02-27 06:00:00+00:00,67685.8,67787.3,67470.0,67617.1,3421.47,2040.68,2041.89,2027.19,2034.91,125541.576
2026-02-27 07:00:00+00:00,67617.1,67733.7,67417.4,67644.1,4247.954,2034.91,2040.83,2021.0,2031.54,144932.222
2026-02-27 08:00:00+00:00,67644.1,68050.0,67618.5,67897.4,5538.297,2031.54,2045.59,2027.16,2032.63,160210.167
2026-02-27 09:00:00+00:00,67897.5,68127.8,67245.0,67318.4,8171.319,2032.63,2041.56,2006.88,2008.8,226994.388
2026-02-27 10:00:00+00:00,67318.3,67381.0,66540.4,66575.1,17347.378,2008.81,2012.8,1977.29,1979.6,479946.631
2026-02-27 11:00:00+00:00,66575.2,66762.6,65923.0,66094.1,19157.119,1979.59,1983.04,1951.48,1960.79,437767.461
2026-02-27 12:00:00+00:00,66094.0,66198.0,65714.2,65902.4,10737.721,1960.79,1968.0,1945.75,1958.77,286360.332
2026-02-27 13:00:00+00:00,65902.5,66320.0,65626.1,66240.0,15499.709,1958.77,1966.6,1936.0,1962.04,394520.78
2026-02-27 14:00:00+00:00,66240.0,66300.0,65656.0,65855.5,16692.908,1962.03,1963.24,1938.69,1941.91,363512.669
2026-02-27 15:00:00+00:00,65855.4,66289.8,65804.8,66072.6,10996.948,1941.9,1958.0,1939.43,1947.39,294500.83
2026-02-27 16:00:00+00:00,66072.5,66095.2,65433.2,65449.3,13536.014,1947.39,1947.75,1923.1,1926.01,417922.743
2026-02-27 17:00:00+00:00,65449.3,65724.3,65080.0,65673.0,12844.531,1926.0,1933.71,1906.0,1930.99,417850.213
2026-02-27 18:00:00+00:00,65672.9,65772.4,65180.0,65284.8,6397.309,1930.99,1931.98,1914.61,1917.03,166030.547
2026-02-27 19:00:00+00:00,65284.8,65433.7,65135.3,65365.4,4953.94,1917.02,1922.5,1910.92,1920.02,117293.315
2026-02-27 20:00:00+00:00,65365.4,65638.0,65365.4,65564.2,4137.96,1920.02,1925.88,1919.23,1922.12,91794.231
2026-02-27 21:00:00+00:00,65564.3,65721.6,65366.5,65502.3,3322.086,1922.11,1932.85,1915.81,1920.31,132581.58
2026-02-27 22:00:00+00:00,65502.2,65647.2,64875.6,65609.0,7159.562,1920.31,1926.17,1885.0,1920.1,339410.646
2026-02-27 23:00:00+00:00,65609.0,65921.7,65517.6,65836.0,4365.536,1920.11,1932.12,1918.67,1928.5,107469.617
2026-02-28 00:00:00+00:00,65836.0,65990.0,65681.9,65906.3,3731.321,1928.51,1937.37,1923.17,1931.21,96001.949
2026-02-28 01:00:00+00:00,65906.3,65943.6,65701.2,65747.2,2477.01,1931.21,1935.23,1916.77,1923.38,92794.327
2026-02-28 02:00:00+00:00,65747.3,65994.7,65734.2,65926.9,1986.768,1923.38,1931.51,1921.03,1929.14,49049.478
2026-02-28 03:00:00+00:00,65927.0,65949.7,65700.9,65763.8,2469.945,1929.15,1930.2,1919.19,1923.33,64685.426
2026-02-28 04:00:00+00:00,65763.8,65786.8,65441.0,65632.0,4292.979,1923.33,1930.86,1912.2,1924.24,110487.774
2026-02-28 05:00:00+00:00,65632.1,65700.0,65462.1,65558.6,2751.317,1924.24,1927.32,1913.13,1919.15,65864.857
2026-02-28 06:00:00+00:00,65558.6,65560.0,62979.5,63173.8,43103.63,1919.16,1919.56,1834.06,1841.51,974056.219
2026-02-28 07:00:00+00:00,63173.8,64298.7,62981.2,63788.4,27050.351,1841.51,1884.78,1834.11,1865.36,666267.612
2026-02-28 08:00:00+00:00,63787.4,63851.3,63356.1,63439.7,11400.498,1865.37,1867.79,1846.97,1851.43,321706.512
2026-02-28 09:00:00+00:00,63439.6,63923.6,63313.9,63621.4,7329.197,1851.43,1863.6,1843.19,1853.91,188492.533
2026-02-28 10:00:00+00:00,63621.3,64030.0,63377.5,63964.5,7531.393,1853.91,1866.62,1847.85,1863.94,194635.147
2026-02-28 11:00:00+00:00,63964.5,64267.9,63736.0,63810.4,9652.625,1863.94,1880.39,1860.3,1862.27,222739.721
2026-02-28 12:00:00+00:00,63810.4,64053.3,63782.2,63980.0,4061.843,1862.28,1873.29,1861.01,1867.52,109558.373
2026-02-28 13:00:00+00:00,63979.9,65190.0,63865.6,65069.5,19174.396,1867.52,1909.88,1864.0,1904.31,458461.772
2026-02-28 14:00:00+00:00,65069.5,65335.8,64239.3,64402.4,22265.916,1904.31,1914.99,1882.12,1886.83,545478.856
2026-02-28 15:00:00+00:00,64402.5,64991.8,64175.8,64800.0,10106.884,1886.82,1903.57,1871.82,1897.78,287923.744
2026-02-28 16:00:00+00:00,64800.1,65170.5,64635.0,65053.8,5441.518,1897.77,1909.18,1890.5,1902.77,157606.836
2026-02-28 17:00:00+00:00,65053.7,65581.3,64800.0,65395.4,7093.869,1902.77,1911.19,1884.13,1905.82,206707.281
2026-02-28 18:00:00+00:00,65395.3,66165.8,65139.4,65873.0,11466.289,1905.82,1946.77,1900.18,1934.87,380654.772
2026-02-28 19:00:00+00:00,65872.9,66642.8,65557.3,66318.1,15159.578,1934.86,1954.0,1918.86,1945.78,339481.406
2026-02-28 20:00:00+00:00,66318.1,67138.0,66150.0,66918.6,12499.792,1945.78,1973.0,1936.69,1964.57,349031.449
2026-02-28 21:00:00+00:00,66918.6,67009.9,66329.7,66684.8,10109.567,1964.58,1966.89,1943.4,1956.8,226932.669
2026-02-28 22:00:00+00:00,66684.8,67735.0,66579.1,67081.4,11439.266,1956.79,1984.22,1954.28,1964.46,212686.574
2026-02-28 23:00:00+00:00,67081.4,67183.3,66688.3,66937.1,5326.834,1964.46,1968.97,1955.31,1963.48,92682.211
2026-04-01 00:00:00+00:00,68241.4,68305.1,67808.1,68288.0,5899.344,2104.48,2117.44,2095.6,2113.91,153874.151
2026-04-01 01:00:00+00:00,68288.0,68330.0,67707.5,67746.4,5867.034,2113.92,2115.0,2090.0,2092.01,124528.327
2026-04-01 02:00:00+00:00,67746.4,67881.2,67534.9,67623.8,4392.19,2092.0,2095.48,2081.19,2087.58,134461.873
2026-04-01 03:00:00+00:00,67623.9,68214.5,67623.9,68134.0,4893.429,2087.57,2106.73,2087.57,2101.87,132636.136
2026-04-01 04:00:00+00:00,68134.0,68450.0,67965.0,68272.3,6806.107,2101.87,2115.71,2099.18,2110.39,128311.648
2026-04-01 05:00:00+00:00,68272.3,68732.5,68114.5,68418.2,8388.28,2110.38,2135.6,2105.27,2121.65,281392.904
2026-04-01 06:00:00+00:00,68418.3,69220.0,68418.2,69069.1,14347.278,2121.65,2156.47,2121.61,2150.27,429722.522
2026-04-01 07:00:00+00:00,69069.1,69288.0,68631.1,68651.9,9948.863,2150.27,2157.99,2129.11,2130.13,281799.028
2026-04-01 08:00:00+00:00,68651.9,68821.5,68425.5,68630.8,7971.803,2130.13,2142.76,2124.43,2136.02,233415.099
2026-04-01 09:00:00+00:00,68630.9,68702.3,68360.0,68608.4,5165.172,2136.03,2139.5,2127.06,2135.49,131765.141
2026-04-01 10:00:00+00:00,68608.4,68632.1,68370.1,68545.1,3236.913,2135.5,2136.94,2125.17,2131.58,85696.141
2026-04-01 11:00:00+00:00,68545.2,68702.3,68471.5,68669.9,3332.164,2131.58,2139.0,2129.58,2134.18,95413.439
2026-04-01 12:00:00+00:00,68670.0,68773.9,68220.9,68363.8,9084.82,2134.18,2149.37,2120.84,2129.89,278942.971
2026-04-01 13:00:00+00:00,68364.1,68650.0,67883.7,68091.4,12785.834,2129.89,2134.22,2107.53,2118.58,452244.598
2026-04-01 14:00:00+00:00,68091.4,68657.1,68020.0,68559.1,8903.706,2118.57,2129.84,2112.83,2125.97,202264.277
2026-04-01 15:00:00+00:00,68559.2,68938.8,68380.3,68877.0,7696.492,2125.98,2137.67,2121.0,2133.93,167713.203
2026-04-01 16:00:00+00:00,68876.9,68961.6,68570.0,68781.1,6621.467,2133.93,2152.15,2123.65,2144.99,244868.652
2026-04-01 17:00:00+00:00,68781.1,69142.6,68212.1,68239.7,8742.133,2145.0,2167.2,2132.3,2135.86,354345.495
2026-04-01 18:00:00+00:00,68239.7,68313.8,67900.4,68054.2,8261.383,2135.86,2136.84,2122.23,2128.12,165725.716
2026-04-01 19:00:00+00:00,68054.2,68269.9,68000.0,68143.8,3616.318,2128.13,2144.0,2126.83,2140.24,117558.032
2026-04-01 20:00:00+00:00,68143.7,68217.8,67927.0,68159.8,2825.356,2140.25,2146.78,2129.2,2142.46,103059.41
2026-04-01 21:00:00+00:00,68159.7,68510.6,68136.5,68324.7,3518.395,2142.46,2164.47,2141.81,2155.57,167811.627
2026-04-01 22:00:00+00:00,68324.8,68324.8,68032.9,68088.4,2650.481,2155.56,2157.57,2136.43,2138.74,177213.657
2026-04-01 23:00:00+00:00,68088.5,68220.9,67952.2,68086.5,2321.258,2138.75,2144.84,2133.92,2138.8,81349.759
2026-04-02 00:00:00+00:00,68086.4,68639.1,68013.3,68565.1,4810.862,2138.8,2158.42,2134.58,2154.58,170787.537
2026-04-02 01:00:00+00:00,68565.2,68565.2,67000.3,67316.4,28476.843,2154.58,2154.84,2088.0,2098.56,888468.612
2026-04-02 02:00:00+00:00,67316.4,67316.4,66590.0,66821.6,10945.857,2098.56,2098.56,2062.37,2072.78,512737.807
2026-04-02 03:00:00+00:00,66821.6,66931.9,66455.9,66538.4,6817.005,2072.78,2075.49,2044.0,2054.73,379274.366
2026-04-02 04:00:00+00:00,66538.4,66617.7,66171.8,66300.2,7198.698,2054.73,2057.42,2040.28,2043.49,208664.936
2026-04-02 05:00:00+00:00,66300.2,66628.8,66270.0,66558.2,7378.976,2043.49,2050.42,2037.23,2049.01,219097.339
2026-04-02 06:00:00+00:00,66558.2,66798.9,66506.4,66652.9,6658.861,2049.01,2052.68,2044.09,2048.7,133780.964
2026-04-02 07:00:00+00:00,66653.0,66898.5,66521.4,66887.9,3805.262,2048.69,2055.74,2042.89,2054.8,134215.854
2026-04-02 08:00:00+00:00,66887.8,66887.9,66372.9,66418.2,5263.115,2054.79,2054.79,2044.11,2045.08,92330.732
2026-04-02 09:00:00+00:00,66418.1,66487.7,66256.0,66428.6,4756.07,2045.08,2046.91,2038.19,2042.82,122792.715
2026-04-02 10:00:00+00:00,66428.7,66471.9,66188.1,66424.0,3978.965,2042.82,2043.82,2030.63,2037.68,139424.752
2026-04-02 11:00:00+00:00,66424.1,66449.7,66065.1,66180.6,5811.944,2037.68,2039.3,2022.0,2032.04,181082.252
2026-04-02 12:00:00+00:00,66180.6,66215.2,65919.1,66014.2,9031.717,2032.03,2032.39,2023.08,2025.89,159132.508
2026-04-02 13:00:00+00:00,66014.3,66250.0,65676.1,66227.3,15856.243,2025.9,2041.7,2015.55,2037.69,403349.713
2026-04-02 14:00:00+00:00,66227.3,67080.0,66123.0,66822.4,20636.572,2037.69,2072.0,2031.55,2062.6,641759.488
2026-04-02 15:00:00+00:00,66822.3,66960.7,66596.2,66810.6,8566.429,2062.6,2066.86,2047.17,2058.46,300763.513
2026-04-02 16:00:00+00:00,66810.6,67234.4,66707.6,67050.1,7916.796,2058.45,2076.0,2051.01,2061.94,185961.106
2026-04-02 17:00:00+00:00,67050.0,67400.0,66622.4,66641.4,12264.218,2061.93,2070.97,2042.39,2046.0,231326.733
2026-04-02 18:00:00+00:00,66641.4,67044.8,66550.0,66941.6,5634.322,2046.01,2063.0,2042.18,2057.41,148192.653
2026-04-02 19:00:00+00:00,66941.7,67082.9,66827.8,66943.2,3699.127,2057.42,2065.88,2053.64,2064.39,83003.184
2026-04-02 20:00:00+00:00,66943.2,67078.9,66755.6,66906.3,3029.761,2064.4,2073.41,2059.63,2067.29,136958.848
2026-04-02 21:00:00+00:00,66906.4,66993.4,66681.3,66910.7,2094.62,2067.29,2069.86,2054.85,2062.23,105359.502
2026-04-02 22:00:00+00:00,66910.7,67008.5,66782.0,66954.0,2072.862,2062.23,2063.8,2052.26,2059.08,85078.877
2026-04-02 23:00:00+00:00,66954.0,67070.2,66820.6,66868.5,1653.796,2059.07,2061.0,2052.59,2055.96,101416.402
2026-04-03 00:00:00+00:00,66868.6,66976.2,66671.0,66761.8,2723.057,2055.97,2058.71,2048.52,2052.06,64518.336
2026-04-03 01:00:00+00:00,66761.8,66881.3,66450.0,66599.0,4087.425,2052.06,2061.88,2044.0,2049.43,147551.677
2026-04-03 02:00:00+00:00,66599.1,66726.7,66240.0,66504.6,7272.397,2049.44,2059.17,2038.35,2051.43,183280.975
2026-04-03 03:00:00+00:00,66504.6,66698.5,66461.0,66550.0,4129.956,2051.42,2056.4,2049.0,2053.0,83170.477
2026-04-03 04:00:00+00:00,66550.1,66666.0,66468.0,66578.8,1744.992,2053.01,2057.0,2047.57,2053.64,53603.495
2026-04-03 05:00:00+00:00,66578.8,66789.6,66375.1,66574.9,3463.985,2053.64,2063.99,2046.16,2056.16,100920.9
2026-04-03 06:00:00+00:00,66574.9,66770.0,66523.2,66762.0,2064.989,2056.16,2066.0,2053.78,2062.66,78388.302
2026-04-03 07:00:00+00:00,66762.1,67233.3,66716.4,67008.8,6199.006,2062.67,2074.6,2061.11,2064.98,125236.688
2026-04-03 08:00:00+00:00,67008.8,67258.0,66864.1,66935.0,4767.938,2064.98,2071.14,2057.16,2059.85,96548.669
2026-04-03 09:00:00+00:00,66935.1,66976.0,66714.3,66828.9,2763.018,2059.85,2063.15,2055.68,2060.07,52943.531
2026-04-03 10:00:00+00:00,66828.9,66871.9,66644.0,66845.3,2217.705,2060.06,2060.07,2052.02,2058.68,67414.227
2026-04-03 11:00:00+00:00,66845.3,67041.9,66790.6,66983.4,2737.691,2058.69,2064.05,2056.74,2061.87,58113.659
2026-04-03 12:00:00+00:00,66983.5,67350.0,66605.9,66690.4,8947.233,2061.88,2084.02,2043.6,2049.05,296346.96
2026-04-03 13:00:00+00:00,66690.4,66707.1,66478.5,66644.6,6171.178,2049.04,2050.21,2040.26,2047.21,174635.401
2026-04-03 14:00:00+00:00,66644.6,66968.1,66600.0,66900.0,4449.791,2047.21,2056.6,2044.25,2053.35,114951.665
2026-04-03 15:00:00+00:00,66899.9,66999.0,66778.9,66806.1,2790.32,2053.35,2056.85,2048.09,2050.31,64887.757
2026-04-03 16:00:00+00:00,66806.0,67046.1,66800.0,66972.5,2190.628,2050.31,2055.9,2048.58,2053.7,60569.833
2026-04-03 17:00:00+00:00,66972.5,67040.0,66714.1,66811.0,3190.914,2053.7,2054.5,2042.4,2049.21,72234.171
2026-04-03 18:00:00+00:00,66811.0,66899.7,66746.9,66783.7,1313.064,2049.2,2052.5,2046.85,2048.2,44888.027
2026-04-03 19:00:00+00:00,66783.6,66882.9,66740.6,66857.0,1227.27,2048.2,2053.28,2044.2,2051.43,37560.728
2026-04-03 20:00:00+00:00,66857.0,66888.0,66800.0,66800.1,776.851,2051.42,2054.1,2050.83,2051.7,29165.979
2026-04-03 21:00:00+00:00,66800.0,66946.3,66791.8,66929.5,1612.364,2051.71,2060.99,2051.63,2057.25,59104.131
2026-04-03 22:00:00+00:00,66929.4,66943.0,66813.0,66860.0,1236.07,2057.26,2058.72,2048.54,2051.09,38447.258
2026-04-03 23:00:00+00:00,66859.9,66930.0,66800.7,66930.0,1189.991,2051.09,2053.36,2048.37,2052.92,33226.951
2026-04-04 00:00:00+00:00,66930.0,66935.3,66838.9,66863.4,939.228,2052.93,2053.0,2050.47,2051.25,21777.976
2026-04-04 01:00:00+00:00,66863.4,66895.7,66795.8,66820.0,1195.529,2051.25,2052.93,2048.62,2050.52,22801.701
2026-04-04 02:00:00+00:00,66820.0,66891.4,66773.3,66814.1,1049.257,2050.53,2052.7,2046.87,2049.32,33138.435
2026-04-04 03:00:00+00:00,66814.0,66875.4,66798.8,66799.1,718.718,2049.32,2051.39,2048.7,2049.21,19474.531
2026-04-04 04:00:00+00:00,66799.1,66840.0,66745.5,66833.5,802.699,2049.21,2050.76,2047.51,2050.14,21001.286
2026-04-04 05:00:00+00:00,66833.5,66908.4,66817.8,66871.0,1487.395,2050.13,2054.22,2049.53,2052.77,39852.391
2026-04-04 06:00:00+00:00,66871.0,67023.7,66871.0,66981.5,1922.566,2052.78,2057.5,2051.96,2055.51,45203.075
2026-04-04 07:00:00+00:00,66981.5,67019.1,66904.0,66982.0,1794.695,2055.51,2056.13,2050.52,2052.72,38445.655
2026-04-04 08:00:00+00:00,66982.1,67025.0,66874.5,66907.8,1638.621,2052.73,2054.5,2048.36,2049.45,35102.459
2026-04-04 09:00:00+00:00,66907.8,66958.2,66882.1,66952.1,884.97,2049.45,2050.88,2048.1,2049.26,35822.189
2026-04-04 10:00:00+00:00,66952.1,67150.3,66880.9,67139.1,2711.761,2049.27,2053.96,2046.45,2053.27,64744.842
2026-04-04 11:00:00+00:00,67139.1,67223.8,67050.0,67128.9,2757.579,2053.27,2054.24,2050.25,2051.06,31775.327
2026-04-04 12:00:00+00:00,67128.9,67152.5,67025.2,67062.0,1463.379,2051.06,2052.5,2047.0,2048.89,43287.816
2026-04-04 13:00:00+00:00,67061.9,67245.3,67044.8,67170.0,2344.2,2048.9,2053.99,2048.55,2052.31,47507.628
2026-04-04 14:00:00+00:00,67170.0,67193.3,67003.7,67177.6,4367.856,2052.31,2053.62,2043.0,2052.14,83076.177
2026-04-04 15:00:00+00:00,67177.5,67554.5,67145.6,67357.3,8203.922,2052.13,2060.99,2051.39,2055.16,117989.106
2026-04-04 16:00:00+00:00,67357.4,67500.0,67292.0,67335.2,5582.375,2055.16,2061.65,2052.3,2054.65,95783.505
2026-04-04 17:00:00+00:00,67335.1,67386.0,67249.9,67302.3,1946.546,2054.66,2057.22,2051.74,2055.85,43639.891
2026-04-04 18:00:00+00:00,67302.3,67350.0,67226.4,67265.7,1442.733,2055.85,2057.33,2053.75,2054.18,22714.733
2026-04-04 19:00:00+00:00,67265.6,67523.8,67245.6,67262.7,2205.233,2054.17,2083.36,2054.15,2063.77,278409.936
2026-04-04 20:00:00+00:00,67262.8,67269.4,67150.6,67240.2,1456.19,2063.77,2064.03,2058.63,2061.87,47742.563
2026-04-04 21:00:00+00:00,67240.2,67452.7,67180.9,67325.0,1362.401,2061.87,2071.06,2061.66,2067.73,40525.118
2026-04-04 22:00:00+00:00,67325.0,67438.7,67305.4,67368.9,1151.5,2067.73,2071.46,2067.3,2068.04,34621.469
2026-04-04 23:00:00+00:00,67368.9,67371.4,67214.2,67271.0,1340.984,2068.04,2068.24,2061.61,2064.43,41754.651
2026-04-05 00:00:00+00:00,67271.1,67279.2,67131.1,67177.0,1420.572,2064.43,2064.6,2059.2,2061.27,32563.054
2026-04-05 01:00:00+00:00,67177.0,67200.0,67045.2,67060.6,1631.698,2061.28,2061.6,2056.01,2056.4,47393.019
2026-04-05 02:00:00+00:00,67060.6,67154.0,66900.0,67144.3,3024.169,2056.39,2059.2,2052.65,2058.98,52260.899
2026-04-05 03:00:00+00:00,67144.3,67166.9,67058.0,67113.5,827.213,2058.98,2059.99,2054.25,2055.69,23686.71
2026-04-05 04:00:00+00:00,67113.4,67160.0,67034.8,67066.2,1007.637,2055.69,2057.19,2053.01,2054.25,28251.548
2026-04-05 05:00:00+00:00,67066.3,67127.5,66822.8,66905.1,2325.371,2054.25,2055.88,2046.0,2047.74,70293.915
2026-04-05 06:00:00+00:00,66905.2,66918.6,66575.5,66771.6,7701.988,2047.74,2048.11,2026.32,2037.25,317875.914
2026-04-05 07:00:00+00:00,66771.6,66887.1,66685.3,66787.4,2881.334,2037.24,2041.58,2033.01,2036.0,97584.917
2026-04-05 08:00:00+00:00,66787.4,66910.0,66782.1,66892.5,1538.0,2036.0,2039.04,2034.57,2038.06,34906.922
2026-04-05 09:00:00+00:00,66892.6,67020.4,66862.3,66996.0,2024.531,2038.06,2044.93,2037.72,2043.22,63277.507
2026-04-05 10:00:00+00:00,66996.1,67132.8,66928.1,67012.3,2032.778,2043.23,2051.83,2041.09,2043.65,76394.855
2026-04-05 11:00:00+00:00,67012.4,67054.1,66934.4,66972.7,1308.905,2043.64,2044.88,2039.35,2040.88,41060.478
2026-04-05 12:00:00+00:00,66972.7,66972.7,66650.0,66751.4,5228.659,2040.88,2040.89,2020.61,2026.96,271537.324
2026-04-05 13:00:00+00:00,66751.5,66892.9,66666.0,66863.4,2779.283,2026.95,2036.99,2024.3,2035.44,142006.445
2026-04-05 14:00:00+00:00,66863.5,66940.2,66783.1,66892.5,2313.054,2035.44,2042.3,2033.65,2037.36,116369.376
2026-04-05 15:00:00+00:00,66892.6,67828.6,66792.6,67272.2,17243.801,2037.37,2069.25,2033.07,2053.13,380743.413
2026-04-05 16:00:00+00:00,67272.2,67381.0,67132.2,67178.8,3833.608,2053.12,2058.5,2048.76,2051.24,91914.209
2026-04-05 17:00:00+00:00,67178.9,67376.3,67150.0,67342.2,2318.157,2051.25,2061.45,2047.04,2061.31,115817.577
2026-04-05 18:00:00+00:00,67342.2,67428.2,67246.6,67381.1,1759.782,2061.31,2065.96,2055.84,2061.92,85919.173
2026-04-05 19:00:00+00:00,67381.2,67540.0,67250.0,67329.1,2721.463,2061.92,2068.88,2056.88,2060.99,74283.401
2026-04-05 20:00:00+00:00,67329.1,67681.6,67302.4,67636.7,3902.447,2061.0,2074.58,2060.52,2067.89,91495.197
2026-04-05 21:00:00+00:00,67636.7,67672.9,67377.2,67519.5,3003.776,2067.9,2068.0,2055.81,2059.14,80094.919
2026-04-05 22:00:00+00:00,67519.5,68347.9,67313.6,68313.0,14605.362,2059.15,2087.92,2048.66,2084.99,310664.281
2026-04-05 23:00:00+00:00,68313.0,69108.0,68232.0,68997.9,17484.581,2084.99,2123.23,2081.0,2109.35,486682.415
2026-04-06 00:00:00+00:00,68997.9,69583.0,68997.9,69051.9,14169.018,2109.36,2135.0,2109.36,2121.14,343516.67
2026-04-06 01:00:00+00:00,69051.9,69103.1,68761.0,68782.9,6282.17,2121.15,2123.85,2111.49,2114.3,157781.65
2026-04-06 02:00:00+00:00,68782.9,69386.2,68740.2,69183.6,7133.971,2114.3,2147.73,2113.64,2132.65,278977.643
2026-04-06 03:00:00+00:00,69183.6,69223.4,69026.6,69092.4,3887.373,2132.64,2136.45,2125.6,2128.38,117307.08
2026-04-06 04:00:00+00:00,69092.3,69188.0,68943.3,69107.6,3311.978,2128.38,2133.9,2124.0,2130.12,100218.817
2026-04-06 05:00:00+00:00,69107.6,69214.5,69052.0,69167.1,1991.853,2130.11,2133.73,2127.24,2130.4,48087.103
2026-04-06 06:00:00+00:00,69167.0,69338.2,68769.6,68958.7,6473.617,2130.39,2138.4,2119.04,2126.34,191264.325
2026-04-06 07:00:00+00:00,68958.8,69190.8,68800.0,69089.7,4997.301,2126.35,2140.5,2121.76,2134.05,138993.256
2026-04-06 08:00:00+00:00,69089.8,69328.7,69047.7,69191.7,3993.886,2134.05,2147.54,2132.52,2137.54,140714.204
2026-04-06 09:00:00+00:00,69191.7,70252.9,69180.0,69699.4,18431.974,2137.55,2174.41,2137.34,2149.9,545896.7
2026-04-06 10:00:00+00:00,69699.4,69982.2,69666.0,69739.2,5348.035,2149.91,2156.74,2148.11,2152.28,127350.433
2026-04-06 11:00:00+00:00,69739.2,69739.2,69524.0,69583.6,3764.749,2152.28,2153.0,2145.43,2150.55,96913.165
2026-04-06 12:00:00+00:00,69583.5,69602.4,69283.0,69337.3,4709.786,2150.54,2153.8,2141.0,2142.51,130911.342
2026-04-06 13:00:00+00:00,69337.4,69521.4,69200.1,69399.8,6493.035,2142.51,2148.47,2136.42,2145.0,197251.286
2026-04-06 14:00:00+00:00,69399.7,69791.3,69088.0,69620.0,12807.333,2145.0,2164.91,2136.71,2155.35,520575.246
2026-04-06 15:00:00+00:00,69620.0,69931.9,69490.0,69922.5,7526.043,2155.35,2169.11,2154.0,2163.43,273545.566
2026-04-06 16:00:00+00:00,69922.4,70332.5,69737.6,69759.2,10741.826,2163.43,2167.52,2139.11,2139.26,210564.571
2026-04-06 17:00:00+00:00,69759.2,69778.4,69240.0,69540.6,9573.939,2139.25,2139.86,2122.0,2134.0,347548.638
2026-04-06 18:00:00+00:00,69540.6,69955.3,69436.4,69852.9,5050.802,2134.0,2147.52,2130.55,2143.7,148489.975
2026-04-06 19:00:00+00:00,69852.8,69862.2,69543.8,69704.8,3330.826,2143.71,2145.01,2134.34,2143.29,96893.294
2026-04-06 20:00:00+00:00,69704.8,69940.0,69578.0,69779.4,2833.907,2143.3,2154.42,2139.2,2147.59,90656.987
2026-04-06 21:00:00+00:00,69779.5,69784.3,69400.0,69476.5,2367.163,2147.58,2147.58,2136.46,2138.52,64443.775
2026-04-06 22:00:00+00:00,69476.5,69554.2,68777.0,68777.1,7405.076,2138.52,2140.38,2103.87,2103.9,278902.468
2026-04-06 23:00:00+00:00,68777.0,68880.1,68227.5,68817.9,14131.575,2103.9,2109.42,2086.29,2106.14,494194.065
2026-04-07 00:00:00+00:00,68817.9,69111.8,68682.7,68738.7,7076.461,2106.14,2119.34,2104.54,2111.5,230936.725
2026-04-07 01:00:00+00:00,68738.6,68878.3,68291.0,68363.9,7228.844,2111.5,2119.78,2096.29,2098.28,213646.657
2026-04-07 02:00:00+00:00,68363.9,68684.6,68241.9,68640.3,5150.666,2098.28,2110.75,2091.93,2105.7,150762.142
2026-04-07 03:00:00+00:00,68640.3,68780.0,68586.5,68746.3,2875.385,2105.69,2109.0,2102.57,2107.19,61146.761
2026-04-07 04:00:00+00:00,68746.4,68955.6,68510.5,68819.3,4248.648,2107.2,2118.25,2102.16,2113.08,102382.228
2026-04-07 05:00:00+00:00,68819.2,68831.0,68577.6,68627.5,2555.837,2113.08,2113.66,2102.46,2104.45,75512.26
2026-04-07 06:00:00+00:00,68627.4,68635.9,68400.6,68540.0,3505.289,2104.45,2106.07,2095.35,2103.01,113028.36
2026-04-07 07:00:00+00:00,68539.9,68677.8,68470.0,68592.1,2041.225,2103.01,2105.31,2097.5,2103.0,65215.119
2026-04-07 08:00:00+00:00,68592.0,68963.4,68570.7,68907.1,4642.324,2102.99,2116.43,2102.35,2113.99,135890.743
2026-04-07 09:00:00+00:00,68907.1,69219.0,68900.0,69109.8,6058.021,2113.99,2132.96,2113.32,2127.26,239504.188
2026-04-07 10:00:00+00:00,69109.9,69170.0,68151.8,68196.0,13660.183,2127.26,2130.78,2085.1,2088.29,419506.668
2026-04-07 11:00:00+00:00,68196.1,68430.1,68033.0,68310.8,7993.096,2088.29,2093.23,2080.57,2088.47,238995.278
2026-04-07 12:00:00+00:00,68310.7,68579.3,68039.8,68367.0,7657.761,2088.48,2092.26,2073.1,2085.77,378939.087
2026-04-07 13:00:00+00:00,68366.9,68613.8,68168.0,68208.1,8543.123,2085.76,2092.61,2073.42,2073.98,225855.451
2026-04-07 14:00:00+00:00,68208.1,68232.1,67741.0,67831.0,14376.041,2073.97,2080.61,2058.01,2068.48,415350.304
2026-04-07 15:00:00+00:00,67831.1,68250.0,67711.0,68138.4,7962.196,2068.49,2082.39,2063.64,2079.26,216787.603
2026-04-07 16:00:00+00:00,68138.5,68431.8,68049.9,68207.2,6229.966,2079.26,2089.36,2076.41,2082.61,195885.892
2026-04-07 17:00:00+00:00,68207.2,68996.0,68164.5,68670.0,7980.601,2082.62,2115.81,2078.6,2098.29,287521.252
2026-04-07 18:00:00+00:00,68670.1,68746.7,68318.1,68413.7,4727.513,2098.29,2100.49,2081.41,2085.32,149893.403
2026-04-07 19:00:00+00:00,68413.7,69068.6,68315.3,68975.9,9428.713,2085.31,2117.0,2083.17,2112.52,318945.138
2026-04-07 20:00:00+00:00,68975.9,69500.0,68975.9,69285.2,9691.622,2112.52,2124.8,2109.43,2114.57,227191.435
2026-04-07 21:00:00+00:00,69285.3,70200.0,69273.3,69886.7,18637.709,2114.56,2152.86,2114.47,2144.25,443345.624
2026-04-07 22:00:00+00:00,69886.7,71499.9,69886.6,71479.9,31964.577,2144.26,2219.69,2144.26,2219.2,975854.175
2026-04-07 23:00:00+00:00,71479.9,72743.4,71155.0,71890.2,38592.446,2219.2,2273.0,2214.23,2239.14,999049.642
2026-04-08 00:00:00+00:00,71890.2,72086.4,71505.2,71681.9,12154.36,2239.14,2250.71,2226.28,2235.33,355862.267
2026-04-08 01:00:00+00:00,71681.9,71732.6,71416.9,71446.5,5646.636,2235.32,2242.59,2229.56,2233.38,141734.388
2026-04-08 02:00:00+00:00,71446.5,71698.0,71186.0,71330.0,6209.708,2233.38,2246.81,2229.37,2236.33,177358.722
2026-04-08 03:00:00+00:00,71329.9,71449.9,71231.3,71259.6,2746.993,2236.34,2238.93,2231.17,2233.89,68780.759
2026-04-08 04:00:00+00:00,71259.7,71649.8,71250.0,71528.6,5039.55,2233.89,2251.98,2233.88,2239.71,181611.372
2026-04-08 05:00:00+00:00,71528.6,71797.0,71516.3,71701.6,3933.249,2239.71,2244.28,2237.18,2239.73,109458.003
2026-04-08 06:00:00+00:00,71701.5,71919.0,71539.2,71697.5,4019.369,2239.73,2253.15,2234.13,2244.71,173457.441
2026-04-08 07:00:00+00:00,71697.4,71873.7,71551.8,71612.0,4017.693,2244.7,2259.72,2243.28,2252.75,174781.462
2026-04-08 08:00:00+00:00,71612.1,71808.5,71612.0,71776.0,3116.268,2252.74,2258.44,2249.0,2255.36,120468.199
2026-04-08 09:00:00+00:00,71776.0,71945.0,71555.3,71655.4,3363.095,2255.37,2262.75,2245.23,2248.64,149005.522
2026-04-08 10:00:00+00:00,71655.4,71782.1,71415.3,71445.7,3263.796,2248.64,2252.89,2240.59,2241.69,97750.465
2026-04-08 11:00:00+00:00,71445.7,71687.6,71367.0,71650.2,4717.931,2241.69,2254.11,2235.83,2246.53,188961.057
2026-04-08 12:00:00+00:00,71650.2,72169.5,71542.6,72023.6,10583.578,2246.53,2258.39,2241.28,2254.64,150775.778
2026-04-08 13:00:00+00:00,72023.6,72858.5,71460.1,71563.2,37732.505,2254.64,2269.65,2230.38,2234.84,560934.643
2026-04-08 14:00:00+00:00,71563.2,71723.8,70671.6,70888.0,20733.852,2234.83,2240.1,2186.03,2194.73,714975.889
2026-04-08 15:00:00+00:00,70888.0,71327.2,70796.4,71274.8,10170.443,2194.72,2217.42,2192.87,2214.56,354632.636
2026-04-08 16:00:00+00:00,71274.9,71655.0,71218.9,71560.9,7730.29,2214.56,2224.67,2210.12,2219.74,185669.193
2026-04-08 17:00:00+00:00,71561.0,71934.5,71447.4,71847.5,8262.334,2219.73,2238.66,2212.0,2230.7,227536.84
2026-04-08 18:00:00+00:00,71847.5,71847.7,71035.8,71064.9,10227.962,2230.7,2231.66,2197.65,2200.66,246898.664
2026-04-08 19:00:00+00:00,71064.9,71333.0,70980.0,71283.0,5944.079,2200.65,2211.11,2196.26,2210.01,161450.921
2026-04-08 20:00:00+00:00,71283.0,71444.8,71226.0,71336.9,2304.428,2210.0,2215.97,2204.51,2208.86,77777.85
2026-04-08 21:00:00+00:00,71337.0,71726.7,71293.2,71509.5,3112.217,2208.86,2221.64,2206.77,2213.74,72824.948
2026-04-08 22:00:00+00:00,71509.6,71536.2,71024.2,71024.3,3942.192,2213.73,2214.17,2183.55,2188.71,212231.808
2026-04-08 23:00:00+00:00,71024.2,71198.4,70850.9,71038.1,4405.964,2188.7,2193.16,2177.77,2188.87,161574.093
2026-04-09 00:00:00+00:00,71038.2,71107.0,70622.9,70779.0,5843.19,2188.87,2193.23,2177.58,2182.01,131260.282
2026-04-09 01:00:00+00:00,70779.0,70940.8,70428.0,70900.0,7732.073,2182.02,2184.31,2160.0,2177.75,261139.408
2026-04-09 02:00:00+00:00,70899.9,71168.0,70777.0,71029.7,4609.518,2177.75,2184.71,2172.72,2180.69,119515.682
2026-04-09 03:00:00+00:00,71029.6,71091.9,70818.0,70961.2,3009.072,2180.69,2182.9,2174.29,2181.31,61639.669
2026-04-09 04:00:00+00:00,70961.2,70980.5,70700.0,70760.1,3066.357,2181.31,2181.59,2175.0,2176.66,47492.705
2026-04-09 05:00:00+00:00,70760.1,71063.0,70666.0,70959.7,3706.321,2176.66,2188.57,2174.39,2181.13,122355.351
2026-04-09 06:00:00+00:00,70959.6,71058.6,70780.1,70998.8,2557.88,2181.14,2185.23,2174.48,2180.53,66922.331
2026-04-09 07:00:00+00:00,70998.8,71087.8,70913.5,70945.0,2671.884,2180.53,2184.77,2178.66,2179.96,60250.289
2026-04-09 08:00:00+00:00,70945.0,71342.0,70831.9,71207.6,4857.915,2179.97,2190.27,2175.0,2184.99,116052.687
2026-04-09 09:00:00+00:00,71207.5,71533.0,71060.9,71488.7,5655.474,2184.99,2196.53,2178.13,2192.78,118442.922
2026-04-09 10:00:00+00:00,71488.7,71498.9,71234.7,71234.7,3102.242,2192.77,2196.07,2186.83,2189.5,89055.285
2026-04-09 11:00:00+00:00,71234.7,71317.0,71007.8,71109.9,3694.561,2189.51,2191.91,2177.0,2179.02,117429.079
2026-04-09 12:00:00+00:00,71109.9,71299.6,70978.8,71245.0,3685.525,2179.02,2186.45,2172.42,2182.27,143522.966
2026-04-09 13:00:00+00:00,71244.9,71320.0,70590.0,70765.2,9043.698,2182.27,2185.3,2157.4,2164.21,297504.033
2026-04-09 14:00:00+00:00,70765.2,71224.5,70470.2,71083.5,10350.748,2164.21,2181.42,2156.0,2176.9,264823.135
2026-04-09 15:00:00+00:00,71083.4,72320.0,70887.8,72108.0,26071.831,2176.9,2224.99,2168.2,2217.0,646022.671
2026-04-09 16:00:00+00:00,72108.0,72377.4,71688.8,72048.0,13698.746,2216.99,2230.0,2192.0,2207.25,401369.368
2026-04-09 17:00:00+00:00,72048.1,72517.9,72028.2,72306.9,12725.975,2207.24,2224.88,2205.13,2221.96,302832.225
2026-04-09 18:00:00+00:00,72307.0,72339.0,71705.0,71849.3,6911.03,2221.97,2222.71,2199.5,2206.02,192285.901
2026-04-09 19:00:00+00:00,71849.3,72267.3,71701.3,72055.9,8541.443,2206.01,2224.0,2203.2,2215.36,187846.019
2026-04-09 20:00:00+00:00,72055.8,72419.8,71945.0,72377.6,4197.604,2215.36,2221.0,2209.21,2212.07,71492.562
2026-04-09 21:00:00+00:00,72377.6,72666.6,72102.5,72230.1,5983.887,2212.08,2226.25,2206.58,2209.63,108119.246
2026-04-09 22:00:00+00:00,72230.2,73128.0,71911.1,71911.2,15253.827,2209.64,2246.15,2196.26,2196.57,335714.842
2026-04-09 23:00:00+00:00,71911.1,71999.0,71539.9,71750.4,8835.656,2196.57,2200.29,2181.7,2188.92,202422.699
2026-04-10 00:00:00+00:00,71750.4,71995.8,71546.0,71932.3,6397.971,2188.92,2196.38,2180.34,2193.96,129828.811
2026-04-10 01:00:00+00:00,71932.3,72350.0,71620.6,72124.0,8235.607,2193.96,2203.19,2173.81,2193.49,214222.249
2026-04-10 02:00:00+00:00,72124.0,72255.0,71882.3,71926.3,4051.442,2193.49,2197.78,2185.64,2187.94,71478.327
2026-04-10 03:00:00+00:00,71926.2,71993.0,71770.5,71837.3,3030.935,2187.94,2191.39,2181.42,2185.16,66724.914
2026-04-10 04:00:00+00:00,71837.3,72199.9,71781.9,72088.8,3096.039,2185.16,2198.32,2184.79,2194.62,72171.175
2026-04-10 05:00:00+00:00,72088.8,72243.6,71973.8,72098.6,2811.713,2194.62,2202.67,2191.44,2196.05,83946.255
2026-04-10 06:00:00+00:00,72098.4,72154.8,71759.0,71778.1,3516.103,2196.04,2197.67,2182.91,2185.26,95348.443
2026-04-10 07:00:00+00:00,71778.1,71821.1,71382.1,71461.2,7061.726,2185.25,2187.5,2175.25,2178.63,126805.079
2026-04-10 08:00:00+00:00,71461.2,71730.0,71395.0,71571.6,5531.598,2178.62,2189.4,2176.04,2184.68,119289.301
2026-04-10 09:00:00+00:00,71571.6,71840.8,71555.8,71746.2,3388.617,2184.68,2197.0,2184.68,2195.19,120859.565
2026-04-10 10:00:00+00:00,71746.1,71910.0,71658.8,71872.4,3363.748,2195.19,2197.26,2189.3,2196.0,74357.62
2026-04-10 11:00:00+00:00,71872.5,72229.0,71861.5,72092.7,6834.269,2195.99,2223.0,2195.83,2214.72,297585.86
2026-04-10 12:00:00+00:00,72092.8,72467.3,71960.5,72225.5,12107.361,2214.71,2227.85,2206.77,2217.86,316106.687
2026-04-10 13:00:00+00:00,72225.4,72381.0,71868.5,72284.0,7453.352,2217.86,2224.23,2207.2,2221.65,178308.846
2026-04-10 14:00:00+00:00,72283.9,73123.9,72209.8,72870.6,24555.643,2221.64,2252.99,2218.69,2241.17,537846.025
2026-04-10 15:00:00+00:00,72870.6,73255.7,72309.5,72421.0,13827.109,2241.17,2257.55,2219.1,2223.23,363012.847
2026-04-10 16:00:00+00:00,72421.1,73024.1,72350.0,72954.0,8170.92,2223.23,2246.0,2220.03,2244.0,224797.552
2026-04-10 17:00:00+00:00,72954.0,73125.1,72750.0,73079.9,4994.395,2243.99,2248.0,2237.65,2247.18,114317.897
2026-04-10 18:00:00+00:00,73079.9,73127.6,72830.7,73056.7,4415.006,2247.17,2250.62,2237.51,2248.01,90930.905
2026-04-10 19:00:00+00:00,73056.7,73223.4,72850.5,73187.3,5777.684,2248.0,2254.67,2242.0,2251.8,97396.971
2026-04-10 20:00:00+00:00,73187.4,73450.0,72995.8,73310.5,8258.764,2251.8,2255.89,2241.48,2254.04,129834.964
2026-04-10 21:00:00+00:00,73310.5,73311.5,72883.7,73156.2,2777.08,2254.03,2254.55,2240.31,2253.72,84589.717
2026-04-10 22:00:00+00:00,73156.2,73213.4,72669.1,72834.2,4476.923,2253.72,2254.14,2233.74,2241.2,109250.856
2026-04-10 23:00:00+00:00,72834.2,72925.0,72744.1,72917.4,2435.661,2241.21,2244.42,2238.08,2243.9,45295.612
2026-04-11 00:00:00+00:00,72917.4,72917.4,72730.8,72792.5,1856.28,2243.91,2243.91,2234.44,2237.61,53527.764
2026-04-11 01:00:00+00:00,72792.5,72972.5,72615.0,72920.1,3067.207,2237.61,2245.44,2233.33,2243.24,55776.912
2026-04-11 02:00:00+00:00,72920.1,73066.2,72872.6,72928.3,3039.481,2243.24,2251.33,2240.7,2247.0,59749.277
2026-04-11 03:00:00+00:00,72928.2,73048.5,72769.4,72835.1,2161.031,2247.0,2249.47,2233.65,2235.94,94787.246
2026-04-11 04:00:00+00:00,72835.1,72921.5,72633.5,72771.2,4560.284,2235.94,2241.68,2233.92,2239.72,62615.963
2026-04-11 05:00:00+00:00,72771.3,72800.0,72631.0,72680.0,2073.16,2239.73,2240.62,2227.03,2231.43,109417.992
2026-04-11 06:00:00+00:00,72680.0,72738.0,72566.4,72727.5,2678.317,2231.43,2235.45,2228.26,2234.72,85167.183
2026-04-11 07:00:00+00:00,72727.5,72790.9,72630.0,72707.7,2594.582,2234.72,2235.48,2229.71,2231.68,42258.913
2026-04-11 08:00:00+00:00,72707.8,72767.5,72595.0,72625.4,1952.428,2231.68,2234.21,2230.79,2231.51,36793.78
2026-04-11 09:00:00+00:00,72625.4,72883.0,72580.0,72874.0,3161.384,2231.51,2248.28,2230.69,2242.5,163354.858
2026-04-11 10:00:00+00:00,72874.1,72886.0,72723.2,72801.2,1747.576,2242.5,2243.97,2236.19,2239.11,53567.168
2026-04-11 11:00:00+00:00,72801.3,72874.1,72781.4,72868.2,1252.593,2239.11,2246.0,2237.31,2245.0,52905.789
2026-04-11 12:00:00+00:00,72868.2,72945.0,72760.3,72895.6,2157.533,2245.0,2245.74,2239.65,2244.25,42448.718
2026-04-11 13:00:00+00:00,72895.6,72895.6,72451.9,72612.2,6262.79,2244.25,2244.31,2232.2,2238.58,95949.762
2026-04-11 14:00:00+00:00,72612.3,72728.5,72560.4,72660.9,1953.307,2238.58,2243.39,2236.99,2240.85,44847.654
2026-04-11 15:00:00+00:00,72660.8,72869.9,72638.8,72817.3,2043.715,2240.85,2255.85,2239.97,2248.39,111479.283
2026-04-11 16:00:00+00:00,72817.3,73180.0,72775.3,72991.3,5048.943,2248.39,2277.0,2245.22,2257.62,242509.776
2026-04-11 17:00:00+00:00,72991.3,73140.8,72900.1,73056.2,2137.239,2257.61,2264.33,2252.14,2258.5,102307.937
2026-04-11 18:00:00+00:00,73056.2,73700.0,72990.2,73515.9,10134.865,2258.5,2312.99,2255.72,2304.38,502631.385
2026-04-11 19:00:00+00:00,73515.9,73773.4,73400.4,73635.9,6313.742,2304.38,2329.99,2304.27,2315.24,332160.533
2026-04-11 20:00:00+00:00,73635.9,73648.8,73183.5,73252.9,3776.169,2315.25,2316.48,2287.0,2297.47,180937.478
2026-04-11 21:00:00+00:00,73252.8,73500.0,73155.0,73384.7,2632.347,2297.46,2304.0,2291.2,2298.45,82032.99
2026-04-11 22:00:00+00:00,73384.7,73529.0,73183.4,73333.3,3102.654,2298.45,2307.27,2287.77,2295.84,129317.865
2026-04-11 23:00:00+00:00,73333.3,73333.4,72861.2,73013.4,4462.043,2295.84,2295.84,2275.2,2283.85,138611.88
2026-04-12 00:00:00+00:00,73013.4,73077.6,72817.4,73038.8,2584.79,2283.86,2288.12,2276.06,2284.56,114651.922
2026-04-12 01:00:00+00:00,73038.7,73094.4,71259.0,71598.7,25394.345,2284.56,2287.5,2208.0,2217.93,675305.32
2026-04-12 02:00:00+00:00,71598.7,72000.0,71302.0,71723.7,10553.114,2217.92,2232.9,2205.52,2222.26,292046.409
2026-04-12 03:00:00+00:00,71723.7,71831.8,71556.3,71563.6,4636.933,2222.26,2226.01,2211.3,2212.71,135610.522
2026-04-12 04:00:00+00:00,71563.6,71656.3,71407.7,71428.7,3979.59,2212.71,2215.39,2208.49,2211.04,94511.699
2026-04-12 05:00:00+00:00,71428.7,71750.0,71369.7,71665.1,4332.298,2211.04,2218.81,2207.0,2216.0,106623.504
2026-04-12 06:00:00+00:00,71665.0,71728.0,71602.0,71618.9,2011.767,2216.0,2219.88,2213.6,2214.92,57486.031
2026-04-12 07:00:00+00:00,71618.8,71716.2,71541.4,71628.1,1699.934,2214.92,2219.44,2211.35,2217.01,56148.014
2026-04-12 08:00:00+00:00,71628.2,71750.0,71555.0,71592.3,1973.322,2217.01,2217.98,2210.42,2212.93,46772.065
2026-04-12 09:00:00+00:00,71592.4,71600.0,71461.7,71502.4,1676.216,2212.94,2215.0,2210.1,2213.0,41855.257
2026-04-12 10:00:00+00:00,71502.3,71655.2,71309.7,71416.1,2947.051,2213.01,2216.54,2192.42,2200.47,218147.709
2026-04-12 11:00:00+00:00,71416.1,71510.0,71384.3,71435.0,2223.504,2200.47,2206.36,2196.01,2203.11,96243.432
2026-04-12 12:00:00+00:00,71435.0,71478.0,71000.0,71050.1,8813.353,2203.11,2207.35,2185.26,2193.39,193560.435
2026-04-12 13:00:00+00:00,71050.0,71117.2,70818.7,70861.5,11631.888,2193.4,2198.15,2183.01,2185.88,246346.55
2026-04-12 14:00:00+00:00,70861.4,71063.8,70655.6,70714.3,7906.214,2185.88,2192.8,2177.0,2179.79,204006.157
2026-04-12 15:00:00+00:00,70714.3,70898.0,70566.5,70856.2,6590.007,2179.8,2188.34,2173.0,2185.27,140378.322
2026-04-12 16:00:00+00:00,70856.1,70926.7,70777.0,70890.9,2601.419,2185.27,2189.56,2181.66,2186.16,88431.153
2026-04-12 17:00:00+00:00,70890.8,71188.0,70853.1,71099.9,4177.012,2186.16,2204.0,2186.16,2201.99,165194.301
2026-04-12 18:00:00+00:00,71100.0,71177.3,71010.0,71092.6,2607.767,2202.0,2206.0,2198.18,2199.24,87195.131
2026-04-12 19:00:00+00:00,71092.5,71199.0,71034.6,71055.2,2131.614,2199.24,2204.12,2196.01,2197.24,42302.317
2026-04-12 20:00:00+00:00,71055.2,71417.9,70920.4,71302.9,5128.901,2197.23,2217.7,2192.08,2212.26,162490.681
2026-04-12 21:00:00+00:00,71302.8,71423.9,71110.3,71331.7,2565.008,2212.25,2216.71,2204.0,2210.07,70729.268
2026-04-12 22:00:00+00:00,71331.4,71332.4,70458.2,70875.6,13082.45,2210.06,2210.36,2182.65,2198.36,292439.748
2026-04-12 23:00:00+00:00,70875.5,70882.4,70533.0,70711.1,3574.492,2198.35,2198.36,2184.95,2190.62,76667.367
2026-04-13 00:00:00+00:00,70711.2,71225.0,70574.0,71130.0,5326.491,2190.61,2207.46,2186.12,2204.09,112764.594
2026-04-13 01:00:00+00:00,71129.9,71193.6,70990.7,71156.1,3835.131,2204.09,2207.9,2199.04,2202.42,69441.368
2026-04-13 02:00:00+00:00,71156.0,71245.0,70941.4,71047.0,3419.461,2202.43,2204.75,2191.38,2193.19,85338.522
2026-04-13 03:00:00+00:00,71047.0,71128.8,70874.4,70944.8,2551.518,2193.19,2195.14,2189.26,2193.27,47673.902
2026-04-13 04:00:00+00:00,70944.8,71114.9,70812.7,70854.3,2218.709,2193.27,2198.31,2186.27,2189.21,73256.276
2026-04-13 05:00:00+00:00,70854.4,70892.4,70627.9,70847.8,2818.291,2189.21,2190.92,2181.02,2190.36,98544.505
2026-04-13 06:00:00+00:00,70847.7,71068.0,70843.7,70989.6,2518.392,2190.36,2201.47,2189.7,2197.54,119709.792
2026-04-13 07:00:00+00:00,70989.7,71045.1,70640.3,70780.0,3837.005,2197.54,2199.0,2181.9,2185.5,126222.849
2026-04-13 08:00:00+00:00,70780.1,70833.0,70517.3,70644.8,3558.489,2185.5,2188.64,2178.64,2184.34,123961.539
2026-04-13 09:00:00+00:00,70644.9,70875.3,70634.9,70758.4,2639.981,2184.33,2194.62,2184.33,2187.08,80700.034
2026-04-13 10:00:00+00:00,70758.3,70814.2,70643.5,70716.0,1970.778,2187.07,2188.0,2178.18,2182.74,89694.766
2026-04-13 11:00:00+00:00,70716.0,70960.3,70700.3,70883.9,3104.39,2182.75,2190.12,2181.49,2186.3,76520.453
2026-04-13 12:00:00+00:00,70883.9,71188.0,70722.3,71043.0,5697.803,2186.29,2198.0,2174.48,2191.48,244120.536
2026-04-13 13:00:00+00:00,71043.0,71677.9,70780.0,71623.0,17540.464,2191.48,2214.78,2180.0,2214.0,441587.217
2026-04-13 14:00:00+00:00,71623.0,72358.5,71326.3,72347.2,20806.65,2214.0,2234.88,2201.66,2232.89,455657.899
2026-04-13 15:00:00+00:00,72347.1,72431.0,71600.1,71823.6,13405.348,2232.88,2235.41,2198.05,2208.08,337421.854
2026-04-13 16:00:00+00:00,71823.6,72393.8,71629.5,72157.3,13649.973,2208.08,2233.99,2198.57,2224.75,344180.929
2026-04-13 17:00:00+00:00,72157.4,72549.2,72015.5,72101.0,11559.413,2224.74,2243.0,2221.22,2224.11,203247.597
2026-04-13 18:00:00+00:00,72100.9,72424.9,72000.0,72380.0,5777.54,2224.12,2233.0,2217.42,2231.25,155040.783
2026-04-13 19:00:00+00:00,72380.1,73441.7,72248.5,73272.2,25327.444,2231.26,2268.7,2226.84,2261.2,470360.517
2026-04-13 20:00:00+00:00,73272.1,73349.3,72953.3,73098.9,9281.046,2261.2,2262.53,2246.39,2251.49,224505.933
2026-04-13 21:00:00+00:00,73098.8,73329.4,73026.7,73140.0,3643.338,2251.49,2268.0,2248.76,2259.0,122911.496
2026-04-13 22:00:00+00:00,73140.0,74750.0,73130.0,74599.9,31775.073,2259.01,2363.0,2258.78,2351.96,959949.152
2026-04-13 23:00:00+00:00,74600.0,74870.0,74367.6,74385.0,16766.791,2351.97,2395.85,2340.5,2368.8,737787.353
2026-04-14 00:00:00+00:00,74384.9,74493.4,74057.7,74127.9,8218.546,2368.8,2374.76,2359.38,2360.38,214324.982
2026-04-14 01:00:00+00:00,74127.9,74400.0,73946.9,74345.5,4810.747,2360.37,2372.65,2353.87,2367.82,169187.234
2026-04-14 02:00:00+00:00,74345.5,74583.1,74236.1,74294.4,3853.264,2367.82,2378.0,2365.56,2366.51,118596.755
2026-04-14 03:00:00+00:00,74294.5,74461.9,74212.8,74408.8,2768.526,2366.51,2369.94,2361.0,2364.68,73588.458
2026-04-14 04:00:00+00:00,74408.8,74476.1,74316.9,74355.5,2265.702,2364.69,2367.51,2361.07,2363.48,62928.287
2026-04-14 05:00:00+00:00,74355.5,74401.8,74112.2,74184.5,3115.487,2363.49,2368.72,2353.87,2354.96,91270.152
2026-04-14 06:00:00+00:00,74184.5,74519.9,74184.5,74485.0,3312.115,2354.97,2376.09,2354.96,2372.14,130884.574
2026-04-14 07:00:00+00:00,74485.1,74900.0,74395.6,74513.4,7521.321,2372.15,2389.0,2369.33,2376.85,241594.82
2026-04-14 08:00:00+00:00,74513.3,74873.5,74419.1,74713.9,5411.496,2376.85,2395.3,2372.92,2386.8,267632.173
2026-04-14 09:00:00+00:00,74714.0,74799.5,74403.1,74471.9,4221.747,2386.8,2393.8,2381.26,2386.39,162320.675
2026-04-14 10:00:00+00:00,74471.9,74581.7,74300.0,74309.8,3610.194,2386.4,2386.97,2372.16,2374.03,122341.19
2026-04-14 11:00:00+00:00,74309.8,74430.0,74267.2,74342.4,2981.975,2374.02,2377.0,2366.62,2373.12,137044.762
2026-04-14 12:00:00+00:00,74342.4,74459.6,74234.0,74416.7,4585.221,2373.13,2377.0,2367.76,2372.85,128201.001
2026-04-14 13:00:00+00:00,74416.7,75484.0,74366.0,75471.2,21163.234,2372.85,2394.99,2371.34,2390.33,413146.273
2026-04-14 14:00:00+00:00,75471.1,76009.0,74964.7,74966.3,32074.453,2390.32,2416.4,2352.0,2352.08,824821.553
2026-04-14 15:00:00+00:00,74966.3,75396.9,74514.1,75268.1,17275.135,2352.08,2370.89,2331.46,2363.24,779469.56
2026-04-14 16:00:00+00:00,75268.1,75684.9,74450.0,74597.1,13496.273,2363.25,2370.29,2328.88,2332.77,337611.302
2026-04-14 17:00:00+00:00,74597.2,74902.7,74200.2,74699.9,9405.722,2332.78,2344.8,2322.61,2337.54,238371.814
2026-04-14 18:00:00+00:00,74699.9,74765.0,73789.7,74050.0,11823.288,2337.53,2343.42,2307.55,2312.79,286003.816
2026-04-14 19:00:00+00:00,74049.9,74362.8,73833.5,74176.4,7221.741,2312.78,2321.98,2301.6,2312.54,196716.921
2026-04-14 20:00:00+00:00,74176.5,74387.7,73960.0,74059.0,3417.497,2312.56,2322.95,2307.42,2313.93,104017.119
2026-04-14 21:00:00+00:00,74058.9,74295.7,73903.8,74230.3,2657.168,2313.93,2325.27,2313.56,2322.51,93601.526
2026-04-14 22:00:00+00:00,74230.3,74339.4,73766.8,73987.5,4679.75,2322.51,2331.66,2310.2,2314.08,151067.656
2026-04-14 23:00:00+00:00,73987.6,74200.1,73961.3,74106.9,3370.888,2314.07,2325.6,2313.08,2321.17,86875.088
2026-04-15 00:00:00+00:00,74106.9,74635.0,74085.0,74520.3,6386.687,2321.16,2342.07,2320.6,2332.51,161145.563
2026-04-15 01:00:00+00:00,74520.3,74739.2,74450.8,74568.3,3793.236,2332.51,2341.53,2330.08,2334.68,89930.034
2026-04-15 02:00:00+00:00,74568.3,74653.4,74142.7,74280.0,3803.95,2334.67,2337.16,2316.43,2323.71,108731.598
2026-04-15 03:00:00+00:00,74280.0,74338.9,74123.6,74296.8,2219.931,2323.71,2328.59,2319.23,2327.6,54693.211
2026-04-15 04:00:00+00:00,74296.8,74400.0,74211.3,74290.8,1828.487,2327.59,2333.33,2326.48,2332.09,66238.201
2026-04-15 05:00:00+00:00,74290.7,74390.0,73822.6,73983.2,5600.465,2332.1,2337.19,2312.79,2318.29,155799.549
2026-04-15 06:00:00+00:00,73983.1,74015.7,73822.0,73851.1,2724.877,2318.3,2320.0,2314.18,2316.32,65793.03
2026-04-15 07:00:00+00:00,73851.0,73987.0,73449.0,73705.1,9147.153,2316.32,2322.95,2306.8,2315.53,148334.103
2026-04-15 08:00:00+00:00,73705.2,74154.3,73640.1,74070.4,4910.157,2315.52,2332.76,2312.78,2326.5,132032.271
2026-04-15 09:00:00+00:00,74070.4,74143.5,73868.0,73968.3,2961.195,2326.49,2328.72,2317.37,2319.01,61708.464
2026-04-15 10:00:00+00:00,73968.3,74222.7,73750.0,73825.9,5354.748,2319.0,2327.78,2310.93,2315.72,127129.261
2026-04-15 11:00:00+00:00,73825.9,74227.5,73825.9,74155.1,4233.263,2315.72,2340.0,2315.41,2336.2,180479.004
2026-04-15 12:00:00+00:00,74155.0,74473.5,74001.1,74228.7,5486.241,2336.21,2339.02,2328.23,2331.64,115779.94
2026-04-15 13:00:00+00:00,74228.8,74397.0,73769.5,74015.8,7645.902,2331.65,2334.05,2316.17,2325.73,195397.174
2026-04-15 14:00:00+00:00,74015.9,74466.0,73776.5,74108.8,9303.464,2325.72,2343.74,2320.74,2337.24,259481.704
2026-04-15 15:00:00+00:00,74108.8,74290.0,73540.0,73797.5,9855.922,2337.24,2348.88,2319.23,2330.6,308292.639
2026-04-15 16:00:00+00:00,73797.5,74145.2,73714.9,73900.4,5052.861,2330.6,2348.99,2327.4,2340.42,200663.626
2026-04-15 17:00:00+00:00,73900.3,74197.1,73873.8,74099.1,3734.784,2340.42,2358.84,2337.83,2347.57,206170.429
2026-04-15 18:00:00+00:00,74099.0,74369.2,74028.0,74349.1,3731.718,2347.57,2358.68,2344.87,2357.12,110711.174
2026-04-15 19:00:00+00:00,74349.1,75240.0,74311.9,74957.8,12055.2,2357.12,2384.67,2356.0,2373.7,338699.955
2026-04-15 20:00:00+00:00,74957.7,74991.5,74466.5,74796.8,6702.826,2373.69,2374.87,2352.52,2361.61,148433.532
2026-04-15 21:00:00+00:00,74796.7,74816.0,74498.6,74703.0,2535.824,2361.62,2362.62,2347.18,2360.09,90194.909
2026-04-15 22:00:00+00:00,74703.1,75425.6,74696.0,74931.3,7850.458,2360.09,2379.9,2358.85,2362.59,187774.389
2026-04-15 23:00:00+00:00,74931.3,74932.1,74579.0,74776.2,4110.422,2362.58,2362.59,2348.28,2358.87,142090.611
2026-04-16 00:00:00+00:00,74776.3,74839.0,74400.0,74772.0,4289.958,2358.86,2362.88,2348.21,2359.21,72567.912
2026-04-16 01:00:00+00:00,74772.1,74772.1,74415.0,74612.8,2427.54,2359.21,2359.22,2343.27,2350.86,86893.401
2026-04-16 02:00:00+00:00,74612.8,75232.7,74556.7,74840.8,5925.41,2350.86,2368.45,2348.53,2355.49,122109.018
2026-04-16 03:00:00+00:00,74840.7,75123.5,74825.1,74851.9,3008.342,2355.49,2364.75,2354.66,2356.52,63601.346
2026-04-16 04:00:00+00:00,74851.9,75130.0,74675.4,74899.9,7685.073,2356.51,2362.91,2346.59,2352.72,93453.625
2026-04-16 05:00:00+00:00,74900.0,75100.0,74852.4,75006.1,2772.243,2352.72,2360.6,2348.7,2355.72,74290.953
2026-04-16 06:00:00+00:00,75006.0,75079.1,74801.8,74985.9,2797.074,2355.72,2359.47,2348.26,2354.57,60535.494
2026-04-16 07:00:00+00:00,74985.9,75039.0,74590.3,74667.7,3790.884,2354.56,2356.0,2334.0,2340.4,160794.13
2026-04-16 08:00:00+00:00,74667.7,74711.8,74466.9,74634.3,4804.128,2340.39,2344.86,2333.29,2337.84,169020.172
2026-04-16 09:00:00+00:00,74634.2,74866.9,74550.0,74558.7,3450.627,2337.84,2347.06,2336.16,2337.02,101391.939
2026-04-16 10:00:00+00:00,74558.6,74621.1,74226.2,74267.8,7078.903,2337.02,2339.06,2327.11,2331.07,180528.342
2026-04-16 11:00:00+00:00,74267.7,74537.3,74234.9,74528.4,5244.012,2331.07,2335.06,2328.5,2334.42,77887.349
2026-04-16 12:00:00+00:00,74528.4,74836.6,74524.7,74577.7,5712.038,2334.43,2347.4,2333.48,2339.28,169067.321
2026-04-16 13:00:00+00:00,74577.8,74981.1,73256.8,73755.9,21382.008,2339.27,2352.0,2288.0,2307.14,603546.91
2026-04-16 14:00:00+00:00,73756.0,74155.7,73388.0,73937.0,16481.072,2307.14,2314.9,2282.7,2308.49,620218.045
2026-04-16 15:00:00+00:00,73936.8,74880.0,73900.0,74659.5,13140.692,2308.48,2348.73,2307.0,2337.6,426220.07
2026-04-16 16:00:00+00:00,74659.5,74901.6,74007.6,74140.6,9530.226,2337.59,2347.68,2307.94,2315.33,370900.266
2026-04-16 17:00:00+00:00,74140.6,74410.7,73873.5,74301.6,6691.907,2315.34,2328.36,2309.0,2324.52,200422.135
2026-04-16 18:00:00+00:00,74301.6,75073.0,74202.0,75000.0,7853.12,2324.52,2345.81,2319.0,2342.14,186476.383
2026-04-16 19:00:00+00:00,75000.1,75378.1,74711.0,75309.4,8837.111,2342.15,2361.0,2333.63,2358.39,248939.266
2026-04-16 20:00:00+00:00,75309.5,75500.0,74964.6,75188.9,6256.538,2358.39,2363.67,2340.12,2348.75,151786.93
2026-04-16 21:00:00+00:00,75189.0,75245.7,74736.5,74902.2,3984.835,2348.76,2355.29,2333.45,2340.0,98871.472
2026-04-16 22:00:00+00:00,74902.3,75090.8,74787.7,74833.9,2612.399,2340.0,2349.55,2337.86,2341.44,108661.891
2026-04-16 23:00:00+00:00,74833.9,75149.1,74800.0,75106.8,2641.585,2341.44,2354.03,2340.79,2346.92,79250.967
2026-04-17 00:00:00+00:00,75106.8,75118.4,74848.4,74900.2,2958.114,2346.93,2349.85,2340.0,2343.3,60765.627
2026-04-17 01:00:00+00:00,74900.2,74998.2,74532.9,74707.6,4650.303,2343.29,2348.0,2325.3,2334.0,159136.983
2026-04-17 02:00:00+00:00,74707.7,74770.0,74480.0,74670.6,2338.74,2334.0,2337.73,2323.24,2330.94,74817.261
2026-04-17 03:00:00+00:00,74670.5,74814.1,74558.9,74582.8,3160.293,2330.94,2330.94,2322.35,2324.46,67144.35
2026-04-17 04:00:00+00:00,74582.8,74818.1,74550.0,74748.4,1846.248,2324.45,2333.12,2322.76,2327.81,52399.216
2026-04-17 05:00:00+00:00,74748.3,74770.5,74508.2,74604.8,2378.041,2327.8,2328.12,2314.08,2318.27,91368.414
2026-04-17 06:00:00+00:00,74604.8,74904.2,74559.7,74895.1,3090.866,2318.26,2331.27,2316.52,2329.96,74257.499
2026-04-17 07:00:00+00:00,74895.2,75060.4,74892.7,75047.4,4376.71,2329.96,2340.88,2328.84,2333.24,124492.009
2026-04-17 08:00:00+00:00,75047.4,75869.0,74951.6,75749.8,14296.9,2333.23,2358.46,2331.91,2353.8,244807.592
2026-04-17 09:00:00+00:00,75749.8,76350.0,75463.2,75746.0,21235.691,2353.8,2376.96,2346.45,2357.75,333575.643
2026-04-17 10:00:00+00:00,75746.1,75853.7,75030.2,75229.7,13662.049,2357.75,2359.8,2334.74,2342.53,209868.677
2026-04-17 11:00:00+00:00,75229.6,75564.7,75195.7,75542.2,4279.613,2342.53,2355.69,2341.76,2353.63,105599.0
2026-04-17 12:00:00+00:00,75542.1,76235.4,75481.8,76195.6,13125.431,2353.64,2381.52,2348.0,2370.72,334056.588
2026-04-17 13:00:00+00:00,76195.7,77376.3,76006.7,77294.3,49562.355,2370.73,2439.99,2365.34,2435.86,1377940.96
2026-04-17 14:00:00+00:00,77294.2,77999.9,76951.1,77825.1,31429.916,2435.85,2456.32,2424.45,2445.82,660778.024
2026-04-17 15:00:00+00:00,77825.1,77940.0,77389.0,77736.2,13716.929,2445.82,2448.73,2431.08,2440.71,301563.006
2026-04-17 16:00:00+00:00,77736.2,78300.0,77660.0,77805.1,15584.467,2440.71,2463.86,2440.0,2450.0,316198.361
2026-04-17 17:00:00+00:00,77805.1,77870.0,77042.0,77465.3,12363.466,2449.99,2451.15,2418.77,2439.02,327288.526
2026-04-17 18:00:00+00:00,77465.3,77521.3,77028.4,77112.1,6498.194,2439.02,2441.32,2414.12,2419.01,225653.505
2026-04-17 19:00:00+00:00,77112.0,77429.8,76921.9,77348.8,6106.231,2419.01,2432.28,2416.24,2426.48,120304.253
2026-04-17 20:00:00+00:00,77349.2,77566.0,77111.0,77283.7,3754.339,2426.48,2434.0,2415.42,2425.31,103251.817
2026-04-17 21:00:00+00:00,77283.7,77459.0,77228.6,77400.1,1994.375,2425.3,2432.37,2417.61,2428.26,70761.586
2026-04-17 22:00:00+00:00,77400.0,77477.1,77222.1,77261.8,2677.99,2428.25,2441.65,2421.59,2431.97,126080.648
2026-04-17 23:00:00+00:00,77261.9,77267.0,76854.2,77030.6,4308.654,2431.98,2432.24,2414.14,2417.66,115516.682
2026-04-18 00:00:00+00:00,77030.6,77216.2,76931.0,77135.1,2853.47,2417.65,2422.49,2408.01,2419.81,96228.759
2026-04-18 01:00:00+00:00,77135.2,77287.9,77072.7,77175.9,2416.708,2419.82,2426.62,2415.48,2420.01,53163.656
2026-04-18 02:00:00+00:00,77175.9,77380.0,77085.6,77249.5,2121.763,2420.01,2423.73,2415.8,2418.29,39259.484
2026-04-18 03:00:00+00:00,77249.6,77254.3,76903.2,76964.3,2495.093,2418.29,2419.18,2397.0,2404.0,159679.159
2026-04-18 04:00:00+00:00,76964.4,77131.8,76824.1,77065.9,3532.251,2404.0,2409.29,2398.0,2406.27,120941.439
2026-04-18 05:00:00+00:00,77065.8,77233.6,77063.5,77085.0,2162.711,2406.27,2412.38,2404.5,2407.6,49734.331
2026-04-18 06:00:00+00:00,77085.1,77177.0,77008.0,77078.7,1684.268,2407.61,2410.74,2403.79,2408.35,37209.869
2026-04-18 07:00:00+00:00,77078.7,77086.5,76826.8,76951.0,3315.779,2408.36,2409.78,2400.41,2402.38,50341.212
2026-04-18 08:00:00+00:00,76951.0,77004.2,76460.0,76695.1,10953.848,2402.38,2403.84,2365.0,2379.29,528853.754
2026-04-18 09:00:00+00:00,76695.1,76695.1,76357.1,76557.1,6580.507,2379.29,2379.3,2367.16,2374.58,153527.915
2026-04-18 10:00:00+00:00,76557.1,76557.2,76091.8,76150.0,9595.16,2374.59,2374.66,2352.6,2357.97,278199.687
2026-04-18 11:00:00+00:00,76150.0,76150.0,75710.6,76002.0,10561.507,2357.97,2359.18,2341.52,2351.45,236469.782
2026-04-18 12:00:00+00:00,76002.0,76277.4,76000.0,76168.0,5429.196,2351.46,2362.8,2350.1,2356.49,142604.05
2026-04-18 13:00:00+00:00,76168.0,76176.0,75738.0,76080.5,5094.502,2356.49,2358.82,2343.56,2353.94,129500.542
2026-04-18 14:00:00+00:00,76080.5,76268.2,75924.4,76211.2,3696.291,2353.94,2364.98,2347.55,2363.38,124786.692
2026-04-18 15:00:00+00:00,76211.2,76342.7,75931.9,76124.8,3212.335,2363.38,2368.97,2356.8,2361.99,90461.298
2026-04-18 16:00:00+00:00,76124.8,76176.6,75584.1,75897.9,8581.227,2361.98,2374.15,2352.81,2359.17,171011.615
2026-04-18 17:00:00+00:00,75897.9,75930.5,75724.8,75783.9,3440.03,2359.17,2363.4,2351.27,2360.0,73231.04
2026-04-18 18:00:00+00:00,75783.9,75805.1,75395.9,75603.7,8666.619,2359.99,2362.32,2337.0,2346.01,230049.315
2026-04-18 19:00:00+00:00,75603.7,75761.1,75532.3,75604.2,2321.47,2346.01,2354.49,2345.1,2347.04,66577.736
2026-04-18 20:00:00+00:00,75604.2,75799.9,75558.6,75706.1,1982.126,2347.04,2353.45,2343.42,2351.0,52786.114
2026-04-18 21:00:00+00:00,75706.1,75795.0,75551.0,75766.5,1443.332,2350.99,2353.96,2345.84,2353.85,44681.987
2026-04-18 22:00:00+00:00,75766.4,75836.9,75560.0,75765.5,2228.389,2353.84,2358.0,2347.23,2355.0,49307.48
2026-04-18 23:00:00+00:00,75765.5,75843.3,75653.4,75653.8,1525.809,2354.99,2358.57,2348.01,2348.99,35830.133
2026-04-19 00:00:00+00:00,75653.8,75804.0,75506.1,75627.3,2629.124,2348.99,2353.99,2343.0,2347.58,61429.074
2026-04-19 01:00:00+00:00,75627.4,75757.7,75408.5,75577.4,2691.631,2347.59,2351.71,2340.18,2346.29,58376.665
2026-04-19 02:00:00+00:00,75577.4,75692.3,75353.0,75450.1,2887.502,2346.29,2347.92,2332.04,2336.91,116909.611
2026-04-19 03:00:00+00:00,75450.0,75607.9,75314.0,75473.0,2654.256,2336.92,2342.91,2330.15,2338.6,71520.94
2026-04-19 04:00:00+00:00,75472.9,75747.3,75371.6,75623.7,3516.273,2338.61,2344.88,2319.5,2331.99,182715.022
2026-04-19 05:00:00+00:00,75623.7,75650.0,75466.3,75505.1,2602.877,2331.99,2337.36,2327.42,2331.24,62118.388
2026-04-19 06:00:00+00:00,75505.1,75505.1,75234.2,75359.7,3342.324,2331.23,2331.84,2320.0,2326.09,131545.778
2026-04-19 07:00:00+00:00,75359.6,75363.2,74824.3,75205.6,8669.567,2326.08,2326.09,2291.29,2314.27,385669.888
2026-04-19 08:00:00+00:00,75205.7,75250.0,75024.3,75220.0,2655.875,2314.27,2319.5,2309.32,2317.09,88623.642
2026-04-19 09:00:00+00:00,75220.1,75232.1,74863.6,74974.6,3069.234,2317.09,2317.81,2304.23,2308.72,84663.08
2026-04-19 10:00:00+00:00,74974.6,75199.0,74888.0,75175.5,2776.047,2308.72,2318.93,2305.07,2316.38,75927.697
2026-04-19 11:00:00+00:00,75175.5,75589.2,75170.0,75557.4,5863.313,2316.38,2329.99,2315.76,2327.66,143994.314
2026-04-19 12:00:00+00:00,75557.5,75665.7,75386.4,75529.3,5131.535,2327.66,2335.71,2322.44,2329.4,162722.797
2026-04-19 13:00:00+00:00,75529.2,76200.0,75505.1,75877.9,11571.736,2329.39,2348.92,2328.57,2336.84,232818.37
2026-04-19 14:00:00+00:00,75878.0,76100.0,75625.9,75971.3,5966.627,2336.83,2341.66,2325.27,2336.44,141901.706
2026-04-19 15:00:00+00:00,75971.4,76116.8,75342.3,75807.6,6299.713,2336.44,2340.25,2313.39,2329.47,156097.276
2026-04-19 16:00:00+00:00,75807.7,75817.7,75255.7,75345.6,4713.196,2329.46,2330.05,2302.0,2310.36,206141.865
2026-04-19 17:00:00+00:00,75345.5,75348.4,74560.0,74742.4,12311.531,2310.36,2316.27,2292.0,2295.0,287677.313
2026-04-19 18:00:00+00:00,74742.3,74876.9,74550.0,74736.2,5348.541,2294.99,2300.48,2286.3,2294.8,181795.915
2026-04-19 19:00:00+00:00,74736.2,75043.1,74736.2,74917.9,2859.308,2294.8,2304.0,2292.88,2298.63,83554.891
2026-04-19 20:00:00+00:00,74918.0,74920.2,74375.0,74591.6,5630.174,2298.63,2299.04,2271.52,2279.38,200044.159
2026-04-19 21:00:00+00:00,74591.7,74776.3,74304.5,74379.5,3737.525,2279.38,2289.13,2273.3,2274.6,97354.023
2026-04-19 22:00:00+00:00,74379.4,74379.5,73700.2,74005.0,16669.971,2274.58,2274.88,2250.91,2268.76,387875.106
2026-04-19 23:00:00+00:00,74005.0,74018.6,73746.4,73758.4,5380.331,2268.75,2269.72,2255.0,2262.2,132994.379
2026-04-20 00:00:00+00:00,73758.4,74322.9,73669.0,74228.1,9071.563,2262.21,2281.99,2258.3,2278.49,172610.162
2026-04-20 01:00:00+00:00,74228.1,74697.6,74167.6,74549.4,5474.771,2278.49,2292.91,2276.64,2284.73,139416.992
2026-04-20 02:00:00+00:00,74549.5,74588.3,74254.9,74364.5,2909.538,2284.72,2286.79,2270.4,2276.31,120491.209
2026-04-20 03:00:00+00:00,74364.5,74600.0,74309.8,74593.9,3778.122,2276.3,2287.66,2274.65,2285.07,74298.95
2026-04-20 04:00:00+00:00,74593.9,74598.1,74389.1,74523.7,1990.29,2285.08,2285.08,2277.63,2282.19,58835.887
2026-04-20 05:00:00+00:00,74523.7,74523.7,74061.2,74226.5,3849.183,2282.19,2282.19,2262.06,2269.01,127503.388
2026-04-20 06:00:00+00:00,74226.5,74860.0,74206.7,74751.1,5500.076,2269.01,2288.36,2267.6,2284.96,120148.438
2026-04-20 07:00:00+00:00,74751.2,75539.3,74618.0,74795.5,14105.339,2284.96,2331.88,2281.55,2296.82,548302.816
2026-04-20 08:00:00+00:00,74795.5,74970.5,74563.2,74691.7,5466.57,2296.83,2307.0,2288.13,2292.69,159308.912
2026-04-20 09:00:00+00:00,74691.7,75200.0,74660.8,75028.8,5031.636,2292.68,2312.88,2291.99,2307.78,152057.24
2026-04-20 10:00:00+00:00,75028.9,75375.1,74964.8,74993.2,4324.018,2307.78,2319.19,2301.66,2302.12,123716.295
2026-04-20 11:00:00+00:00,74993.3,75243.0,74907.1,75148.7,3197.964,2302.12,2311.27,2298.22,2306.94,104630.857
2026-04-20 12:00:00+00:00,75148.8,75633.0,74939.1,75245.0,7621.821,2306.95,2322.6,2303.0,2317.63,161915.879
2026-04-20 13:00:00+00:00,75245.1,75392.0,74811.7,75232.8,9118.652,2317.63,2326.0,2300.0,2309.46,285987.178
2026-04-20 14:00:00+00:00,75232.7,75734.0,74873.1,75000.1,12377.784,2309.46,2321.0,2281.28,2289.55,415481.453
2026-04-20 15:00:00+00:00,75000.1,75750.0,74639.5,75668.1,13391.763,2289.56,2318.34,2276.71,2312.71,363041.127
2026-04-20 16:00:00+00:00,75668.1,75676.3,75250.0,75300.0,5228.528,2312.72,2313.59,2297.12,2298.99,125231.601
2026-04-20 17:00:00+00:00,75300.0,75975.4,75242.5,75853.7,8252.788,2298.99,2321.69,2296.51,2316.04,168991.687
2026-04-20 18:00:00+00:00,75853.7,76439.0,75853.7,76388.8,14061.343,2316.04,2343.27,2316.04,2332.89,416589.427
2026-04-20 19:00:00+00:00,76389.3,76449.8,76105.6,76252.5,11150.177,2332.9,2334.84,2325.42,2330.39,117314.177
2026-04-20 20:00:00+00:00,76252.5,76531.0,76072.9,76229.9,8890.15,2330.39,2338.93,2323.58,2336.29,149886.338
2026-04-20 21:00:00+00:00,76230.0,76323.9,75721.7,75909.5,5425.27,2336.29,2346.84,2312.07,2320.09,196116.928
2026-04-20 22:00:00+00:00,75909.4,76105.4,75851.1,75927.7,2157.72,2320.1,2327.44,2315.04,2318.15,63617.056
2026-04-20 23:00:00+00:00,75927.7,75927.7,75556.2,75790.1,3774.601,2318.14,2318.15,2306.01,2312.59,79649.21
2026-04-21 00:00:00+00:00,75790.1,76054.0,75650.0,76050.0,3649.862,2312.59,2323.48,2310.23,2320.67,78045.598
2026-04-21 01:00:00+00:00,76049.9,76232.3,75798.6,75887.0,3218.622,2320.66,2325.42,2311.11,2313.78,72079.488
2026-04-21 02:00:00+00:00,75887.1,75889.9,75532.0,75540.0,3920.912,2313.78,2314.38,2304.47,2307.06,84165.303
2026-04-21 03:00:00+00:00,75540.0,75680.0,75433.1,75669.1,3049.0,2307.05,2311.66,2297.51,2310.14,101094.798
2026-04-21 04:00:00+00:00,75669.1,75790.3,75558.8,75768.3,2636.054,2310.13,2315.0,2302.9,2313.08,77962.667
2026-04-21 05:00:00+00:00,75768.2,75947.1,75732.3,75760.8,3034.91,2313.09,2319.7,2311.38,2312.9,64644.727
2026-04-21 06:00:00+00:00,75760.7,76088.0,75658.3,75930.5,3253.014,2312.89,2327.11,2306.41,2316.12,99754.315
2026-04-21 07:00:00+00:00,75930.4,76276.6,75770.0,76050.0,5348.542,2316.12,2323.47,2310.17,2316.96,92043.709
2026-04-21 08:00:00+00:00,76050.0,76999.0,76025.0,76462.4,9688.673,2316.95,2337.99,2312.61,2322.09,174563.893
2026-04-21 09:00:00+00:00,76462.4,76565.2,76103.3,76324.2,6005.276,2322.09,2326.53,2317.0,2324.32,90114.819
2026-04-21 10:00:00+00:00,76324.2,76844.5,76306.3,76702.1,5702.752,2324.33,2336.0,2323.66,2329.69,114033.026
2026-04-21 11:00:00+00:00,76702.2,76716.7,76281.1,76408.3,6424.41,2329.68,2330.15,2314.07,2318.91,174315.043
2026-04-21 12:00:00+00:00,76408.3,76491.1,75631.2,75972.8,13349.788,2318.91,2323.57,2292.54,2307.01,315607.947
2026-04-21 13:00:00+00:00,75972.9,76144.0,75688.0,75859.9,7392.452,2307.01,2316.18,2299.2,2311.65,177940.511
2026-04-21 14:00:00+00:00,75860.0,76574.3,75571.7,75628.9,17784.574,2311.65,2326.54,2293.31,2297.93,291659.139
2026-04-21 15:00:00+00:00,75628.9,75950.2,75355.2,75799.9,9750.346,2297.92,2310.0,2288.79,2309.31,248110.686
2026-04-21 16:00:00+00:00,75800.0,76155.0,75705.4,75739.2,5816.389,2309.3,2323.83,2305.02,2306.15,206039.179
2026-04-21 17:00:00+00:00,75739.3,75875.1,75017.8,75516.0,14476.413,2306.15,2318.54,2280.82,2305.13,363372.063
2026-04-21 18:00:00+00:00,75515.9,75639.6,75273.0,75563.1,4921.306,2305.13,2312.45,2299.15,2311.47,111955.663
2026-04-21 19:00:00+00:00,75563.1,75900.0,74777.9,74988.6,13354.564,2311.47,2330.0,2285.58,2297.04,415212.564
2026-04-21 20:00:00+00:00,74988.7,75824.8,74942.2,75649.4,10187.902,2297.04,2324.99,2293.5,2313.31,336128.837
2026-04-21 21:00:00+00:00,75649.3,75732.5,75402.9,75506.4,1945.077,2313.3,2317.1,2308.47,2311.25,45466.217
2026-04-21 22:00:00+00:00,75506.4,75608.6,75250.0,75598.6,2856.061,2311.25,2315.88,2299.53,2310.06,87264.685
2026-04-21 23:00:00+00:00,75598.6,76396.2,75570.3,76288.2,6994.088,2310.06,2328.69,2309.61,2326.13,97415.583
2026-04-22 00:00:00+00:00,76288.3,76471.2,76170.0,76327.1,5396.425,2326.12,2329.55,2321.27,2324.23,83052.903
2026-04-22 01:00:00+00:00,76327.1,76380.0,76078.6,76267.3,3004.863,2324.23,2327.67,2311.41,2321.42,108729.954
2026-04-22 02:00:00+00:00,76267.4,77613.0,76183.7,77568.1,20988.269,2321.42,2375.22,2318.93,2369.68,575961.768
2026-04-22 03:00:00+00:00,77568.0,77699.0,77366.0,77488.3,9672.167,2369.68,2379.19,2357.24,2362.69,267201.69
2026-04-22 04:00:00+00:00,77488.4,77670.8,77321.7,77475.5,4496.121,2362.69,2368.6,2357.26,2362.79,89099.031
2026-04-22 05:00:00+00:00,77475.4,78447.5,77406.0,77954.4,26969.743,2362.8,2414.35,2360.73,2395.84,820209.73
2026-04-22 06:00:00+00:00,77954.4,78008.8,77860.0,77971.6,4519.224,2395.84,2396.38,2388.56,2392.4,150577.121
2026-04-22 07:00:00+00:00,77971.5,78098.0,77774.3,77979.8,5242.797,2392.4,2396.75,2382.14,2389.24,152919.747
2026-04-22 08:00:00+00:00,77979.7,78186.0,77895.3,77970.0,5187.109,2389.25,2392.97,2382.15,2387.23,105617.197
2026-04-22 09:00:00+00:00,77970.0,78152.8,77912.1,77959.9,3001.63,2387.22,2393.28,2383.51,2386.64,78897.633
2026-04-22 10:00:00+00:00,77959.9,78151.0,77908.6,78117.8,2672.693,2386.64,2392.84,2384.01,2389.18,49463.132
2026-04-22 11:00:00+00:00,78117.8,78365.8,78054.5,78263.2,4820.256,2389.18,2399.84,2385.5,2397.59,115653.19
2026-04-22 12:00:00+00:00,78263.2,78490.8,78060.0,78196.6,6410.168,2397.59,2406.27,2395.01,2403.85,187643.324
2026-04-22 13:00:00+00:00,78196.6,78799.0,78120.1,78794.5,12886.624,2403.85,2423.0,2400.02,2416.31,360331.004
2026-04-22 14:00:00+00:00,78794.4,79142.8,78511.1,78996.8,20184.835,2416.32,2422.55,2390.69,2402.03,362159.344
2026-04-22 15:00:00+00:00,78996.7,79370.0,78800.3,79234.3,13529.874,2402.03,2412.88,2388.76,2402.69,306803.133
2026-04-22 16:00:00+00:00,79234.3,79444.0,78586.7,78705.1,11368.472,2402.69,2412.82,2383.29,2385.36,220111.273
2026-04-22 17:00:00+00:00,78705.1,78998.6,78660.0,78869.8,5456.211,2385.37,2401.82,2385.36,2398.33,146793.558
2026-04-22 18:00:00+00:00,78869.8,79129.8,78783.7,78989.5,3353.919,2398.32,2403.76,2393.86,2396.1,107223.848
2026-04-22 19:00:00+00:00,78989.5,79020.0,78654.6,78791.3,6915.525,2396.1,2406.57,2388.0,2396.75,161118.423
2026-04-22 20:00:00+00:00,78791.3,78868.9,78360.0,78395.8,5886.107,2396.76,2401.49,2389.8,2390.97,95702.044
2026-04-22 21:00:00+00:00,78395.8,78788.3,78361.4,78713.8,2432.296,2390.97,2405.2,2390.69,2401.71,50823.741
2026-04-22 22:00:00+00:00,78713.9,78784.0,78403.2,78552.1,2555.67,2401.72,2404.6,2393.09,2398.95,55444.01
2026-04-22 23:00:00+00:00,78552.1,78559.2,78111.6,78139.8,4136.098,2398.96,2399.63,2372.6,2373.04,207936.87
2026-04-23 00:00:00+00:00,78139.7,78534.9,77526.8,78389.9,12884.746,2373.05,2381.85,2340.26,2371.89,412972.697
2026-04-23 01:00:00+00:00,78390.0,78445.2,78015.0,78311.0,3983.736,2371.9,2372.0,2359.48,2365.94,103520.854
2026-04-23 02:00:00+00:00,78310.9,78320.0,77715.0,77897.6,5149.543,2365.95,2366.23,2342.08,2350.78,242091.61
2026-04-23 03:00:00+00:00,77897.6,77991.7,77410.7,77704.3,7028.582,2350.78,2352.4,2330.0,2339.62,260236.659
2026-04-23 04:00:00+00:00,77704.3,77912.0,77627.4,77871.6,4028.953,2339.62,2347.5,2336.0,2346.38,106582.43
2026-04-23 05:00:00+00:00,77871.5,78093.2,77724.4,77991.9,4466.369,2346.38,2351.27,2338.96,2347.52,132762.737
2026-04-23 06:00:00+00:00,77992.0,78310.1,77992.0,78167.0,5625.923,2347.52,2357.72,2347.52,2353.24,125930.384
2026-04-23 07:00:00+00:00,78167.0,78210.9,77925.9,78009.1,3450.478,2353.24,2355.69,2338.91,2342.81,152332.023
2026-04-23 08:00:00+00:00,78009.1,78142.2,77680.0,77822.1,5585.852,2342.81,2343.72,2333.33,2338.55,189658.197
2026-04-23 09:00:00+00:00,77822.1,77830.0,77400.2,77613.0,7413.85,2338.55,2338.55,2310.0,2314.77,458078.463
2026-04-23 10:00:00+00:00,77613.0,77678.3,76504.6,77362.9,17017.695,2314.77,2317.91,2303.9,2312.89,247929.404
2026-04-23 11:00:00+00:00,77363.0,77709.1,77321.6,77649.9,5446.003,2312.89,2331.39,2312.89,2327.93,204651.132
2026-04-23 12:00:00+00:00,77650.0,77837.6,77460.4,77826.8,8226.825,2327.92,2334.27,2318.77,2327.88,217542.547
2026-04-23 13:00:00+00:00,77826.8,77875.7,77322.8,77486.7,5854.6,2327.87,2331.56,2314.08,2318.51,158321.232
2026-04-23 14:00:00+00:00,77486.6,78176.0,77378.4,78132.8,9478.995,2318.5,2333.83,2315.0,2332.87,171718.276
2026-04-23 15:00:00+00:00,78132.8,78648.0,77929.0,78329.2,11934.225,2332.87,2343.36,2322.28,2332.17,229958.202
2026-04-23 16:00:00+00:00,78329.3,78466.8,77965.8,78049.0,5475.753,2332.17,2334.88,2322.03,2325.07,100615.144
2026-04-23 17:00:00+00:00,78049.1,78137.8,76900.1,77715.2,21713.346,2325.06,2328.24,2283.31,2308.87,547414.435
2026-04-23 18:00:00+00:00,77715.1,78100.0,77617.8,77631.7,10340.909,2308.87,2318.0,2302.95,2303.92,215939.433
2026-04-23 19:00:00+00:00,77631.5,77859.9,77543.4,77670.5,5665.343,2303.93,2317.82,2299.0,2311.78,136422.3
2026-04-23 20:00:00+00:00,77670.4,78020.0,77598.4,77841.3,3884.977,2311.77,2328.7,2311.42,2324.07,122815.412
2026-04-23 21:00:00+00:00,77841.3,78044.2,77743.3,77819.6,1877.423,2324.08,2328.0,2319.45,2320.12,68296.62
2026-04-23 22:00:00+00:00,77819.5,78299.0,77819.5,78194.2,3629.261,2320.12,2337.76,2320.08,2330.53,109046.351
2026-04-23 23:00:00+00:00,78194.1,78266.0,77983.5,78216.8,2321.625,2330.53,2332.21,2322.24,2328.94,62451.074
2026-04-24 00:00:00+00:00,78217.4,78459.1,78120.0,78376.7,2948.463,2328.94,2336.46,2325.5,2331.34,67904.885
2026-04-24 01:00:00+00:00,78376.7,78399.0,77901.0,78369.9,5826.227,2331.35,2333.29,2317.28,2331.76,112935.117
2026-04-24 02:00:00+00:00,78369.8,78546.0,77986.0,78074.0,5936.447,2331.76,2334.36,2312.95,2318.48,117097.321
2026-04-24 03:00:00+00:00,78074.0,78134.0,77500.0,77690.1,8698.496,2318.47,2321.81,2298.54,2307.14,173595.989
2026-04-24 04:00:00+00:00,77690.1,77814.7,77413.0,77620.5,3937.802,2307.15,2310.33,2298.44,2304.89,92868.869
2026-04-24 05:00:00+00:00,77620.5,78019.2,77401.5,77911.0,6692.759,2304.9,2316.19,2298.51,2313.8,98374.901
2026-04-24 06:00:00+00:00,77911.1,77945.0,77704.0,77741.9,2572.11,2313.8,2316.13,2306.99,2307.91,71145.36
2026-04-24 07:00:00+00:00,77742.0,77814.0,77500.0,77620.5,4052.743,2307.9,2315.32,2307.18,2310.49,93346.51
2026-04-24 08:00:00+00:00,77620.5,77987.2,77530.1,77744.6,4542.119,2310.49,2321.94,2305.92,2313.81,121891.939
2026-04-24 09:00:00+00:00,77744.6,77773.9,77355.8,77497.2,5508.841,2313.82,2314.54,2301.66,2308.69,101203.755
2026-04-24 10:00:00+00:00,77497.2,77765.5,77410.0,77715.2,3019.545,2308.69,2318.07,2304.47,2314.55,74781.148
2026-04-24 11:00:00+00:00,77715.2,78346.1,77715.1,78194.8,12224.384,2314.54,2331.0,2314.54,2326.7,270818.116
2026-04-24 12:00:00+00:00,78194.9,78309.2,77963.6,78233.0,4968.19,2326.71,2330.36,2316.59,2323.82,168518.45
2026-04-24 13:00:00+00:00,78233.0,78432.9,77870.0,78050.1,8477.317,2323.83,2330.03,2309.1,2315.7,209490.591
2026-04-24 14:00:00+00:00,78050.0,78060.5,77639.0,77986.4,8895.171,2315.7,2317.17,2302.21,2312.17,254681.612
2026-04-24 15:00:00+00:00,77986.3,78199.0,77521.0,78007.3,9049.207,2312.17,2328.79,2300.0,2322.72,241130.239
2026-04-24 16:00:00+00:00,78007.3,78031.9,77543.4,77732.7,6053.347,2322.73,2323.39,2308.33,2315.47,124779.08
2026-04-24 17:00:00+00:00,77732.6,77792.9,77414.4,77644.6,7098.563,2315.48,2321.11,2307.27,2318.53,98261.139
2026-04-24 18:00:00+00:00,77644.5,77681.6,77308.0,77579.2,4310.364,2318.53,2320.33,2308.0,2318.73,74208.375
2026-04-24 19:00:00+00:00,77579.2,77711.0,77485.1,77596.1,2617.26,2318.73,2324.0,2317.85,2320.37,53236.544
2026-04-24 20:00:00+00:00,77596.0,77727.0,77412.8,77688.2,3057.022,2320.36,2327.11,2313.47,2325.27,77242.083
2026-04-24 21:00:00+00:00,77688.2,77718.5,77490.0,77490.1,1860.883,2325.27,2326.62,2309.0,2313.69,129318.722
2026-04-24 22:00:00+00:00,77490.0,77579.9,77206.8,77294.5,3447.77,2313.69,2314.86,2305.2,2310.73,52289.91
2026-04-24 23:00:00+00:00,77294.6,77439.1,77288.9,77395.4,1987.975,2310.74,2315.37,2310.74,2313.88,24466.276
2026-04-25 00:00:00+00:00,77395.3,77459.7,77254.7,77419.9,1878.806,2313.87,2314.94,2310.0,2314.86,26114.136
2026-04-25 01:00:00+00:00,77420.0,77579.3,77392.7,77490.0,1991.297,2314.87,2320.0,2314.29,2316.78,35811.288
2026-04-25 02:00:00+00:00,77490.0,77608.2,77450.0,77567.6,1315.087,2316.79,2318.23,2313.07,2316.42,29568.014
2026-04-25 03:00:00+00:00,77567.6,77678.0,77500.0,77629.0,1474.251,2316.42,2319.46,2314.32,2317.51,19313.903
2026-04-25 04:00:00+00:00,77629.0,77653.2,77545.0,77579.5,949.516,2317.52,2318.17,2315.0,2315.52,17894.414
2026-04-25 05:00:00+00:00,77579.5,77579.5,77438.1,77475.8,1311.61,2315.52,2315.53,2312.05,2314.93,23869.936
2026-04-25 06:00:00+00:00,77475.8,77547.0,77437.0,77458.8,1193.859,2314.93,2316.5,2313.52,2314.99,19742.006
2026-04-25 07:00:00+00:00,77458.9,77533.2,77400.0,77449.9,1791.902,2314.99,2317.99,2313.0,2315.14,25871.519
2026-04-25 08:00:00+00:00,77449.9,77615.6,77444.0,77603.3,1450.313,2315.13,2319.83,2314.71,2318.23,31765.739
2026-04-25 09:00:00+00:00,77603.4,77736.8,77536.2,77672.5,1877.998,2318.24,2322.22,2315.52,2317.8,57137.566
2026-04-25 10:00:00+00:00,77672.6,77847.0,77672.5,77749.3,2789.797,2317.8,2321.5,2317.12,2319.22,35584.025
2026-04-25 11:00:00+00:00,77749.3,77749.3,77564.0,77638.7,2448.382,2319.23,2319.23,2309.51,2312.47,69231.219
2026-04-25 12:00:00+00:00,77638.7,77673.0,77500.1,77518.3,1903.699,2312.47,2315.9,2310.1,2312.06,49494.102
2026-04-25 13:00:00+00:00,77518.3,77676.5,77518.3,77650.1,1504.373,2312.07,2316.77,2312.07,2315.01,24738.176
2026-04-25 14:00:00+00:00,77650.1,77719.1,77589.8,77618.2,1893.011,2315.01,2317.94,2313.78,2314.8,34368.458
2026-04-25 15:00:00+00:00,77618.3,77691.1,77263.0,77289.3,4449.411,2314.8,2317.33,2298.98,2306.65,128160.627
2026-04-25 16:00:00+00:00,77289.3,77411.8,77100.0,77364.0,5349.276,2306.64,2310.0,2298.98,2308.64,121107.598
2026-04-25 17:00:00+00:00,77364.0,77379.7,77162.0,77213.4,1763.102,2308.63,2312.85,2306.0,2307.86,74478.659
2026-04-25 18:00:00+00:00,77213.3,77353.6,77174.2,77256.8,1995.754,2307.85,2312.95,2307.2,2310.49,32633.053
2026-04-25 19:00:00+00:00,77256.8,77312.6,77153.0,77285.6,1493.528,2310.48,2311.26,2306.0,2308.88,29824.632
2026-04-25 20:00:00+00:00,77285.7,77450.0,77267.3,77439.1,1483.127,2308.89,2312.07,2307.8,2311.93,25721.981
2026-04-25 21:00:00+00:00,77439.0,77500.0,77367.0,77492.9,1480.822,2311.92,2316.48,2311.31,2314.6,35115.627
2026-04-25 22:00:00+00:00,77492.9,77599.9,77455.4,77513.2,1373.441,2314.6,2319.59,2313.89,2316.57,31709.677
2026-04-25 23:00:00+00:00,77513.3,77615.7,77480.9,77585.0,1430.124,2316.57,2318.55,2315.65,2318.21,25102.863
2026-04-26 00:00:00+00:00,77585.0,77607.7,77401.8,77457.4,2173.275,2318.21,2318.58,2310.0,2314.0,40770.893
2026-04-26 01:00:00+00:00,77457.4,77531.6,77395.2,77417.4,1409.129,2314.0,2316.86,2312.0,2312.69,29009.652
2026-04-26 02:00:00+00:00,77417.3,77553.9,77410.0,77480.1,1127.32,2312.7,2317.51,2312.19,2313.98,23980.952
2026-04-26 03:00:00+00:00,77480.0,77500.0,77280.0,77349.3,1661.189,2313.98,2315.37,2305.07,2308.64,58771.598
2026-04-26 04:00:00+00:00,77349.3,77777.0,77338.4,77727.0,3838.691,2308.64,2318.63,2307.38,2316.22,66498.586
2026-04-26 05:00:00+00:00,77727.1,78164.7,77670.9,77949.4,7947.368,2316.23,2336.63,2316.13,2326.78,259205.286
2026-04-26 06:00:00+00:00,77949.4,78012.2,77851.2,77963.2,1957.273,2326.78,2332.8,2325.85,2328.89,67025.687
2026-04-26 07:00:00+00:00,77963.3,78085.0,77920.5,78061.5,1433.48,2328.9,2331.25,2327.04,2330.23,34940.429
2026-04-26 08:00:00+00:00,78061.5,78182.8,77973.5,77989.0,2223.646,2330.23,2336.99,2329.25,2331.29,84689.06
2026-04-26 09:00:00+00:00,77989.1,78020.0,77880.0,77971.8,1527.171,2331.3,2334.38,2328.05,2333.35,44578.179
2026-04-26 10:00:00+00:00,77971.8,78017.7,77914.5,77961.4,1201.415,2333.34,2335.5,2330.35,2331.66,33149.651
2026-04-26 11:00:00+00:00,77961.5,78114.5,77961.4,78050.0,1385.869,2331.66,2336.56,2331.3,2334.78,48234.233
2026-04-26 12:00:00+00:00,78050.0,78063.5,77715.0,77795.5,3074.328,2334.78,2335.0,2321.97,2327.88,84096.892
2026-04-26 13:00:00+00:00,77795.4,77953.2,77742.6,77940.1,2320.964,2327.87,2334.94,2326.71,2333.9,67345.55
2026-04-26 14:00:00+00:00,77940.0,78136.5,77840.5,78053.4,3469.246,2333.89,2351.6,2332.08,2345.02,262328.413
2026-04-26 15:00:00+00:00,78053.5,78091.3,77912.5,78007.9,2519.454,2345.01,2347.88,2342.67,2347.0,65853.088
2026-04-26 16:00:00+00:00,78007.9,78055.7,77890.0,77890.0,1674.536,2347.0,2348.5,2341.59,2341.6,80715.694
2026-04-26 17:00:00+00:00,77890.1,78026.9,77815.0,77976.7,1583.178,2341.59,2348.7,2339.11,2348.14,48773.846
2026-04-26 18:00:00+00:00,77976.7,78326.2,77945.7,78238.1,5398.017,2348.15,2367.85,2346.0,2360.41,237632.272
2026-04-26 19:00:00+00:00,78238.1,78477.9,77967.9,78183.1,6594.545,2360.41,2376.51,2357.86,2366.18,158930.191
2026-04-26 20:00:00+00:00,78183.2,78355.1,78107.0,78150.1,1663.712,2366.19,2371.8,2360.69,2360.89,83444.086
2026-04-26 21:00:00+00:00,78150.0,78994.8,77777.0,78369.7,9228.611,2360.89,2369.93,2347.0,2363.11,169164.705
2026-04-26 22:00:00+00:00,78369.6,78821.1,77915.5,78274.7,8267.639,2363.11,2379.99,2351.81,2360.31,181489.856
2026-04-26 23:00:00+00:00,78274.7,78870.3,77988.1,78613.5,6263.249,2360.31,2377.67,2355.4,2368.32,153325.323
2026-04-27 00:00:00+00:00,78614.4,79338.0,78319.1,79263.7,10372.842,2368.32,2392.0,2356.12,2389.82,236512.125
2026-04-27 01:00:00+00:00,79264.1,79455.0,78671.8,79245.3,10667.809,2389.87,2403.99,2376.19,2393.56,285311.074
2026-04-27 02:00:00+00:00,79245.3,79268.8,78984.7,79082.9,4176.886,2393.56,2396.0,2386.01,2391.01,86025.82
2026-04-27 03:00:00+00:00,79082.9,79273.4,79032.3,79065.1,3114.466,2391.0,2399.87,2389.34,2393.68,94283.164
2026-04-27 04:00:00+00:00,79065.1,79128.1,78830.0,78882.6,3575.923,2393.68,2394.92,2379.46,2381.92,107191.044
2026-04-27 05:00:00+00:00,78882.6,78904.1,77503.6,77730.6,28902.851,2381.92,2382.73,2317.0,2321.55,835771.078
2026-04-27 06:00:00+00:00,77730.5,77834.0,77408.6,77657.9,9659.834,2321.54,2327.58,2310.09,2319.41,261132.931
2026-04-27 07:00:00+00:00,77657.9,77698.2,77512.3,77556.7,3917.886,2319.4,2322.58,2313.47,2314.5,110191.406
2026-04-27 08:00:00+00:00,77556.7,77775.3,77500.0,77763.5,4632.246,2314.5,2318.54,2307.42,2318.29,179870.753
2026-04-27 09:00:00+00:00,77763.4,77949.9,77657.1,77856.1,5931.398,2318.29,2324.29,2314.0,2320.61,103726.633
2026-04-27 10:00:00+00:00,77856.1,77903.1,77740.1,77806.7,2606.755,2320.6,2322.5,2317.17,2318.58,47993.613
2026-04-27 11:00:00+00:00,77806.7,77854.2,77700.0,77804.3,1914.929,2318.58,2321.52,2315.38,2318.77,43289.624
2026-04-27 12:00:00+00:00,77804.3,77835.7,77575.0,77627.4,4219.551,2318.76,2319.66,2311.16,2312.88,77486.743
2026-04-27 13:00:00+00:00,77627.3,77930.3,77516.4,77700.0,7031.14,2312.87,2319.67,2301.11,2311.01,218081.565
2026-04-27 14:00:00+00:00,77700.3,78232.0,77627.2,77776.0,9667.156,2311.01,2328.72,2307.31,2313.82,244700.827
2026-04-27 15:00:00+00:00,77775.9,77796.3,76524.0,76760.0,24615.058,2313.82,2314.12,2263.88,2273.52,787891.783
2026-04-27 16:00:00+00:00,76760.0,76829.1,76509.7,76587.9,7100.753,2273.52,2279.52,2268.48,2276.49,149193.299
2026-04-27 17:00:00+00:00,76587.9,76902.7,76585.4,76702.3,5273.641,2276.5,2291.0,2276.49,2285.2,163402.348
2026-04-27 18:00:00+00:00,76702.3,76858.5,76623.1,76790.7,2159.377,2285.19,2290.39,2282.76,2287.1,68199.2
2026-04-27 19:00:00+00:00,76790.6,76863.0,76400.0,76844.4,5721.293,2287.09,2289.8,2273.23,2287.76,111037.295
2026-04-27 20:00:00+00:00,76844.3,77037.0,76780.9,76915.8,2744.525,2287.77,2295.0,2287.55,2290.0,75099.545
2026-04-27 21:00:00+00:00,76915.8,76944.5,76740.3,76741.4,1559.525,2289.99,2291.04,2285.29,2285.9,36325.847
2026-04-27 22:00:00+00:00,76741.4,77037.0,76714.8,77025.8,3020.956,2285.89,2294.44,2283.05,2293.15,56280.398
2026-04-27 23:00:00+00:00,77025.8,77419.7,76971.5,77331.2,6514.083,2293.16,2307.26,2289.79,2302.28,97439.664
2026-04-28 00:00:00+00:00,77331.2,77450.0,77171.1,77334.9,4722.234,2302.28,2309.73,2297.88,2305.08,97852.953
2026-04-28 01:00:00+00:00,77334.9,77356.8,76989.0,77047.2,3331.975,2305.08,2307.22,2296.0,2297.35,73986.202
2026-04-28 02:00:00+00:00,77047.2,77187.7,76632.4,76845.0,5540.628,2297.34,2299.56,2278.52,2287.6,141742.923
2026-04-28 03:00:00+00:00,76844.9,76866.5,76633.0,76770.6,2711.856,2287.6,2289.75,2280.26,2289.47,67745.154
2026-04-28 04:00:00+00:00,76770.6,76921.8,76654.6,76845.2,2736.878,2289.47,2293.67,2281.68,2287.25,108626.377
2026-04-28 05:00:00+00:00,76845.2,77132.4,76760.9,76848.0,4399.965,2287.25,2295.77,2285.02,2286.64,97981.78
2026-04-28 06:00:00+00:00,76848.1,76985.1,76525.6,76664.9,4227.65,2286.65,2289.6,2266.54,2276.29,159570.752
2026-04-28 07:00:00+00:00,76665.0,76888.0,76324.1,76828.4,6137.08,2276.29,2287.38,2268.86,2286.49,117962.304
2026-04-28 08:00:00+00:00,76828.3,76956.0,76701.0,76820.1,3054.31,2286.5,2290.32,2282.04,2285.9,81803.774
2026-04-28 09:00:00+00:00,76820.0,76823.6,76443.0,76557.2,2792.382,2285.91,2287.51,2275.45,2281.4,89662.855
2026-04-28 10:00:00+00:00,76557.3,76657.0,76427.8,76580.1,2723.919,2281.4,2286.57,2279.55,2283.44,83680.813
2026-04-28 11:00:00+00:00,76580.1,76612.3,76088.0,76198.8,7667.234,2283.45,2284.46,2269.3,2274.39,137308.902
2026-04-28 12:00:00+00:00,76198.9,76403.7,76129.0,76345.6,5418.068,2274.39,2279.93,2270.5,2277.15,102577.936
2026-04-28 13:00:00+00:00,76345.6,76388.0,75904.4,76158.2,10356.863,2277.16,2284.97,2256.03,2275.34,356202.334
2026-04-28 14:00:00+00:00,76158.4,76175.0,75635.6,75920.0,11447.593,2275.34,2275.6,2259.11,2272.46,204594.564
2026-04-28 15:00:00+00:00,75920.0,76053.0,75789.6,76027.8,5697.881,2272.45,2279.77,2268.0,2278.52,123259.201
2026-04-28 16:00:00+00:00,76027.7,76224.2,75840.3,76091.7,3808.818,2278.53,2287.99,2273.0,2284.81,105034.46
2026-04-28 17:00:00+00:00,76091.7,76247.0,75915.2,76154.2,3441.505,2284.81,2292.24,2277.6,2289.3,123821.995
2026-04-28 18:00:00+00:00,76154.1,76251.0,76100.0,76208.2,2834.587,2289.3,2297.4,2286.4,2295.91,110931.483
2026-04-28 19:00:00+00:00,76208.1,76352.0,76032.3,76293.6,2431.825,2295.91,2304.93,2289.21,2300.87,130388.293
2026-04-28 20:00:00+00:00,76293.5,76432.5,76287.1,76420.0,2552.304,2300.86,2304.83,2294.04,2294.29,59131.229
2026-04-28 21:00:00+00:00,76420.0,76448.0,76217.8,76321.5,2075.404,2294.3,2296.62,2284.22,2289.22,67354.114
2026-04-28 22:00:00+00:00,76321.5,76409.6,76178.0,76206.2,2016.484,2289.22,2293.82,2284.28,2285.18,38325.179
2026-04-28 23:00:00+00:00,76206.1,76340.8,76150.0,76298.1,1791.434,2285.17,2289.21,2282.76,2288.37,36625.365
2026-04-29 00:00:00+00:00,76298.2,76519.8,76227.5,76470.9,2818.37,2288.36,2293.6,2284.5,2291.61,52164.374
2026-04-29 01:00:00+00:00,76471.0,76633.3,76138.7,76534.9,4055.817,2291.61,2296.86,2278.02,2291.6,119919.088
2026-04-29 02:00:00+00:00,76535.0,76633.3,76350.8,76488.1,2303.457,2291.61,2294.65,2283.13,2288.03,80045.983
2026-04-29 03:00:00+00:00,76488.0,77098.8,76466.5,76955.7,8580.322,2288.04,2315.72,2286.68,2310.55,248533.845
2026-04-29 04:00:00+00:00,76955.7,77432.1,76839.8,77224.2,10431.888,2310.54,2342.15,2308.04,2325.86,413398.863
2026-04-29 05:00:00+00:00,77224.1,77298.9,77150.0,77254.7,3625.768,2325.86,2331.36,2321.2,2327.84,138006.683
2026-04-29 06:00:00+00:00,77254.7,77294.4,76888.0,76978.5,6541.227,2327.84,2336.19,2318.61,2323.81,225551.315
2026-04-29 07:00:00+00:00,76978.5,77140.0,76951.0,77003.8,3425.117,2323.81,2329.74,2320.62,2322.82,83248.817
2026-04-29 08:00:00+00:00,77003.8,77113.6,76921.2,76998.5,2062.265,2322.83,2328.16,2319.67,2324.32,82414.461
2026-04-29 09:00:00+00:00,76998.4,77774.0,76918.5,77605.5,10758.462,2324.32,2346.48,2321.69,2338.8,215915.0
2026-04-29 10:00:00+00:00,77605.4,77873.2,77506.8,77575.3,8863.719,2338.81,2346.0,2327.53,2332.37,186191.813
2026-04-29 11:00:00+00:00,77575.3,77654.7,77440.0,77552.5,4039.518,2332.37,2335.0,2327.61,2330.57,95199.983
2026-04-29 12:00:00+00:00,77552.5,77563.6,76945.1,77110.0,9040.986,2330.56,2331.0,2306.06,2315.14,293540.187
2026-04-29 13:00:00+00:00,77110.0,77225.7,76385.0,76748.7,14778.858,2315.14,2317.48,2288.07,2301.91,336447.076
2026-04-29 14:00:00+00:00,76748.6,76850.0,76441.5,76540.3,7706.251,2301.91,2307.04,2292.88,2298.23,160180.315
2026-04-29 15:00:00+00:00,76540.2,76607.5,75675.2,75889.1,15958.521,2298.24,2300.08,2261.88,2271.57,475752.848
2026-04-29 16:00:00+00:00,75889.1,76115.4,75653.0,75774.7,12042.679,2271.57,2278.19,2260.66,2266.21,241055.115
2026-04-29 17:00:00+00:00,75774.7,76145.8,75752.5,76139.6,6567.744,2266.22,2282.61,2265.01,2282.0,146449.179
2026-04-29 18:00:00+00:00,76139.3,76220.0,74868.0,75470.1,29543.33,2281.97,2284.86,2218.83,2237.85,996933.455
2026-04-29 19:00:00+00:00,75470.1,75564.0,75251.6,75518.5,6232.553,2237.86,2241.49,2223.88,2232.35,205590.374
2026-04-29 20:00:00+00:00,75518.4,75826.7,75448.0,75636.0,7360.038,2232.34,2247.74,2229.06,2239.39,199339.88
2026-04-29 21:00:00+00:00,75636.1,76061.2,75562.3,75883.1,3816.321,2239.39,2263.75,2237.34,2251.58,160450.451
2026-04-29 22:00:00+00:00,75883.1,75966.0,75775.7,75884.5,3301.14,2251.57,2257.88,2248.33,2256.38,79162.954
2026-04-29 23:00:00+00:00,75884.5,75956.8,75651.3,75749.9,2679.152,2256.38,2259.33,2248.75,2251.52,74049.825
2026-04-30 00:00:00+00:00,75749.9,76300.0,75612.2,76199.1,6686.166,2251.53,2274.14,2247.65,2271.01,179563.109
2026-04-30 01:00:00+00:00,76199.1,76445.0,76130.1,76193.9,4748.673,2271.0,2277.92,2265.45,2268.09,124776.514
2026-04-30 02:00:00+00:00,76193.9,76311.8,75448.9,75663.6,8068.355,2268.08,2272.27,2234.16,2244.17,237181.513
2026-04-30 03:00:00+00:00,75663.5,75950.0,75608.6,75882.1,2571.359,2244.17,2255.74,2242.7,2251.81,89673.55
2026-04-30 04:00:00+00:00,75881.6,75931.7,75363.2,75458.3,4706.24,2251.82,2252.99,2235.42,2237.89,128795.253
2026-04-30 05:00:00+00:00,75458.4,75721.0,75273.5,75569.6,3431.262,2237.88,2247.4,2230.1,2241.77,116133.568
2026-04-30 06:00:00+00:00,75569.6,75835.6,75540.1,75720.6,2811.479,2241.78,2251.51,2240.85,2246.81,81251.543
2026-04-30 07:00:00+00:00,75720.6,76148.0,75684.6,76129.9,4812.983,2246.81,2261.41,2241.3,2258.99,180728.319
2026-04-30 08:00:00+00:00,76129.9,76180.0,75987.6,76025.7,4692.217,2259.0,2261.0,2253.44,2255.26,95060.228
2026-04-30 09:00:00+00:00,76025.8,76332.6,75973.3,76062.7,3618.199,2255.26,2270.0,2254.54,2260.6,118664.878
2026-04-30 10:00:00+00:00,76062.7,76136.6,75943.3,76001.6,2477.841,2260.59,2264.55,2255.32,2260.52,71465.843
2026-04-30 11:00:00+00:00,76001.7,76233.0,75836.0,76032.9,4543.519,2260.53,2273.0,2250.87,2257.05,170124.853
2026-04-30 12:00:00+00:00,76032.9,76375.1,76009.8,76259.0,5432.389,2257.05,2269.83,2256.47,2264.12,107741.012
2026-04-30 13:00:00+00:00,76259.0,76630.3,76066.6,76370.3,8634.181,2264.11,2271.36,2253.33,2262.47,147597.259
2026-04-30 14:00:00+00:00,76370.4,76546.7,76044.7,76256.0,7816.799,2262.48,2269.69,2244.96,2260.83,229082.039
2026-04-30 15:00:00+00:00,76256.1,76614.9,76116.0,76423.0,5078.328,2260.83,2274.8,2256.21,2264.61,121432.481
2026-04-30 16:00:00+00:00,76423.0,76446.9,76181.9,76220.1,2781.497,2264.6,2266.09,2254.01,2255.8,59625.11
2026-04-30 17:00:00+00:00,76220.2,76294.2,76060.4,76209.2,3008.42,2255.81,2259.5,2250.05,2256.88,82845.179
2026-04-30 18:00:00+00:00,76209.2,76440.0,76166.3,76309.1,2871.7,2256.88,2264.7,2253.4,2258.57,61458.363
2026-04-30 19:00:00+00:00,76309.2,76470.5,76264.2,76366.7,3099.22,2258.58,2265.91,2256.8,2260.7,50829.4
2026-04-30 20:00:00+00:00,76366.7,76536.2,76273.3,76451.1,3025.849,2260.71,2266.35,2259.2,2262.83,33570.374
2026-04-30 21:00:00+00:00,76451.1,76495.4,76186.0,76202.8,1910.851,2262.83,2263.5,2252.45,2255.09,43573.036
2026-04-30 22:00:00+00:00,76202.8,76409.3,76155.1,76197.9,1508.83,2255.1,2260.32,2250.98,2253.1,32176.47
2026-04-30 23:00:00+00:00,76198.0,76347.0,76173.3,76305.4,1418.103,2253.09,2258.0,2252.61,2256.49,27132.284
2026-05-01 00:00:00+00:00,76305.4,76557.3,76265.4,76415.1,2833.122,2256.5,2264.97,2256.03,2258.84,53395.836
2026-05-01 01:00:00+00:00,76415.1,76738.3,76400.1,76644.1,3011.553,2258.84,2269.57,2258.55,2266.54,64623.659
2026-05-01 02:00:00+00:00,76644.0,76703.2,76485.2,76552.9,2376.3,2266.54,2268.91,2262.99,2265.7,47198.776
2026-05-01 03:00:00+00:00,76552.8,77421.2,76510.0,77082.6,13452.056,2265.69,2294.99,2264.79,2281.6,325167.503
2026-05-01 04:00:00+00:00,77082.6,77177.1,76900.0,76997.4,4141.156,2281.6,2284.69,2276.25,2278.75,87987.622
2026-05-01 05:00:00+00:00,76997.3,77155.0,76988.0,77135.3,1833.901,2278.75,2285.8,2277.04,2282.21,50883.213
2026-05-01 06:00:00+00:00,77135.3,77143.5,76833.7,76953.9,2858.941,2282.22,2285.86,2270.62,2276.14,109870.258
2026-05-01 07:00:00+00:00,76953.8,77110.0,76922.4,77100.0,3484.42,2276.14,2280.18,2272.0,2278.54,65697.135
2026-05-01 08:00:00+00:00,77099.9,77480.0,77010.5,77340.0,7056.179,2278.55,2287.49,2276.16,2285.69,99353.706
2026-05-01 09:00:00+00:00,77340.1,77358.5,77160.0,77239.3,3412.386,2285.69,2285.91,2278.6,2280.75,57322.434
2026-05-01 10:00:00+00:00,77239.3,77408.7,77118.1,77268.9,2931.392,2280.76,2284.98,2275.68,2281.31,54040.027
2026-05-01 11:00:00+00:00,77268.9,77588.4,77232.4,77429.5,4473.362,2281.31,2292.33,2280.5,2285.32,78666.108
2026-05-01 12:00:00+00:00,77429.6,78145.3,77368.2,77847.2,18429.963,2285.32,2311.5,2282.68,2300.05,450630.067
2026-05-01 13:00:00+00:00,77847.2,78879.9,77847.1,78691.3,22865.238,2300.06,2323.25,2300.05,2317.06,363493.654
2026-05-01 14:00:00+00:00,78691.3,78860.0,78004.1,78312.9,15174.189,2317.05,2324.64,2300.1,2306.8,276377.663
2026-05-01 15:00:00+00:00,78312.8,78688.0,78130.0,78395.4,10478.48,2306.8,2315.94,2297.0,2306.86,178466.574
2026-05-01 16:00:00+00:00,78395.4,78642.0,78130.0,78175.4,7267.884,2306.86,2313.33,2297.04,2300.82,163102.502
2026-05-01 17:00:00+00:00,78175.4,78557.4,78081.5,78509.2,4667.591,2300.81,2312.78,2297.58,2310.69,98383.902
2026-05-01 18:00:00+00:00,78509.3,78597.9,78336.1,78392.1,3962.063,2310.7,2311.49,2302.41,2303.48,62356.705
2026-05-01 19:00:00+00:00,78392.1,78514.2,78274.0,78316.9,3138.28,2303.47,2306.79,2301.11,2303.88,40874.827
2026-05-01 20:00:00+00:00,78317.0,78402.9,77717.7,77838.2,6294.832,2303.89,2305.1,2278.0,2283.87,206711.796
2026-05-01 21:00:00+00:00,77838.1,78163.8,77815.0,78163.8,3397.6,2283.87,2293.2,2282.4,2291.43,97238.02
2026-05-01 22:00:00+00:00,78163.8,78368.3,78091.8,78105.9,3177.489,2291.42,2298.27,2289.41,2292.17,49785.833
2026-05-01 23:00:00+00:00,78105.9,78214.5,77990.9,78192.0,2279.929,2292.16,2295.38,2287.79,2294.34,36543.572
2026-05-02 00:00:00+00:00,78191.9,78358.7,78123.0,78303.3,2196.897,2294.34,2298.42,2291.41,2296.4,45702.884
2026-05-02 01:00:00+00:00,78303.3,78413.4,78246.5,78295.8,1674.33,2296.4,2299.41,2294.35,2297.52,41372.968
2026-05-02 02:00:00+00:00,78295.8,78480.0,78210.3,78319.2,1651.331,2297.51,2308.09,2294.04,2302.2,67397.581
2026-05-02 03:00:00+00:00,78319.3,78503.9,78183.4,78377.7,2593.32,2302.2,2307.0,2299.59,2303.06,45690.817
2026-05-02 04:00:00+00:00,78377.7,78416.8,78040.0,78137.4,3846.424,2303.06,2303.91,2298.3,2300.06,39671.952
2026-05-02 05:00:00+00:00,78137.3,78219.6,77979.3,78140.0,3285.902,2300.07,2300.57,2295.13,2298.18,37170.474
2026-05-02 06:00:00+00:00,78140.1,78322.0,78099.4,78278.3,1731.257,2298.19,2305.35,2295.96,2304.24,43679.796
2026-05-02 07:00:00+00:00,78278.3,78304.2,78156.1,78181.6,1391.002,2304.25,2305.12,2299.66,2299.77,31014.006
2026-05-02 08:00:00+00:00,78181.6,78318.0,78113.0,78272.2,1385.259,2299.78,2303.4,2297.51,2302.19,26272.829
2026-05-02 09:00:00+00:00,78272.2,78359.2,78168.4,78252.3,1283.755,2302.19,2306.9,2302.17,2304.13,27811.747
2026-05-02 10:00:00+00:00,78252.4,78273.1,78175.0,78205.4,886.618,2304.13,2305.0,2301.0,2302.36,25972.019
2026-05-02 11:00:00+00:00,78205.5,78205.5,78055.7,78105.7,1999.778,2302.35,2304.08,2299.04,2301.0,32488.697
2026-05-02 12:00:00+00:00,78105.7,78232.0,78056.0,78169.7,1727.077,2300.99,2304.54,2299.84,2302.38,23059.825
2026-05-02 13:00:00+00:00,78169.7,78403.1,78169.6,78332.0,2617.892,2302.39,2311.09,2302.39,2307.14,77125.341
2026-05-02 14:00:00+00:00,78331.9,78458.2,78271.8,78380.9,2683.317,2307.13,2307.82,2304.0,2305.28,30111.318
2026-05-02 15:00:00+00:00,78380.8,78450.0,78320.0,78449.8,1206.057,2305.28,2308.84,2304.12,2307.86,24212.536
2026-05-02 16:00:00+00:00,78449.8,78565.9,78390.0,78419.9,2698.317,2307.86,2312.94,2306.61,2308.18,51711.439
2026-05-02 17:00:00+00:00,78419.9,78453.9,78328.1,78362.1,1005.401,2308.17,2309.61,2304.16,2304.74,30937.778
2026-05-02 18:00:00+00:00,78362.1,78459.0,78277.0,78432.1,1216.117,2304.74,2310.73,2302.32,2308.88,43477.727
2026-05-02 19:00:00+00:00,78432.0,78486.5,78404.8,78443.8,682.391,2308.87,2311.64,2307.75,2310.15,20976.337
2026-05-02 20:00:00+00:00,78444.1,78449.0,78376.0,78415.2,551.75,2310.15,2310.72,2308.41,2310.33,17688.586
2026-05-02 21:00:00+00:00,78415.3,79145.0,78401.5,78689.8,8643.996,2310.32,2342.0,2309.53,2324.56,240905.268
2026-05-02 22:00:00+00:00,78689.7,78838.0,78569.2,78793.2,2889.876,2324.57,2327.43,2316.49,2325.98,83468.712
2026-05-02 23:00:00+00:00,78793.2,78793.2,78588.3,78652.9,1593.044,2325.99,2325.99,2313.12,2315.9,70776.401
2026-05-03 00:00:00+00:00,78652.8,78740.5,78437.8,78499.9,3340.415,2315.91,2316.62,2307.46,2313.01,91497.223
2026-05-03 01:00:00+00:00,78499.9,78500.0,78100.0,78200.0,4310.343,2313.01,2313.39,2301.87,2302.67,95706.212
2026-05-03 02:00:00+00:00,78200.0,78272.0,78069.0,78131.3,3527.589,2302.68,2305.66,2298.02,2302.22,85826.076
2026-05-03 03:00:00+00:00,78131.4,78185.0,78075.1,78162.4,2031.354,2302.23,2303.0,2298.42,2300.65,47392.771
2026-05-03 04:00:00+00:00,78162.3,78202.6,78075.8,78132.3,1381.549,2300.65,2303.42,2296.01,2300.43,51305.195
2026-05-03 05:00:00+00:00,78132.3,78227.7,78121.1,78208.5,1139.456,2300.43,2304.19,2300.2,2302.88,25222.407
2026-05-03 06:00:00+00:00,78208.5,78318.7,78027.0,78249.0,2139.475,2302.89,2305.8,2298.34,2303.4,38184.863
2026-05-03 07:00:00+00:00,78249.0,78415.4,78248.9,78316.6,2420.464,2303.4,2312.98,2303.27,2308.2,74390.28
2026-05-03 08:00:00+00:00,78316.6,78475.3,78316.5,78343.5,1313.598,2308.2,2311.53,2306.37,2307.13,26313.94
2026-05-03 09:00:00+00:00,78343.5,78579.0,78295.1,78496.5,2342.27,2307.13,2321.94,2306.25,2315.56,112242.902
2026-05-03 10:00:00+00:00,78496.6,78499.9,78358.3,78369.4,1126.267,2315.57,2315.78,2310.18,2310.53,39077.042
2026-05-03 11:00:00+00:00,78369.3,78814.7,78340.0,78620.5,4413.802,2310.53,2327.29,2309.25,2318.87,143320.649
2026-05-03 12:00:00+00:00,78620.6,78850.0,78620.6,78715.4,3638.846,2318.88,2332.17,2318.88,2324.58,119894.328
2026-05-03 13:00:00+00:00,78715.3,78739.8,78522.9,78634.3,2282.92,2324.57,2327.93,2319.34,2320.99,61463.853
2026-05-03 14:00:00+00:00,78634.4,78750.0,78577.0,78700.6,1937.694,2320.99,2328.9,2320.0,2327.27,52130.667
2026-05-03 15:00:00+00:00,78700.6,78787.7,78584.1,78625.2,1990.431,2327.26,2333.0,2323.67,2327.23,70857.136
2026-05-03 16:00:00+00:00,78625.2,78749.5,78550.0,78619.1,1400.374,2327.23,2334.27,2321.24,2327.26,69621.402
2026-05-03 17:00:00+00:00,78619.2,78790.0,78514.2,78693.7,1981.687,2327.26,2334.42,2322.72,2330.63,66451.477
2026-05-03 18:00:00+00:00,78693.7,78730.6,78588.2,78706.7,984.952,2330.63,2332.7,2326.94,2329.79,32388.549
2026-05-03 19:00:00+00:00,78706.7,78832.2,78637.8,78729.1,1376.932,2329.79,2337.16,2327.15,2334.6,43003.923
2026-05-03 20:00:00+00:00,78729.1,79266.0,78690.0,78889.0,7057.354,2334.6,2344.25,2326.8,2328.39,123711.769
2026-05-03 21:00:00+00:00,78889.0,79026.0,78608.8,78794.5,3120.386,2328.39,2333.22,2313.11,2323.22,105309.483
2026-05-03 22:00:00+00:00,78794.6,79428.9,78794.6,79141.4,10542.259,2323.23,2356.75,2323.16,2342.88,351490.21
2026-05-03 23:00:00+00:00,79141.5,79260.3,78440.0,78529.0,6233.204,2342.89,2346.66,2318.14,2321.67,157159.307
2026-05-04 00:00:00+00:00,78529.0,78538.3,78235.4,78504.9,5606.024,2321.67,2321.67,2308.1,2318.01,177404.423
2026-05-04 01:00:00+00:00,78505.0,79849.8,78374.9,79755.9,18031.254,2318.02,2353.63,2311.55,2350.48,285706.588
2026-05-04 02:00:00+00:00,79756.0,80400.0,79493.0,80136.6,26000.914,2350.48,2387.0,2343.87,2373.81,611284.367
2026-05-04 03:00:00+00:00,80136.6,80426.0,79873.3,80278.7,9846.02,2373.81,2391.62,2370.66,2384.08,225147.367
2026-05-04 04:00:00+00:00,80278.7,80590.2,80184.8,80300.0,9960.785,2384.07,2398.88,2383.39,2389.23,252665.444
2026-05-04 05:00:00+00:00,80300.0,80370.0,79905.0,79983.9,8772.023,2389.22,2390.42,2374.21,2375.23,160612.055
2026-05-04 06:00:00+00:00,79984.0,80005.8,79440.0,79824.7,8760.329,2375.23,2377.63,2353.0,2367.31,246157.369
2026-05-04 07:00:00+00:00,79824.7,79907.6,79633.0,79663.5,3303.354,2367.32,2372.74,2361.42,2361.79,91513.442
2026-05-04 08:00:00+00:00,79663.4,79768.6,79555.8,79666.5,3890.024,2361.79,2364.2,2356.5,2359.05,118524.599
2026-05-04 09:00:00+00:00,79666.6,79900.0,79600.2,79800.1,3658.996,2359.05,2369.82,2357.0,2367.43,89544.928
2026-05-04 10:00:00+00:00,79800.1,79851.3,78128.3,78894.8,48091.994,2367.43,2368.99,2313.05,2337.17,932864.217
2026-05-04 11:00:00+00:00,78894.9,79080.0,78658.1,78753.5,9358.674,2337.16,2342.55,2331.2,2336.2,129105.086
2026-05-04 12:00:00+00:00,78753.5,78993.7,78670.6,78816.1,4486.148,2336.2,2342.8,2331.99,2334.15,87654.642
2026-05-04 13:00:00+00:00,78816.1,79099.7,78532.9,78747.6,10649.286,2334.16,2343.71,2324.2,2335.49,198099.647
2026-05-04 14:00:00+00:00,78747.6,80528.9,78450.0,80160.1,28439.342,2335.48,2382.0,2326.05,2370.1,523610.915
2026-05-04 15:00:00+00:00,80165.2,80332.8,79246.7,79976.7,32330.021,2370.11,2373.07,2334.42,2348.62,541063.058
2026-05-04 16:00:00+00:00,79976.6,80352.0,79562.0,79982.4,13490.048,2348.63,2364.1,2334.99,2354.02,321072.736
2026-05-04 17:00:00+00:00,79982.3,80771.7,79978.6,80339.8,13498.969,2354.01,2378.85,2352.66,2368.91,258286.095
2026-05-04 18:00:00+00:00,80339.8,80395.9,80001.0,80080.9,7363.536,2368.91,2374.15,2355.66,2360.26,222898.378
2026-05-04 19:00:00+00:00,80080.9,80108.0,79848.5,80018.4,4571.725,2360.26,2363.26,2352.49,2355.36,94392.884
2026-05-04 20:00:00+00:00,80018.3,80124.7,79846.5,79896.5,2597.615,2355.36,2358.52,2346.24,2348.73,59220.67
2026-05-04 21:00:00+00:00,79896.5,80349.6,79896.4,80216.9,2456.981,2348.74,2363.69,2348.57,2359.44,47724.497
2026-05-04 22:00:00+00:00,80216.9,80363.2,80003.6,80031.9,2463.022,2359.43,2364.97,2352.68,2353.34,60703.964
2026-05-04 23:00:00+00:00,80031.9,80032.0,79715.9,79826.1,3289.498,2353.33,2353.34,2343.61,2346.11,65477.433
2026-05-05 00:00:00+00:00,79826.1,80150.0,79761.2,80130.9,3195.753,2346.12,2358.0,2344.0,2357.64,65567.123
2026-05-05 01:00:00+00:00,80130.9,80343.0,80031.5,80310.9,3348.09,2357.64,2363.38,2353.75,2360.68,59185.844
2026-05-05 02:00:00+00:00,80310.9,80871.4,80255.5,80514.4,8623.726,2360.68,2376.62,2357.77,2366.59,170506.898
2026-05-05 03:00:00+00:00,80514.4,81050.0,80411.1,80836.9,8859.476,2366.59,2388.42,2363.34,2380.96,176481.763
2026-05-05 04:00:00+00:00,80836.8,80941.9,80671.4,80850.8,4460.61,2380.96,2384.5,2374.07,2379.75,105866.145
2026-05-05 05:00:00+00:00,80850.9,81278.2,80783.8,80924.1,13806.146,2379.75,2389.97,2375.93,2378.94,141260.774
2026-05-05 06:00:00+00:00,80924.2,80973.8,80750.0,80934.6,3804.971,2378.93,2380.21,2365.77,2377.77,133445.898
2026-05-05 07:00:00+00:00,80934.7,81111.0,80793.7,80815.8,4895.19,2377.77,2387.5,2374.75,2379.17,132244.726
2026-05-05 08:00:00+00:00,80815.8,80837.9,80674.7,80776.0,5268.223,2379.16,2383.25,2371.36,2375.5,88431.923
2026-05-05 09:00:00+00:00,80776.0,80776.0,80480.6,80551.0,4744.606,2375.51,2375.57,2365.14,2368.61,106395.367
2026-05-05 10:00:00+00:00,80551.0,80789.0,80488.0,80786.8,3965.855,2368.62,2378.34,2366.11,2377.17,107950.318
2026-05-05 11:00:00+00:00,80786.7,81071.0,80735.8,80973.0,7935.593,2377.16,2383.57,2371.35,2378.65,88471.274
2026-05-05 12:00:00+00:00,80973.1,81258.0,80879.5,81223.3,7294.89,2378.65,2389.44,2374.95,2387.13,138925.86
2026-05-05 13:00:00+00:00,81223.3,81656.6,81138.0,81278.3,23631.782,2387.13,2398.88,2381.64,2387.09,336019.678
2026-05-05 14:00:00+00:00,81278.3,81458.8,80890.0,81284.1,10606.334,2387.09,2391.48,2366.96,2377.28,424037.183
2026-05-05 15:00:00+00:00,81284.0,81640.7,81184.0,81488.7,7558.484,2377.28,2386.71,2374.0,2379.84,156413.901
2026-05-05 16:00:00+00:00,81488.7,81578.1,81000.0,81250.7,9912.893,2379.84,2381.98,2358.7,2364.49,268302.154
2026-05-05 17:00:00+00:00,81250.6,81420.0,81133.3,81223.6,3484.672,2364.48,2369.15,2358.16,2361.74,155366.752
2026-05-05 18:00:00+00:00,81223.6,81577.4,81223.6,81463.6,3167.069,2361.74,2373.59,2361.74,2370.88,111669.524
2026-05-05 19:00:00+00:00,81463.6,81636.4,81347.5,81554.4,3810.26,2370.88,2375.0,2368.0,2370.58,73345.08
2026-05-05 20:00:00+00:00,81554.3,81729.3,81458.0,81607.2,8236.403,2370.58,2386.36,2370.01,2381.37,182181.734
2026-05-05 21:00:00+00:00,81607.2,81745.4,81266.5,81363.3,4414.086,2381.38,2387.88,2367.5,2374.27,89581.342
2026-05-05 22:00:00+00:00,81363.4,81564.4,80752.8,81076.7,10927.281,2374.27,2381.18,2352.79,2366.19,241128.775
2026-05-05 23:00:00+00:00,81076.7,81176.9,80716.8,80861.9,4969.135,2366.2,2368.62,2353.04,2359.47,131442.121
2026-05-06 00:00:00+00:00,80861.9,81228.4,80651.2,80980.5,6787.966,2359.47,2366.99,2352.42,2362.99,112860.308
2026-05-06 01:00:00+00:00,80980.4,81490.0,80942.7,81390.4,4493.266,2362.99,2375.63,2361.14,2371.84,98294.885
2026-05-06 02:00:00+00:00,81390.4,81400.0,81000.0,81319.5,2928.988,2371.84,2372.29,2358.15,2368.15,83895.814
2026-05-06 03:00:00+00:00,81319.5,81716.3,81308.7,81535.9,5125.641,2368.15,2379.88,2366.31,2375.32,98538.226
2026-05-06 04:00:00+00:00,81535.9,81599.0,81223.6,81285.1,3240.989,2375.33,2378.11,2359.19,2364.56,114928.701
2026-05-06 05:00:00+00:00,81285.0,81307.3,81005.6,81277.8,3446.87,2364.56,2365.66,2352.5,2363.69,153358.172
2026-05-06 06:00:00+00:00,81277.9,81474.9,81154.6,81431.7,2787.037,2363.69,2370.26,2359.41,2369.31,72397.521
2026-05-06 07:00:00+00:00,81431.7,81571.4,81269.5,81333.3,3593.762,2369.31,2374.0,2367.31,2370.54,83593.805
2026-05-06 08:00:00+00:00,81333.4,81945.0,81280.0,81903.6,11607.808,2370.54,2395.99,2368.06,2393.55,269252.616
2026-05-06 09:00:00+00:00,81903.7,82019.2,81618.7,81959.3,12700.462,2393.54,2417.9,2383.28,2411.55,739244.75
2026-05-06 10:00:00+00:00,81959.2,82360.9,81929.9,82242.1,13253.165,2411.56,2413.01,2404.44,2408.55,308883.379
2026-05-06 11:00:00+00:00,82242.0,82828.7,82211.3,82485.4,15315.668,2408.56,2422.52,2405.22,2408.99,370521.272
2026-05-06 12:00:00+00:00,82485.3,82508.7,82120.0,82188.0,9116.091,2408.99,2412.55,2397.22,2404.01,238975.987
2026-05-06 13:00:00+00:00,82187.9,82187.9,81539.4,81621.1,14320.789,2404.01,2404.01,2363.56,2367.36,643100.191
2026-05-06 14:00:00+00:00,81621.4,81934.6,81073.1,81471.6,16993.761,2367.36,2371.84,2343.27,2358.19,654460.773
2026-05-06 15:00:00+00:00,81471.6,81780.0,81257.1,81656.4,6583.026,2358.19,2365.0,2353.0,2357.72,198435.434
2026-05-06 16:00:00+00:00,81656.4,81855.0,81372.6,81575.3,5659.811,2357.71,2368.58,2349.23,2356.7,231284.706
2026-05-06 17:00:00+00:00,81575.4,81667.3,81335.0,81401.5,3115.004,2356.71,2359.82,2346.05,2348.35,161698.955
2026-05-06 18:00:00+00:00,81401.6,81520.9,81213.2,81300.0,3202.617,2348.36,2351.59,2335.17,2343.84,250921.915
2026-05-06 19:00:00+00:00,81300.0,81470.4,81137.8,81416.5,2722.756,2343.83,2348.72,2341.0,2347.14,76737.403
2026-05-06 20:00:00+00:00,81416.5,81655.0,81251.7,81378.5,3420.381,2347.15,2356.0,2343.66,2349.67,123914.117
2026-05-06 21:00:00+00:00,81378.6,81579.0,81250.0,81494.6,1471.516,2349.67,2356.03,2344.3,2353.08,60651.473
2026-05-06 22:00:00+00:00,81494.7,81502.7,81192.3,81295.8,1996.033,2353.07,2353.94,2343.5,2346.0,65067.899
2026-05-06 23:00:00+00:00,81295.8,81404.0,80929.8,81390.1,4317.101,2346.01,2350.34,2337.0,2349.7,119767.79
2026-05-07 00:00:00+00:00,81390.0,81450.5,80925.6,80966.9,4684.83,2349.69,2351.29,2327.25,2327.89,213677.641
2026-05-07 01:00:00+00:00,80967.0,81245.9,80767.1,81121.2,6285.66,2327.88,2333.5,2311.48,2325.48,295576.594
2026-05-07 02:00:00+00:00,81121.2,81134.1,80836.0,81076.8,4769.925,2325.49,2325.95,2311.86,2320.49,225779.879
2026-05-07 03:00:00+00:00,81076.7,81076.7,80780.0,80797.3,2629.383,2320.49,2324.54,2313.66,2320.86,89730.256
2026-05-07 04:00:00+00:00,80797.4,80961.8,80675.8,80939.9,4053.29,2320.86,2326.64,2316.0,2326.32,87462.252
2026-05-07 05:00:00+00:00,80939.9,81145.7,80930.0,81047.4,2984.082,2326.31,2332.81,2325.81,2330.19,85434.537
2026-05-07 06:00:00+00:00,81047.4,81400.0,80842.4,81395.3,5453.313,2330.2,2337.34,2318.22,2335.92,179983.592
2026-05-07 07:00:00+00:00,81395.3,81680.6,81350.0,81480.1,7065.961,2335.93,2345.83,2335.2,2343.33,173042.655
2026-05-07 08:00:00+00:00,81480.0,81564.6,81161.6,81195.9,4516.181,2343.32,2345.6,2330.51,2332.75,146396.893
2026-05-07 09:00:00+00:00,81196.0,81196.0,80803.0,80888.9,5990.831,2332.75,2336.29,2325.83,2327.86,123859.859
2026-05-07 10:00:00+00:00,80888.8,80970.7,80521.8,80800.0,6040.833,2327.87,2330.7,2316.11,2325.68,149995.685
2026-05-07 11:00:00+00:00,80800.1,81028.7,80738.0,80827.9,3470.722,2325.68,2330.85,2324.36,2329.02,73902.192
2026-05-07 12:00:00+00:00,80827.9,81158.7,80800.0,81118.5,3425.996,2329.01,2335.88,2328.0,2331.95,118152.5
2026-05-07 13:00:00+00:00,81118.4,81123.9,80187.9,80457.5,11703.803,2331.94,2331.95,2303.0,2313.27,355802.44
2026-05-07 14:00:00+00:00,80457.6,80656.2,80000.1,80130.1,12818.532,2313.27,2317.82,2287.0,2297.87,603127.265
2026-05-07 15:00:00+00:00,80130.2,80242.3,79605.0,79861.6,13029.125,2297.86,2303.8,2284.06,2293.46,258239.138
2026-05-07 16:00:00+00:00,79861.5,79991.7,79667.4,79763.3,6606.246,2293.47,2297.43,2284.31,2290.87,166723.905
2026-05-07 17:00:00+00:00,79763.3,80094.7,79461.5,80053.3,7873.508,2290.87,2300.33,2278.0,2298.56,205491.03
2026-05-07 18:00:00+00:00,80053.3,80235.0,79952.7,80160.1,5178.866,2298.56,2303.2,2289.0,2294.69,150407.816
2026-05-07 19:00:00+00:00,80160.1,80175.6,79885.9,80103.1,3311.416,2294.69,2295.92,2286.67,2294.93,123174.114
2026-05-07 20:00:00+00:00,80103.1,80331.6,79809.3,79838.2,3633.55,2294.94,2301.55,2286.6,2288.11,153939.681
2026-05-07 21:00:00+00:00,79838.3,79888.0,79576.3,79683.7,3777.471,2288.11,2293.55,2280.11,2286.67,102419.935
2026-05-07 22:00:00+00:00,79683.7,79946.3,79531.1,79872.1,3732.548,2286.67,2289.29,2278.74,2285.94,208753.39
2026-05-07 23:00:00+00:00,79872.1,80026.4,79820.0,79969.4,1691.58,2285.95,2292.34,2285.01,2289.91,41608.733
2026-05-08 00:00:00+00:00,79969.5,80106.3,79671.0,79796.1,3436.384,2289.92,2293.28,2282.28,2285.98,65952.384
2026-05-08 01:00:00+00:00,79796.2,79871.0,79566.0,79699.9,2388.101,2285.98,2288.28,2278.64,2284.0,78855.539
2026-05-08 02:00:00+00:00,79700.0,79715.2,79288.0,79449.7,6526.98,2284.0,2284.6,2266.01,2278.03,224714.482
2026-05-08 03:00:00+00:00,79449.7,79634.6,79137.4,79540.0,5128.074,2278.03,2280.64,2263.43,2277.71,187104.919
2026-05-08 04:00:00+00:00,79539.9,79723.3,79506.4,79619.0,2337.291,2277.71,2283.6,2275.03,2280.5,62068.004
2026-05-08 05:00:00+00:00,79618.9,79743.8,79557.0,79560.2,1893.804,2280.5,2282.99,2275.05,2275.06,51245.218
2026-05-08 06:00:00+00:00,79560.2,79616.0,79370.0,79484.1,2652.384,2275.05,2277.54,2267.21,2274.29,125370.976
2026-05-08 07:00:00+00:00,79484.1,79690.0,79208.0,79635.0,5630.974,2274.3,2281.2,2266.0,2279.88,126843.059
2026-05-08 08:00:00+00:00,79635.0,79951.5,79626.0,79849.3,4927.268,2279.88,2288.84,2278.45,2282.41,107183.41
2026-05-08 09:00:00+00:00,79849.2,80044.6,79743.3,79826.3,4308.926,2282.42,2291.18,2279.09,2283.13,149016.011
2026-05-08 10:00:00+00:00,79826.2,80252.9,79729.5,80162.3,5670.134,2283.14,2289.83,2279.81,2286.68,97574.711
2026-05-08 11:00:00+00:00,80162.3,80287.0,80080.3,80181.9,4339.445,2286.68,2297.14,2286.68,2293.85,130692.573
2026-05-08 12:00:00+00:00,80181.8,80478.0,79922.0,79987.6,6909.317,2293.85,2301.85,2281.23,2283.62,195750.768
2026-05-08 13:00:00+00:00,79987.7,80053.9,79507.6,79612.4,10296.964,2283.62,2286.05,2268.32,2275.27,230272.492
2026-05-08 14:00:00+00:00,79612.3,80424.4,79612.3,80114.4,10748.764,2275.26,2291.66,2272.0,2284.72,199371.02
2026-05-08 15:00:00+00:00,80114.3,80173.2,79585.0,80119.1,7570.867,2284.72,2293.69,2273.7,2292.39,174300.46
2026-05-08 16:00:00+00:00,80119.1,80164.6,79706.0,79768.7,4154.568,2292.4,2293.48,2285.17,2288.89,108661.114
2026-05-08 17:00:00+00:00,79768.7,80230.0,79692.4,80030.5,5374.958,2288.88,2314.76,2288.31,2303.8,311683.566
2026-05-08 18:00:00+00:00,80030.4,80266.6,80024.1,80044.4,3460.621,2303.8,2320.66,2303.79,2312.62,244583.43
2026-05-08 19:00:00+00:00,80044.4,80152.1,79903.8,80147.7,2214.693,2312.62,2319.59,2311.24,2315.2,107581.703
2026-05-08 20:00:00+00:00,80147.9,80260.9,80044.7,80104.0,1607.586,2315.21,2315.84,2304.45,2306.0,90997.886
2026-05-08 21:00:00+00:00,80104.0,80225.0,80072.9,80222.1,1014.531,2306.0,2314.0,2303.2,2313.49,62002.58
2026-05-08 22:00:00+00:00,80222.2,80376.0,80187.4,80234.1,2472.108,2313.48,2318.3,2309.66,2309.93,70927.983
2026-05-08 23:00:00+00:00,80234.2,80254.5,80063.8,80155.2,1698.171,2309.93,2310.13,2302.3,2306.17,58916.719
2026-05-09 00:00:00+00:00,80155.2,80200.0,80080.0,80193.3,1134.298,2306.17,2311.41,2303.38,2307.68,54769.553
2026-05-09 01:00:00+00:00,80193.3,80405.0,80177.4,80280.0,2050.67,2307.68,2317.28,2307.42,2313.27,58434.082
2026-05-09 02:00:00+00:00,80280.1,80448.2,80280.0,80379.2,1892.314,2313.28,2319.7,2312.81,2316.0,53226.352
2026-05-09 03:00:00+00:00,80379.2,80542.0,80261.2,80340.6,2345.466,2316.0,2319.72,2311.72,2314.24,72522.75
2026-05-09 04:00:00+00:00,80340.7,80641.8,80325.7,80345.0,3766.222,2314.24,2324.51,2310.24,2311.59,114313.499
2026-05-09 05:00:00+00:00,80345.0,80445.0,80303.1,80331.4,1474.842,2311.58,2317.55,2309.9,2313.7,40929.844
2026-05-09 06:00:00+00:00,80331.4,80393.4,80154.5,80214.9,3218.227,2313.69,2318.0,2311.53,2313.34,56257.252
2026-05-09 07:00:00+00:00,80215.0,80268.4,80084.3,80181.7,2522.361,2313.33,2317.52,2310.0,2313.51,51772.176
2026-05-09 08:00:00+00:00,80181.6,80422.3,80171.6,80378.1,2869.702,2313.5,2319.38,2313.2,2316.16,60052.178
2026-05-09 09:00:00+00:00,80378.0,80383.0,80166.1,80199.9,1828.419,2316.17,2316.53,2310.08,2312.21,54205.986
2026-05-09 10:00:00+00:00,80199.9,80317.6,80124.8,80232.7,1662.459,2312.2,2314.45,2309.14,2311.71,36445.908
2026-05-09 11:00:00+00:00,80232.8,80349.9,80220.0,80310.4,997.632,2311.71,2315.0,2311.25,2313.68,30299.508
2026-05-09 12:00:00+00:00,80310.4,80388.0,80235.3,80367.2,1275.419,2313.69,2317.5,2312.39,2315.62,30263.669
2026-05-09 13:00:00+00:00,80367.2,80382.0,80274.7,80359.4,978.258,2315.62,2315.71,2310.8,2313.53,33321.225
2026-05-09 14:00:00+00:00,80359.4,80395.0,80200.2,80292.4,2838.423,2313.52,2314.43,2303.67,2307.09,129929.982
2026-05-09 15:00:00+00:00,80292.3,80566.0,80190.0,80488.3,4497.106,2307.09,2316.94,2296.66,2316.52,251307.52
2026-05-09 16:00:00+00:00,80488.3,80796.9,80440.0,80576.1,4825.568,2316.52,2324.32,2314.06,2318.95,240079.294
2026-05-09 17:00:00+00:00,80576.1,80891.0,80576.1,80766.0,4922.273,2318.94,2332.95,2318.94,2328.74,253092.72
2026-05-09 18:00:00+00:00,80765.8,81043.2,80744.3,80865.1,4483.974,2328.73,2337.79,2327.63,2329.23,90808.712
2026-05-09 19:00:00+00:00,80865.1,80928.3,80733.3,80896.9,1733.971,2329.23,2332.95,2325.56,2331.13,54439.288
2026-05-09 20:00:00+00:00,80897.1,80900.0,80688.0,80764.6,1305.423,2331.14,2332.0,2326.29,2328.31,30160.266
2026-05-09 21:00:00+00:00,80764.6,80856.9,80700.0,80735.8,849.114,2328.31,2331.06,2327.76,2329.93,27876.594
2026-05-09 22:00:00+00:00,80735.9,80788.0,80632.2,80731.0,1247.104,2329.93,2332.61,2326.26,2328.9,29143.631
2026-05-09 23:00:00+00:00,80730.9,80817.0,80569.0,80634.0,1238.089,2328.89,2331.0,2323.47,2325.22,37517.418
2026-05-10 00:00:00+00:00,80634.0,80739.9,80588.1,80634.9,2017.527,2325.23,2329.18,2319.36,2323.04,52114.69
2026-05-10 01:00:00+00:00,80635.0,80660.2,80533.7,80654.0,1816.55,2323.04,2324.37,2317.02,2322.79,52953.498
2026-05-10 02:00:00+00:00,80653.9,80760.8,80576.0,80748.6,1153.086,2322.78,2327.35,2319.12,2326.99,38068.966
2026-05-10 03:00:00+00:00,80748.9,80859.9,80667.0,80735.1,1252.522,2326.99,2333.95,2322.67,2326.79,56769.613
2026-05-10 04:00:00+00:00,80735.2,80809.4,80688.5,80717.8,751.361,2326.79,2330.0,2325.1,2327.29,31830.386
2026-05-10 05:00:00+00:00,80717.7,80778.4,80631.0,80660.8,950.52,2327.29,2329.43,2325.5,2326.23,22101.907
2026-05-10 06:00:00+00:00,80660.9,80725.0,80619.6,80700.0,1259.232,2326.22,2329.84,2325.8,2328.32,31555.463
2026-05-10 07:00:00+00:00,80700.0,80766.0,80680.1,80695.9,957.256,2328.33,2331.12,2326.3,2326.31,22151.389
2026-05-10 08:00:00+00:00,80695.9,80873.6,80671.0,80797.1,1549.874,2326.3,2331.0,2325.29,2329.22,32679.143
2026-05-10 09:00:00+00:00,80797.1,80880.0,80713.0,80766.9,927.115,2329.23,2333.1,2325.82,2327.2,49227.252
2026-05-10 10:00:00+00:00,80766.8,80857.9,80641.5,80836.5,2767.29,2327.2,2327.84,2322.14,2324.47,54118.053
2026-05-10 11:00:00+00:00,80836.5,80939.5,80711.8,80782.1,1929.416,2324.47,2326.74,2317.68,2321.5,73737.427
2026-05-10 12:00:00+00:00,80782.1,80918.0,80743.2,80891.1,1263.623,2321.51,2324.37,2319.7,2322.94,43532.615
2026-05-10 13:00:00+00:00,80891.0,80970.0,80825.0,80932.2,1459.079,2322.94,2331.07,2322.21,2328.79,76085.051
2026-05-10 14:00:00+00:00,80932.3,80980.0,80771.0,80944.2,2282.117,2328.79,2334.87,2325.79,2330.0,78537.318
2026-05-10 15:00:00+00:00,80944.3,81423.2,80893.0,81381.4,10734.822,2330.0,2352.0,2329.99,2346.78,260076.674
2026-05-10 16:00:00+00:00,81381.5,81475.0,81151.0,81338.7,6334.735,2346.79,2350.46,2338.9,2348.94,201592.291
2026-05-10 17:00:00+00:00,81338.8,81587.9,81179.8,81441.5,4353.713,2348.94,2367.66,2344.13,2363.42,427616.532
2026-05-10 18:00:00+00:00,81441.4,81472.7,81194.8,81235.1,2318.995,2363.42,2366.11,2355.69,2357.41,145063.744
2026-05-10 19:00:00+00:00,81235.2,81467.2,81105.6,81398.0,2373.468,2357.4,2366.13,2350.05,2364.58,110271.832
2026-05-10 20:00:00+00:00,81398.0,81432.2,80225.1,80691.2,12943.246,2364.59,2369.46,2310.01,2327.17,513541.215
2026-05-10 21:00:00+00:00,80691.1,80911.0,80528.9,80674.0,5670.107,2327.17,2335.36,2322.73,2329.63,199182.384
2026-05-10 22:00:00+00:00,80674.0,82138.9,80614.0,82013.3,17281.489,2329.63,2377.0,2326.57,2372.96,542972.987
2026-05-10 23:00:00+00:00,82013.2,82460.5,82009.4,82177.7,10603.66,2372.97,2381.88,2366.5,2370.21,231576.073
2026-05-11 00:00:00+00:00,82177.7,82350.0,81230.0,81430.3,12936.41,2370.21,2373.91,2343.37,2351.43,356993.529
2026-05-11 01:00:00+00:00,81430.5,81724.5,81242.9,81463.2,4976.807,2351.44,2364.84,2344.21,2357.69,130639.321
2026-05-11 02:00:00+00:00,81463.2,81527.2,81067.2,81136.6,4701.696,2357.7,2360.0,2341.3,2344.39,111544.364
2026-05-11 03:00:00+00:00,81136.6,81152.3,80470.1,80693.4,11522.22,2344.4,2344.41,2318.39,2329.23,328199.095
2026-05-11 04:00:00+00:00,80693.4,80848.0,80597.8,80782.3,3122.216,2329.24,2334.97,2325.34,2331.79,97388.471
2026-05-11 05:00:00+00:00,80782.2,80948.4,80708.1,80799.9,2892.382,2331.78,2339.4,2330.86,2334.01,64932.083
2026-05-11 06:00:00+00:00,80799.9,81033.3,80713.8,80790.7,2579.719,2334.0,2343.0,2328.89,2332.54,93756.787
2026-05-11 07:00:00+00:00,80790.8,80803.4,80614.9,80708.9,2667.858,2332.54,2332.55,2327.06,2329.53,54687.534
2026-05-11 08:00:00+00:00,80708.8,80829.9,80580.0,80723.7,2639.153,2329.53,2333.75,2325.47,2329.42,73732.461
2026-05-11 09:00:00+00:00,80723.6,80965.4,80716.6,80923.3,1865.061,2329.41,2337.74,2329.2,2335.01,49792.161
2026-05-11 10:00:00+00:00,80923.3,81162.4,80889.9,80900.8,3424.195,2335.0,2339.0,2328.48,2328.78,59521.921
2026-05-11 11:00:00+00:00,80900.8,81172.6,80860.0,81167.1,2745.014,2328.78,2334.91,2326.29,2334.72,46787.474
2026-05-11 12:00:00+00:00,81167.1,81320.0,80983.5,81013.5,5130.927,2334.72,2338.29,2327.37,2328.52,99279.443
2026-05-11 13:00:00+00:00,81013.5,81299.7,80716.0,81032.9,7340.647,2328.51,2331.94,2313.28,2321.01,254828.259
2026-05-11 14:00:00+00:00,81032.8,81221.0,80394.0,80917.5,10192.16,2321.01,2327.84,2302.51,2315.21,344759.692
2026-05-11 15:00:00+00:00,80917.4,81434.8,80796.4,81403.4,6794.771,2315.2,2334.78,2312.21,2332.39,207231.299
2026-05-11 16:00:00+00:00,81403.4,81880.0,81297.5,81526.8,10551.693,2332.4,2341.09,2326.0,2328.56,219492.129
2026-05-11 17:00:00+00:00,81526.9,82033.8,81322.3,81894.0,6762.573,2328.56,2343.31,2322.33,2335.48,127259.618
2026-05-11 18:00:00+00:00,81894.1,82098.9,81784.3,81819.2,5085.299,2335.48,2343.31,2333.2,2334.25,111263.263
2026-05-11 19:00:00+00:00,81819.3,82055.0,81691.7,81917.1,5030.178,2334.25,2343.0,2330.65,2339.38,60557.107
2026-05-11 20:00:00+00:00,81917.8,82051.1,81707.6,81778.5,2841.064,2339.39,2344.59,2334.88,2336.99,55698.61
2026-05-11 21:00:00+00:00,81778.5,81885.5,81555.0,81784.6,2099.166,2337.0,2341.55,2335.12,2339.65,41443.872
2026-05-11 22:00:00+00:00,81784.6,81937.3,81689.0,81788.4,2227.72,2339.65,2344.88,2335.33,2340.24,58531.951
2026-05-11 23:00:00+00:00,81788.4,81788.4,81521.5,81699.1,1861.492,2340.24,2341.21,2333.86,2338.61,38093.281
2026-05-12 00:00:00+00:00,81699.1,81757.3,81429.9,81508.7,3316.101,2338.62,2339.8,2330.75,2332.54,71027.648
2026-05-12 01:00:00+00:00,81508.7,81581.5,80661.2,81148.4,11795.954,2332.54,2334.58,2292.94,2310.15,393219.071
2026-05-12 02:00:00+00:00,81148.4,81298.9,81030.1,81223.5,3004.215,2310.15,2316.0,2305.69,2314.49,87329.683
2026-05-12 03:00:00+00:00,81223.5,81255.2,80988.9,81028.3,2840.74,2314.5,2316.17,2305.58,2308.26,66596.561
2026-05-12 04:00:00+00:00,81028.3,81270.2,80964.4,81194.9,3436.103,2308.26,2313.48,2304.36,2309.76,65665.151
2026-05-12 05:00:00+00:00,81194.9,81270.2,81140.4,81186.8,1928.061,2309.77,2312.93,2308.54,2309.01,37186.133
2026-05-12 06:00:00+00:00,81186.8,81269.5,80979.8,80989.9,2977.394,2309.0,2312.79,2301.02,2302.74,103461.741
2026-05-12 07:00:00+00:00,80989.9,81101.9,80756.0,80809.2,6380.894,2302.74,2303.86,2290.0,2294.01,197777.336
2026-05-12 08:00:00+00:00,80809.2,80930.7,80719.3,80797.5,3827.0,2294.01,2295.5,2278.41,2287.0,263246.558
2026-05-12 09:00:00+00:00,80797.5,80925.0,80670.0,80799.1,4292.249,2286.99,2294.59,2280.02,2291.7,170768.129
2026-05-12 10:00:00+00:00,80799.1,80806.5,80560.0,80634.0,3443.489,2291.7,2292.87,2280.0,2285.37,102051.85
2026-05-12 11:00:00+00:00,80634.0,80754.6,80444.0,80742.7,4833.637,2285.38,2286.43,2276.31,2285.91,116518.402
2026-05-12 12:00:00+00:00,80742.7,80968.6,80577.8,80846.3,7670.628,2285.91,2294.09,2280.01,2287.87,179733.223
2026-05-12 13:00:00+00:00,80846.4,80897.3,80360.9,80433.6,8491.521,2287.87,2291.38,2267.69,2271.09,266108.774
2026-05-12 14:00:00+00:00,80433.6,80859.9,80360.0,80511.0,9825.647,2271.09,2280.98,2261.0,2267.82,313345.871
2026-05-12 15:00:00+00:00,80511.0,80639.8,80143.0,80301.6,10196.046,2267.82,2273.57,2255.22,2260.9,261668.704
2026-05-12 16:00:00+00:00,80301.6,80400.0,79801.0,79967.1,11633.264,2260.91,2270.78,2255.15,2263.19,182921.877
2026-05-12 17:00:00+00:00,79967.1,80588.3,79907.6,80492.9,7443.427,2263.19,2276.97,2263.19,2275.7,122008.29
2026-05-12 18:00:00+00:00,80493.0,80733.3,80385.9,80641.2,3966.691,2275.69,2284.0,2273.58,2278.27,108062.686
2026-05-12 19:00:00+00:00,80641.3,80836.5,80639.0,80799.5,2563.775,2278.26,2286.64,2277.96,2284.11,84475.922
2026-05-12 20:00:00+00:00,80799.6,80848.6,80601.0,80656.8,1861.8,2284.12,2286.27,2279.8,2283.75,47933.938
2026-05-12 21:00:00+00:00,80656.9,80700.0,80454.3,80550.0,1798.247,2283.76,2286.45,2281.54,2284.28,32078.035
2026-05-12 22:00:00+00:00,80549.9,80763.0,80549.9,80613.4,1516.763,2284.28,2291.16,2281.0,2281.18,64920.521
2026-05-12 23:00:00+00:00,80613.5,80679.3,80393.9,80461.0,2270.31,2281.18,2283.0,2272.59,2273.62,82737.632
2026-05-13 00:00:00+00:00,80461.0,80735.1,80364.5,80673.4,2549.773,2273.61,2286.13,2271.6,2280.52,89471.809
2026-05-13 01:00:00+00:00,80673.4,81168.4,80635.1,80960.1,5772.717,2280.51,2294.44,2279.86,2288.81,134810.13
2026-05-13 02:00:00+00:00,80960.1,81239.1,80882.7,81018.1,3027.334,2288.8,2299.84,2286.0,2292.85,99444.627
2026-05-13 03:00:00+00:00,81018.1,81268.0,80941.9,81217.1,2831.866,2292.84,2302.8,2291.04,2300.48,83871.929
2026-05-13 04:00:00+00:00,81217.0,81253.5,81078.0,81199.9,2398.252,2300.47,2308.76,2297.3,2305.9,108990.965
2026-05-13 05:00:00+00:00,81200.0,81203.4,80958.1,80985.5,2698.326,2305.9,2306.66,2294.34,2296.6,93087.303
2026-05-13 06:00:00+00:00,80985.6,81126.0,80929.0,80945.6,2231.558,2296.6,2304.3,2296.37,2300.89,47504.429
2026-05-13 07:00:00+00:00,80945.6,81015.7,80847.0,80981.9,2309.579,2300.89,2301.99,2295.65,2300.12,44280.528
2026-05-13 08:00:00+00:00,80981.9,81166.7,80903.8,81161.0,2553.111,2300.12,2316.49,2299.52,2315.57,157493.689
2026-05-13 09:00:00+00:00,81160.9,81270.2,81094.0,81255.5,4233.662,2315.58,2322.68,2313.2,2320.19,182088.082
2026-05-13 10:00:00+00:00,81255.4,81266.6,80763.8,80766.2,4637.605,2320.2,2320.71,2304.15,2307.41,139774.181
2026-05-13 11:00:00+00:00,80766.2,80809.7,80444.0,80460.1,6288.426,2307.41,2307.96,2298.0,2300.74,130923.749
2026-05-13 12:00:00+00:00,80460.0,80558.0,79801.1,80160.1,15655.334,2300.74,2306.91,2268.85,2283.08,445202.8
2026-05-13 13:00:00+00:00,80160.0,80316.6,79540.0,79617.9,13369.333,2283.08,2287.54,2257.47,2261.13,443515.616
2026-05-13 14:00:00+00:00,79617.8,79868.0,79431.7,79727.3,9456.011,2261.14,2269.8,2248.0,2266.43,351836.442
2026-05-13 15:00:00+00:00,79727.3,79832.4,78753.1,78794.7,19297.477,2266.43,2269.3,2233.0,2235.38,364909.073
2026-05-13 16:00:00+00:00,78794.7,79199.1,78713.8,79069.5,13331.653,2235.39,2252.77,2233.86,2249.84,249854.822
2026-05-13 17:00:00+00:00,79069.5,79541.2,79043.2,79470.1,6341.514,2249.85,2261.06,2249.85,2257.24,121797.402
2026-05-13 18:00:00+00:00,79470.1,79776.2,79470.1,79554.9,5474.637,2257.24,2267.98,2257.24,2258.3,93262.572
2026-05-13 19:00:00+00:00,79554.9,79610.1,79353.9,79604.8,3983.766,2258.3,2259.77,2249.25,2255.6,64109.11
2026-05-13 20:00:00+00:00,79604.8,79729.1,79575.9,79671.4,2261.986,2255.61,2263.5,2255.49,2262.71,42902.207
2026-05-13 21:00:00+00:00,79671.4,79675.0,79279.6,79363.2,3106.53,2262.71,2263.0,2252.38,2254.9,43913.825
2026-05-13 22:00:00+00:00,79363.1,79442.1,79188.0,79395.1,3208.323,2254.9,2259.75,2249.63,2258.24,45952.828
2026-05-13 23:00:00+00:00,79395.1,79464.2,79191.0,79288.3,2681.872,2258.23,2260.79,2253.51,2257.54,49739.577
2026-05-14 00:00:00+00:00,79288.2,79656.7,79272.9,79540.0,3463.788,2257.53,2268.75,2256.77,2265.27,71367.399
2026-05-14 01:00:00+00:00,79540.1,79659.9,79370.1,79565.9,2787.076,2265.27,2268.4,2258.54,2264.01,56902.198
2026-05-14 02:00:00+00:00,79565.8,79648.0,79171.1,79329.0,4764.253,2264.0,2265.87,2246.19,2250.51,139904.067
2026-05-14 03:00:00+00:00,79328.9,79427.8,78869.4,79005.3,7656.568,2250.51,2254.18,2237.05,2241.03,197467.904
2026-05-14 04:00:00+00:00,79005.4,79440.0,78934.8,79403.7,3677.318,2241.03,2257.61,2238.17,2255.61,84960.693
2026-05-14 05:00:00+00:00,79403.6,79962.5,79333.3,79771.5,7732.266,2255.6,2272.92,2254.33,2267.23,163768.532
2026-05-14 06:00:00+00:00,79771.6,79909.9,79723.5,79769.7,3623.461,2267.23,2274.52,2265.48,2266.66,177594.784
2026-05-14 07:00:00+00:00,79769.7,79900.0,79659.8,79699.9,3718.552,2266.66,2269.99,2262.7,2264.23,68404.767
2026-05-14 08:00:00+00:00,79700.0,79900.0,79592.2,79776.8,3773.214,2264.23,2269.99,2260.57,2265.17,69387.91
2026-05-14 09:00:00+00:00,79776.8,79872.0,79530.0,79594.9,2754.342,2265.17,2266.78,2251.25,2256.65,136659.996
2026-05-14 10:00:00+00:00,79594.8,79727.9,79369.0,79530.0,3250.538,2256.66,2264.42,2254.41,2261.2,105659.047
2026-05-14 11:00:00+00:00,79529.9,79571.7,79188.0,79216.6,3799.256,2261.2,2263.27,2251.47,2252.81,93515.27
2026-05-14 12:00:00+00:00,79216.7,79729.2,79196.4,79719.4,5129.31,2252.8,2262.44,2246.84,2260.48,165659.638
2026-05-14 13:00:00+00:00,79719.4,80042.0,79624.0,79660.9,12588.827,2260.48,2264.39,2246.49,2248.01,229024.815
2026-05-14 14:00:00+00:00,79660.9,81000.0,79514.5,80929.5,23977.504,2248.01,2288.04,2245.01,2285.99,458404.915
2026-05-14 15:00:00+00:00,80929.6,81270.2,80743.5,81245.5,18477.567,2285.99,2298.95,2279.34,2297.36,420191.007
2026-05-14 16:00:00+00:00,81245.6,81877.9,81020.5,81839.3,22939.351,2297.37,2317.81,2292.52,2315.14,492504.822
2026-05-14 17:00:00+00:00,81839.2,81999.0,81211.6,81620.0,18599.469,2315.13,2318.6,2295.0,2307.28,362224.262
2026-05-14 18:00:00+00:00,81620.0,81912.0,81386.0,81529.9,7752.742,2307.27,2316.11,2301.78,2308.49,175114.985
2026-05-14 19:00:00+00:00,81530.0,81677.9,81257.3,81373.7,5264.72,2308.49,2311.38,2296.13,2297.42,143280.941
2026-05-14 20:00:00+00:00,81373.8,81540.0,81114.8,81371.9,3424.525,2297.43,2300.49,2287.01,2297.22,136158.981
2026-05-14 21:00:00+00:00,81372.0,81490.1,81222.0,81352.0,1750.907,2297.22,2299.22,2288.55,2295.97,67269.299
2026-05-14 22:00:00+00:00,81352.0,81530.0,81286.5,81418.9,1770.961,2295.97,2300.59,2294.0,2296.87,39345.748
2026-05-14 23:00:00+00:00,81418.8,81418.9,81007.9,81048.9,3207.11,2296.87,2296.87,2278.87,2282.06,127711.29
2026-05-15 00:00:00+00:00,81048.8,81623.8,81018.8,81468.7,5036.89,2282.06,2299.36,2280.41,2290.07,156579.735
2026-05-15 01:00:00+00:00,81468.7,81570.1,81066.0,81092.1,3464.623,2290.07,2293.72,2273.43,2274.64,158620.781
2026-05-15 02:00:00+00:00,81092.1,81328.9,80706.9,81262.0,8962.24,2274.65,2278.59,2259.56,2275.7,294570.77
2026-05-15 03:00:00+00:00,81262.0,81305.7,80886.7,81022.7,4189.866,2275.69,2278.68,2266.94,2272.36,87014.778
2026-05-15 04:00:00+00:00,81022.7,81073.2,80650.4,80682.2,3302.164,2272.36,2273.7,2261.42,2262.03,76272.659
2026-05-15 05:00:00+00:00,80682.1,80846.0,80266.8,80320.1,11578.932,2262.04,2266.05,2236.25,2243.97,429095.897
2026-05-15 06:00:00+00:00,80320.0,80597.0,80266.9,80541.8,5427.57,2243.97,2255.68,2242.35,2253.96,132389.725
2026-05-15 07:00:00+00:00,80541.9,80971.3,80519.1,80782.8,6574.767,2253.96,2270.64,2252.19,2263.9,200121.69
2026-05-15 08:00:00+00:00,80782.9,80793.0,80368.9,80606.3,4188.012,2263.9,2264.21,2248.42,2256.35,126040.056
2026-05-15 09:00:00+00:00,80606.2,80638.0,80323.0,80449.8,3441.505,2256.35,2259.0,2249.31,2253.49,74979.402
2026-05-15 10:00:00+00:00,80449.9,80730.0,80364.6,80670.1,4295.626,2253.48,2263.6,2250.95,2261.31,106019.52
2026-05-15 11:00:00+00:00,80670.2,80716.9,80545.0,80582.1,2072.82,2261.31,2262.9,2256.19,2256.32,57932.933
2026-05-15 12:00:00+00:00,80582.0,80596.7,80280.0,80349.9,6901.952,2256.33,2259.67,2249.91,2253.06,105978.861
2026-05-15 13:00:00+00:00,80349.8,80349.8,78638.8,78727.8,37417.044,2253.07,2253.07,2208.96,2212.67,759070.003
2026-05-15 14:00:00+00:00,78727.8,79325.3,78610.0,79120.6,18928.541,2212.67,2223.11,2203.55,2212.34,497025.738
2026-05-15 15:00:00+00:00,79120.6,79337.9,78980.3,79118.0,6193.98,2212.34,2223.23,2208.8,2221.91,164474.435
2026-05-15 16:00:00+00:00,79118.1,79363.7,79098.7,79264.7,3964.471,2221.92,2230.57,2217.55,2223.69,168060.496
2026-05-15 17:00:00+00:00,79264.7,79475.8,79188.8,79432.1,3785.646,2223.68,2232.0,2223.01,2228.41,91907.373
2026-05-15 18:00:00+00:00,79432.2,79532.1,79135.4,79241.2,3660.491,2228.4,2231.8,2223.42,2226.9,68950.011
2026-05-15 19:00:00+00:00,79241.1,79257.9,79012.5,79104.2,3297.179,2226.9,2227.66,2221.21,2222.31,59490.745
2026-05-15 20:00:00+00:00,79104.3,79185.0,78955.0,79081.1,2297.386,2222.3,2225.12,2215.71,2218.97,102470.021
2026-05-15 21:00:00+00:00,79081.0,79168.0,78861.6,78931.3,2254.988,2218.96,2224.14,2213.09,2216.09,47436.263
2026-05-15 22:00:00+00:00,78931.4,79113.7,78931.3,79070.1,1362.084,2216.09,2223.7,2215.89,2223.01,31432.653
2026-05-15 23:00:00+00:00,79070.0,79135.3,79035.1,79074.0,1224.728,2223.01,2225.31,2221.71,2223.66,26730.459
2026-05-16 00:00:00+00:00,79074.0,79199.7,79031.7,79075.6,1866.35,2223.65,2230.79,2222.76,2226.14,65440.385
2026-05-16 01:00:00+00:00,79075.6,79155.9,78970.4,79128.5,1948.608,2226.13,2229.99,2222.37,2228.63,54978.013
2026-05-16 02:00:00+00:00,79128.4,79178.0,79040.7,79113.9,1461.703,2228.63,2230.56,2225.87,2228.84,32599.458
2026-05-16 03:00:00+00:00,79113.9,79153.7,79017.6,79041.7,1343.056,2228.84,2229.63,2225.67,2226.63,28637.17
2026-05-16 04:00:00+00:00,79041.7,79096.8,78811.0,78999.9,3080.363,2226.63,2227.9,2216.54,2224.99,67324.3
2026-05-16 05:00:00+00:00,78999.9,79001.0,78889.7,78989.9,1488.42,2225.0,2226.2,2221.82,2224.43,29952.709
2026-05-16 06:00:00+00:00,78989.9,79012.9,78393.9,78610.2,9244.159,2224.42,2225.99,2208.0,2214.38,134063.986
2026-05-16 07:00:00+00:00,78610.2,78610.3,78000.4,78334.3,13808.169,2214.39,2214.79,2180.12,2193.52,551124.238
2026-05-16 08:00:00+00:00,78334.3,78527.8,78291.0,78389.5,3590.485,2193.51,2196.06,2190.69,2192.24,76830.08
2026-05-16 09:00:00+00:00,78389.5,78410.1,77850.0,78052.1,10664.7,2192.25,2192.89,2160.5,2172.5,429359.431
2026-05-16 10:00:00+00:00,78052.1,78071.9,77601.8,77937.6,10160.386,2172.5,2174.31,2161.2,2172.99,203139.608
2026-05-16 11:00:00+00:00,77937.5,78163.3,77937.5,78042.5,3897.654,2173.0,2180.46,2173.0,2175.33,95273.154
2026-05-16 12:00:00+00:00,78042.5,78100.0,77889.0,77980.0,2627.039,2175.33,2178.56,2172.53,2175.41,65146.061
2026-05-16 13:00:00+00:00,77980.0,77987.9,77800.0,77987.9,2790.145,2175.4,2179.95,2171.11,2176.16,77528.915
2026-05-16 14:00:00+00:00,77987.9,78327.0,77850.5,78090.3,4921.309,2176.16,2187.42,2172.6,2178.97,123126.343
2026-05-16 15:00:00+00:00,78090.3,78254.0,78034.0,78194.1,2455.911,2178.96,2182.9,2175.82,2178.95,52089.569
2026-05-16 16:00:00+00:00,78194.0,78337.4,78069.1,78167.7,2931.052,2178.94,2182.79,2169.0,2173.29,94700.181
2026-05-16 17:00:00+00:00,78167.7,78285.1,78159.1,78159.2,1043.525,2173.29,2179.99,2173.29,2177.87,46239.632
2026-05-16 18:00:00+00:00,78159.1,78306.6,78113.1,78200.0,1625.933,2177.86,2184.33,2175.22,2180.59,43369.551
2026-05-16 19:00:00+00:00,78200.0,78270.9,78166.8,78223.8,984.661,2180.59,2182.0,2178.11,2178.71,25739.171
2026-05-16 20:00:00+00:00,78223.8,78287.8,78160.0,78214.7,767.876,2178.72,2182.23,2178.72,2180.4,18856.149
2026-05-16 21:00:00+00:00,78214.7,78274.6,78167.5,78229.2,1283.883,2180.39,2182.77,2179.87,2181.47,19845.354
2026-05-16 22:00:00+00:00,78229.2,78248.7,78133.3,78143.5,923.596,2181.47,2182.38,2178.59,2179.37,23806.905
2026-05-16 23:00:00+00:00,78143.5,78240.0,78085.2,78104.2,1241.468,2179.36,2182.0,2178.16,2179.66,24064.784
2026-05-17 00:00:00+00:00,78104.3,78213.9,77760.0,77915.4,3840.451,2179.67,2184.79,2172.61,2176.64,73041.04
2026-05-17 01:00:00+00:00,77915.3,78085.4,77675.4,77688.1,5411.676,2176.63,2182.78,2166.66,2168.22,147592.716
2026-05-17 02:00:00+00:00,77688.0,77913.6,77688.0,77856.3,2548.06,2168.22,2175.47,2168.21,2173.34,46905.512
2026-05-17 03:00:00+00:00,77856.3,78050.0,77845.6,77990.2,1809.776,2173.34,2183.71,2173.3,2180.57,57361.193
2026-05-17 04:00:00+00:00,77990.2,78179.1,77957.2,78117.4,1965.339,2180.57,2188.98,2180.0,2186.3,105024.871
2026-05-17 05:00:00+00:00,78117.4,78300.0,78064.8,78087.7,2299.316,2186.3,2194.9,2184.39,2184.9,92433.17
2026-05-17 06:00:00+00:00,78087.6,78172.7,77970.0,78071.6,1561.292,2184.9,2187.0,2180.5,2184.04,44963.582
2026-05-17 07:00:00+00:00,78071.6,78175.3,78015.0,78137.2,1336.456,2184.03,2187.5,2181.35,2185.19,38878.198
2026-05-17 08:00:00+00:00,78137.3,78157.9,77992.1,78050.7,1306.842,2185.18,2186.0,2181.84,2185.16,29826.657
2026-05-17 09:00:00+00:00,78050.7,78266.6,78041.8,78214.3,1740.301,2185.16,2190.57,2184.83,2189.09,38437.642
2026-05-17 10:00:00+00:00,78214.3,78564.3,78208.2,78423.0,5786.248,2189.09,2197.63,2189.02,2193.27,125228.119
2026-05-17 11:00:00+00:00,78423.0,78436.0,78245.7,78371.5,2147.004,2193.26,2193.92,2186.67,2191.13,57961.968
2026-05-17 12:00:00+00:00,78371.4,78515.7,78280.1,78326.9,2107.738,2191.13,2197.41,2190.23,2193.37,59714.202
2026-05-17 13:00:00+00:00,78326.9,78331.2,78128.5,78165.0,2499.13,2193.36,2194.18,2186.41,2191.1,69148.106
2026-05-17 14:00:00+00:00,78165.0,78177.8,77800.0,78009.6,5105.45,2191.09,2191.52,2176.09,2185.57,124294.759
2026-05-17 15:00:00+00:00,78009.7,78087.0,77875.0,78006.9,2191.933,2185.58,2187.65,2180.0,2185.49,47633.801
2026-05-17 16:00:00+00:00,78006.9,78165.3,77979.8,77995.0,1737.293,2185.5,2188.43,2181.18,2181.51,35251.06
2026-05-17 17:00:00+00:00,77995.1,78054.3,77811.5,78044.8,2930.67,2181.52,2184.21,2175.04,2182.69,78882.35
2026-05-17 18:00:00+00:00,78044.8,78235.2,77960.7,78226.2,1824.56,2182.69,2187.83,2178.0,2187.59,53323.544
2026-05-17 19:00:00+00:00,78226.2,78432.0,78172.2,78369.0,2074.009,2187.6,2192.87,2186.38,2191.4,43286.27
2026-05-17 20:00:00+00:00,78368.9,78393.9,78208.9,78230.0,1173.721,2191.4,2192.85,2185.46,2188.2,30011.275
2026-05-17 21:00:00+00:00,78230.1,78453.0,78190.6,78365.4,2194.705,2188.2,2194.0,2186.0,2190.99,34246.077
2026-05-17 22:00:00+00:00,78365.4,78372.8,77777.0,77961.6,5643.159,2190.99,2190.99,2172.63,2178.64,134084.146
2026-05-17 23:00:00+00:00,77961.7,77970.0,76666.0,77430.4,24982.54,2178.65,2178.92,2085.0,2129.88,917342.011
2026-05-18 00:00:00+00:00,77430.4,77452.7,76875.0,77175.7,10777.547,2129.88,2131.0,2102.93,2114.39,391913.529
2026-05-18 01:00:00+00:00,77175.7,77274.8,76700.0,77084.5,10313.877,2114.4,2120.62,2105.18,2116.67,208201.081
2026-05-18 02:00:00+00:00,77084.5,77190.0,76668.8,76809.4,5970.755,2116.66,2123.28,2111.55,2115.74,139112.743
2026-05-18 03:00:00+00:00,76809.4,76999.2,76777.0,76900.0,3091.878,2115.75,2123.0,2114.69,2117.63,113667.345
2026-05-18 04:00:00+00:00,76900.1,77045.9,76740.0,77000.2,3443.145,2117.62,2124.58,2113.0,2123.69,93604.045
2026-05-18 05:00:00+00:00,77000.2,77059.6,76850.0,76886.5,3158.444,2123.69,2124.8,2115.51,2117.27,68180.231
2026-05-18 06:00:00+00:00,76886.5,76942.0,76534.5,76881.3,7189.696,2117.26,2120.43,2108.33,2117.95,138979.099
2026-05-18 07:00:00+00:00,76881.4,77054.6,76728.7,77039.4,4449.391,2117.95,2122.84,2110.83,2119.46,96762.832
2026-05-18 08:00:00+00:00,77039.5,77193.5,76850.0,77001.0,3716.68,2119.46,2123.0,2116.25,2120.26,71059.707
2026-05-18 09:00:00+00:00,77001.0,77025.1,76840.1,76901.4,1667.379,2120.26,2120.79,2114.7,2115.75,38784.07
2026-05-18 10:00:00+00:00,76901.4,76923.4,76670.1,76733.2,4468.687,2115.75,2116.65,2111.12,2113.5,80720.868
2026-05-18 11:00:00+00:00,76733.3,77375.0,76627.0,77255.0,7756.521,2113.51,2139.18,2109.4,2132.98,262310.452
2026-05-18 12:00:00+00:00,77255.1,77757.5,77241.5,77599.9,12046.144,2132.98,2156.52,2132.98,2149.99,338522.187
2026-05-18 13:00:00+00:00,77599.9,77601.9,76650.0,76914.0,14647.288,2150.0,2150.41,2118.37,2130.07,425821.95
2026-05-18 14:00:00+00:00,76913.9,76927.5,76200.0,76369.8,19478.281,2130.08,2130.18,2097.0,2109.49,457547.7
2026-05-18 15:00:00+00:00,76369.7,76463.6,76014.2,76393.5,15564.299,2109.5,2110.39,2092.6,2106.66,350235.729
2026-05-18 16:00:00+00:00,76393.6,76657.1,76174.1,76377.3,11404.463,2106.66,2110.81,2089.01,2096.56,286847.791
2026-05-18 17:00:00+00:00,76377.3,76725.7,76332.1,76671.1,4384.489,2096.56,2109.46,2094.24,2107.01,115555.998
2026-05-18 18:00:00+00:00,76671.0,76674.4,76107.7,76221.6,6729.802,2107.0,2108.22,2074.26,2080.36,330620.269
2026-05-18 19:00:00+00:00,76221.6,76963.7,76200.0,76898.5,11367.93,2080.37,2127.96,2078.0,2124.48,496001.84
2026-05-18 20:00:00+00:00,76898.5,77160.3,76829.3,76868.1,6224.955,2124.5,2130.27,2114.03,2116.56,166888.913
2026-05-18 21:00:00+00:00,76868.1,77149.7,76753.6,77063.1,3535.747,2116.57,2141.97,2113.52,2136.4,197728.648
2026-05-18 22:00:00+00:00,77063.1,77187.3,76894.6,77045.1,4653.374,2136.4,2141.66,2129.09,2134.82,164732.987
2026-05-18 23:00:00+00:00,77045.0,77133.4,76900.1,76963.2,2322.727,2134.82,2138.27,2126.5,2128.99,70877.868
2026-05-19 00:00:00+00:00,76963.2,77384.6,76913.8,77102.6,4592.602,2128.99,2146.99,2127.4,2135.09,121121.883
2026-05-19 01:00:00+00:00,77102.6,77122.7,76634.0,76635.4,5818.494,2135.09,2137.74,2122.75,2123.84,134393.412
2026-05-19 02:00:00+00:00,76635.4,76973.7,76451.3,76586.2,4745.72,2123.83,2135.0,2118.4,2122.47,149122.851
2026-05-19 03:00:00+00:00,76586.2,76837.0,76550.0,76749.9,2677.159,2122.46,2133.9,2121.02,2130.46,88880.485
2026-05-19 04:00:00+00:00,76750.0,76916.5,76658.0,76889.4,2587.324,2130.46,2135.9,2127.19,2132.97,75746.661
2026-05-19 05:00:00+00:00,76889.4,76978.0,76595.7,76872.8,2806.705,2132.96,2136.89,2122.27,2134.26,136440.167
2026-05-19 06:00:00+00:00,76872.8,77070.4,76846.9,76985.2,2999.916,2134.27,2139.36,2131.5,2136.39,66353.235
2026-05-19 07:00:00+00:00,76985.1,77247.7,76929.5,77200.4,4023.829,2136.39,2144.22,2134.26,2139.98,78383.993
2026-05-19 08:00:00+00:00,77200.4,77291.3,76932.0,77015.8,3821.06,2139.98,2140.45,2129.64,2132.59,107930.543
2026-05-19 09:00:00+00:00,77015.9,77047.4,76671.1,76787.4,4536.807,2132.58,2133.65,2109.4,2113.38,314968.789
2026-05-19 10:00:00+00:00,76787.3,77070.0,76666.0,77005.8,3518.738,2113.38,2121.47,2105.73,2117.4,191478.258
2026-05-19 11:00:00+00:00,77005.8,77039.1,76576.8,76677.1,3674.566,2117.4,2119.47,2108.19,2109.74,82958.923
2026-05-19 12:00:00+00:00,76677.0,76947.5,76609.5,76901.3,2310.159,2109.73,2118.73,2107.69,2117.4,95960.964
2026-05-19 13:00:00+00:00,76901.2,77033.9,76556.0,76846.1,7623.165,2117.39,2126.95,2106.5,2118.17,293413.314
2026-05-19 14:00:00+00:00,76846.1,76981.4,76107.1,76365.7,14484.518,2118.17,2123.26,2093.16,2105.34,508026.765
2026-05-19 15:00:00+00:00,76365.6,76650.0,76302.7,76487.9,7036.931,2105.34,2112.9,2102.61,2109.37,135593.036
2026-05-19 16:00:00+00:00,76488.0,76888.0,76377.0,76858.3,6217.088,2109.38,2121.79,2106.27,2120.26,121642.932
2026-05-19 17:00:00+00:00,76858.4,76992.6,76720.5,76821.2,4679.182,2120.26,2124.5,2111.65,2114.86,133588.455
2026-05-19 18:00:00+00:00,76821.1,76916.1,76704.8,76764.2,2165.322,2114.86,2118.83,2109.65,2114.23,83848.613
2026-05-19 19:00:00+00:00,76764.2,77042.3,76720.9,76780.0,2209.798,2114.23,2122.45,2108.82,2112.27,72091.511
2026-05-19 20:00:00+00:00,76780.0,77000.0,76780.0,76976.3,1046.262,2112.26,2118.07,2111.41,2117.48,24303.816
2026-05-19 21:00:00+00:00,76976.4,77003.1,76929.6,76942.4,1005.069,2117.48,2119.79,2115.57,2116.0,26028.073
2026-05-19 22:00:00+00:00,76942.4,76942.5,76610.4,76676.1,2919.944,2116.0,2116.0,2101.21,2105.24,98702.81
2026-05-19 23:00:00+00:00,76676.0,76948.1,76633.0,76799.9,1546.281,2105.24,2117.76,2103.5,2111.0,59991.673
2026-05-20 00:00:00+00:00,76800.0,76863.4,76485.0,76760.9,3965.277,2110.99,2115.29,2102.31,2110.61,89338.735
2026-05-20 01:00:00+00:00,76761.0,76900.0,76501.8,76787.5,5182.516,2110.6,2118.5,2101.79,2114.29,118272.963
2026-05-20 02:00:00+00:00,76787.5,76880.0,76563.1,76654.5,3578.599,2114.3,2116.36,2105.01,2108.58,65475.45
2026-05-20 03:00:00+00:00,76654.5,76795.0,76573.9,76689.6,1991.117,2108.57,2115.43,2104.93,2110.62,56332.331
2026-05-20 04:00:00+00:00,76689.6,76814.6,76650.0,76748.1,1955.352,2110.63,2113.78,2106.01,2112.39,41883.798
2026-05-20 05:00:00+00:00,76748.1,77300.0,76748.0,77170.4,8685.078,2112.38,2129.85,2112.38,2124.56,204819.533
2026-05-20 06:00:00+00:00,77170.3,77387.9,77153.4,77379.8,3653.484,2124.55,2134.0,2124.31,2132.99,124093.864
2026-05-20 07:00:00+00:00,77379.9,77444.0,77208.3,77249.9,4258.277,2133.0,2135.54,2127.36,2128.79,93168.291
2026-05-20 08:00:00+00:00,77250.0,77612.0,77170.3,77430.0,6800.627,2128.8,2138.0,2127.8,2130.81,123838.238
2026-05-20 09:00:00+00:00,77430.1,77516.0,77333.9,77449.9,4113.947,2130.81,2132.22,2126.71,2128.55,63186.111
2026-05-20 10:00:00+00:00,77450.0,77639.3,77450.0,77475.8,2665.45,2128.56,2136.38,2128.56,2129.76,87443.884
2026-05-20 11:00:00+00:00,77475.8,77530.0,77286.1,77351.2,2758.672,2129.76,2131.27,2123.18,2127.38,72809.069
2026-05-20 12:00:00+00:00,77351.2,77733.0,77329.7,77590.2,3699.957,2127.38,2139.25,2125.99,2133.19,125690.965
2026-05-20 13:00:00+00:00,77590.2,77617.2,76925.6,77175.3,10364.743,2133.19,2134.72,2114.15,2119.74,274356.721
2026-05-20 14:00:00+00:00,77175.2,77545.0,76855.0,77410.0,9811.109,2119.74,2138.88,2112.5,2134.05,324258.457
2026-05-20 15:00:00+00:00,77410.0,77825.8,77266.6,77423.0,9366.432,2134.04,2148.6,2127.67,2135.7,261995.621
2026-05-20 16:00:00+00:00,77423.0,77527.2,76975.0,77301.0,5465.178,2135.7,2139.55,2122.87,2134.35,156357.036
2026-05-20 17:00:00+00:00,77300.9,77685.4,77191.6,77537.1,4298.01,2134.35,2147.92,2131.01,2139.56,152461.307
2026-05-20 18:00:00+00:00,77537.1,77600.0,77350.2,77375.5,2425.662,2139.56,2140.0,2130.04,2131.15,82076.901
2026-05-20 19:00:00+00:00,77375.5,77677.2,77304.3,77630.6,3152.964,2131.15,2140.72,2127.92,2138.17,73644.816
2026-05-20 20:00:00+00:00,77630.5,77735.2,77433.4,77679.6,3278.975,2138.16,2139.87,2128.21,2135.01,66743.932
2026-05-20 21:00:00+00:00,77678.9,77735.6,77464.5,77464.5,1496.545,2135.01,2137.92,2129.37,2129.59,31446.693
2026-05-20 22:00:00+00:00,77464.5,77472.7,77183.7,77468.2,3045.356,2129.58,2129.59,2117.41,2127.16,94751.518
2026-05-20 23:00:00+00:00,77468.1,77520.0,77339.9,77510.3,1594.079,2127.15,2129.77,2121.58,2128.6,37813.437
2026-05-21 00:00:00+00:00,77510.3,78051.0,77472.5,77929.1,6591.019,2128.59,2144.53,2127.67,2141.83,111287.372
2026-05-21 01:00:00+00:00,77929.1,78150.0,77759.8,77818.1,5435.164,2141.83,2157.0,2138.13,2140.11,223517.657
2026-05-21 02:00:00+00:00,77818.1,78071.2,77778.5,77915.5,3066.939,2140.12,2147.42,2138.2,2140.6,86637.778
2026-05-21 03:00:00+00:00,77915.5,78066.0,77867.4,78039.1,1946.099,2140.6,2146.0,2139.71,2144.77,38489.62
2026-05-21 04:00:00+00:00,78039.2,78143.2,77922.9,77993.5,2561.402,2144.77,2147.8,2141.44,2143.81,44062.679
2026-05-21 05:00:00+00:00,77993.5,78106.8,77651.7,77795.0,3182.763,2143.81,2147.43,2132.04,2135.41,96396.74
2026-05-21 06:00:00+00:00,77795.1,77845.4,77501.3,77591.7,3558.168,2135.4,2137.69,2126.53,2127.61,119331.326
2026-05-21 07:00:00+00:00,77591.6,77870.0,77485.1,77846.2,3716.381,2127.61,2136.23,2123.33,2134.07,117899.368
2026-05-21 08:00:00+00:00,77846.1,78180.0,77846.1,77888.1,5550.024,2134.06,2147.51,2134.02,2137.05,155941.744
2026-05-21 09:00:00+00:00,77888.0,77950.0,77590.0,77596.8,3170.098,2137.04,2140.05,2126.5,2127.08,117954.245
2026-05-21 10:00:00+00:00,77596.8,77651.7,77140.7,77172.6,10146.961,2127.08,2129.34,2108.29,2113.44,334200.928
2026-05-21 11:00:00+00:00,77172.6,77342.8,77111.0,77157.4,4288.535,2113.44,2118.85,2110.76,2114.08,95206.913
2026-05-21 12:00:00+00:00,77157.3,77328.9,77024.4,77244.0,4246.594,2114.08,2118.76,2111.03,2116.19,92710.383
2026-05-21 13:00:00+00:00,77244.1,77322.0,76696.7,77090.1,10674.629,2116.19,2123.36,2103.51,2119.54,258187.86
2026-05-21 14:00:00+00:00,77090.0,77220.0,76744.1,76944.0,5882.902,2119.54,2124.7,2109.47,2120.98,196074.611
2026-05-21 15:00:00+00:00,76944.0,77379.1,76861.7,77224.3,4754.63,2120.97,2137.44,2118.25,2131.38,256088.009
2026-05-21 16:00:00+00:00,77224.3,77318.3,76970.0,77166.7,3670.982,2131.38,2135.55,2121.6,2126.87,107100.25
2026-05-21 17:00:00+00:00,77166.8,78063.8,77140.0,77831.1,16086.78,2126.87,2152.78,2124.9,2145.67,381914.729
2026-05-21 18:00:00+00:00,77831.0,77890.0,77209.3,77354.5,8725.868,2145.67,2147.31,2120.03,2125.89,233940.387
2026-05-21 19:00:00+00:00,77354.4,77768.0,77333.0,77657.1,3675.524,2125.88,2144.84,2125.37,2142.09,125018.676
2026-05-21 20:00:00+00:00,77657.1,77772.2,77602.7,77671.4,1433.181,2142.09,2142.56,2135.96,2137.75,50596.194
2026-05-21 21:00:00+00:00,77671.5,77777.2,77604.3,77636.2,1339.524,2137.76,2140.0,2132.96,2134.49,27579.534
2026-05-21 22:00:00+00:00,77636.2,77721.8,77513.2,77589.6,1895.354,2134.5,2136.09,2130.0,2130.99,34283.966
2026-05-21 23:00:00+00:00,77589.6,77714.2,77490.8,77586.2,1495.64,2131.0,2135.93,2125.9,2132.78,45673.561
2026-05-22 00:00:00+00:00,77586.3,77602.5,77333.3,77344.7,2082.007,2132.78,2134.29,2128.18,2128.19,49393.577
2026-05-22 01:00:00+00:00,77344.8,77634.8,77288.0,77580.0,2163.772,2128.19,2136.41,2124.05,2135.08,85071.513
2026-05-22 02:00:00+00:00,77579.9,77697.9,77557.0,77638.2,1697.063,2135.09,2139.33,2133.04,2136.88,69617.01
2026-05-22 03:00:00+00:00,77638.2,77775.9,77638.1,77740.0,1766.581,2136.88,2140.75,2134.14,2136.87,32384.548
2026-05-22 04:00:00+00:00,77739.9,77862.7,77600.0,77619.9,2451.568,2136.87,2140.45,2131.5,2132.79,44352.202
2026-05-22 05:00:00+00:00,77620.0,77691.8,77418.3,77450.0,2444.911,2132.79,2135.28,2126.28,2128.34,87641.616
2026-05-22 06:00:00+00:00,77450.0,77494.0,77324.2,77386.0,3827.195,2128.34,2130.28,2122.86,2124.79,89866.063
2026-05-22 07:00:00+00:00,77386.0,77514.5,77237.1,77366.9,3924.108,2124.79,2131.65,2121.0,2127.49,80442.91
2026-05-22 08:00:00+00:00,77366.8,77505.7,77170.0,77237.6,2961.84,2127.48,2132.67,2118.42,2121.49,112004.423
2026-05-22 09:00:00+00:00,77237.6,77329.4,77160.8,77269.8,2244.446,2121.49,2124.58,2117.76,2122.86,83123.384
2026-05-22 10:00:00+00:00,77269.9,77335.8,77222.4,77282.0,1442.07,2122.87,2124.58,2120.02,2122.1,39643.77
2026-05-22 11:00:00+00:00,77282.0,77397.4,77138.3,77394.8,1905.227,2122.1,2129.99,2119.0,2129.65,62372.7
2026-05-22 12:00:00+00:00,77394.8,77548.5,77353.6,77491.3,3130.076,2129.64,2137.33,2128.34,2134.21,127225.637
2026-05-22 13:00:00+00:00,77491.4,77517.2,77085.5,77255.6,5449.535,2134.22,2134.79,2122.69,2129.29,144806.144
2026-05-22 14:00:00+00:00,77255.5,77255.5,76701.3,76734.6,14182.806,2129.29,2129.29,2111.0,2115.95,237106.512
2026-05-22 15:00:00+00:00,76734.7,76994.9,76528.0,76756.5,10355.079,2115.95,2124.72,2111.34,2118.5,140289.22
2026-05-22 16:00:00+00:00,76756.5,76967.7,76730.0,76913.8,2972.973,2118.51,2123.17,2117.0,2121.99,65598.501
2026-05-22 17:00:00+00:00,76913.8,77070.1,76714.2,76714.5,4149.934,2121.99,2129.39,2118.22,2118.62,139377.544
2026-05-22 18:00:00+00:00,76714.5,76870.0,76049.9,76498.6,11242.276,2118.63,2120.88,2082.51,2098.96,459811.722
2026-05-22 19:00:00+00:00,76498.6,76554.1,75620.0,75827.1,17912.083,2098.95,2102.3,2056.39,2064.6,674315.14
2026-05-22 20:00:00+00:00,75827.1,76047.4,75778.6,75939.4,5416.15,2064.6,2078.2,2063.24,2072.24,197523.629
2026-05-22 21:00:00+00:00,75939.5,76054.1,75888.0,75940.0,1867.463,2072.24,2078.8,2070.0,2077.39,94913.685
2026-05-22 22:00:00+00:00,75940.1,75949.8,75500.0,75704.0,5125.544,2077.39,2078.81,2065.58,2071.91,90078.328
2026-05-22 23:00:00+00:00,75704.1,75850.0,75322.0,75513.1,5491.506,2071.91,2076.46,2056.05,2064.98,147138.743
2026-05-23 00:00:00+00:00,75513.1,75615.7,75184.9,75329.2,8179.709,2064.99,2069.91,2051.49,2063.76,206798.338
2026-05-23 01:00:00+00:00,75329.3,75482.8,75316.6,75460.9,2849.403,2063.76,2069.32,2061.75,2068.12,73432.834
2026-05-23 02:00:00+00:00,75461.0,75558.2,75381.7,75542.9,2608.116,2068.11,2069.8,2064.03,2067.35,40901.644
2026-05-23 03:00:00+00:00,75543.0,75633.7,75530.0,75599.1,1799.29,2067.36,2071.1,2067.06,2069.87,37822.004
2026-05-23 04:00:00+00:00,75599.0,75620.0,75475.3,75506.0,1814.964,2069.88,2070.24,2064.45,2066.34,39115.698
2026-05-23 05:00:00+00:00,75505.9,75527.9,75435.0,75448.0,1899.022,2066.35,2067.0,2060.94,2064.0,53573.852
2026-05-23 06:00:00+00:00,75448.0,75463.4,75350.0,75368.0,2208.532,2064.01,2064.88,2059.18,2060.93,48618.923
2026-05-23 07:00:00+00:00,75368.0,75407.8,74203.6,74573.1,25592.607,2060.93,2062.2,2007.0,2027.47,817337.854
2026-05-23 08:00:00+00:00,74573.2,74718.7,74307.0,74655.0,12107.617,2027.48,2031.4,2020.17,2029.33,271741.699
2026-05-23 09:00:00+00:00,74655.0,74740.4,74591.4,74630.2,3579.382,2029.33,2030.48,2026.18,2026.46,107511.201
2026-05-23 10:00:00+00:00,74630.3,74759.5,74630.3,74687.7,2548.908,2026.46,2032.99,2026.05,2030.56,58292.057
2026-05-23 11:00:00+00:00,74687.7,74839.1,74680.6,74763.3,2185.752,2030.55,2035.0,2029.61,2030.46,73359.729
2026-05-23 12:00:00+00:00,74763.3,74766.9,74620.9,74726.0,2226.204,2030.46,2031.07,2026.1,2030.17,60655.356
2026-05-23 13:00:00+00:00,74726.0,75226.1,74721.0,75180.7,10266.113,2030.18,2045.5,2030.12,2043.96,259988.693
2026-05-23 14:00:00+00:00,75180.8,75670.8,75065.9,75500.4,10950.928,2043.96,2064.53,2040.09,2060.64,285692.228
2026-05-23 15:00:00+00:00,75500.5,75641.4,75363.3,75486.9,5790.604,2060.65,2067.84,2054.6,2059.43,253946.304
2026-05-23 16:00:00+00:00,75487.0,75606.6,75372.1,75406.4,3515.661,2059.43,2064.48,2056.4,2060.8,111680.429
2026-05-23 17:00:00+00:00,75406.6,75494.0,75333.3,75457.1,2207.582,2060.8,2065.0,2058.24,2063.14,75678.753
2026-05-23 18:00:00+00:00,75457.1,75985.3,75429.5,75812.4,6282.486,2063.14,2083.0,2062.74,2073.0,262906.868
2026-05-23 19:00:00+00:00,75812.4,76000.2,75737.7,75949.5,3412.532,2072.99,2081.85,2067.84,2076.51,103943.771
2026-05-23 20:00:00+00:00,75949.5,77284.2,75913.9,77246.9,20428.29,2076.5,2147.0,2073.52,2145.59,881759.965
2026-05-23 21:00:00+00:00,77246.9,77427.0,76505.7,76778.0,11701.129,2145.6,2149.86,2105.0,2115.84,416700.826
2026-05-23 22:00:00+00:00,76778.0,76864.1,76362.9,76553.0,5535.193,2115.85,2119.5,2102.03,2115.75,153550.92
2026-05-23 23:00:00+00:00,76553.0,76799.0,76501.1,76715.2,4137.729,2115.75,2121.3,2113.35,2116.82,75152.171
2026-05-24 00:00:00+00:00,76715.3,76920.4,76596.9,76812.5,3293.468,2116.82,2120.73,2112.0,2118.59,74286.956
2026-05-24 01:00:00+00:00,76812.6,76899.7,76720.8,76855.9,2375.273,2118.59,2125.58,2117.26,2121.46,77162.45
2026-05-24 02:00:00+00:00,76855.9,76936.0,76665.5,76790.0,2239.859,2121.45,2124.63,2117.26,2121.61,69025.652
2026-05-24 03:00:00+00:00,76790.1,76983.1,76672.3,76702.8,2969.001,2121.61,2126.73,2115.21,2118.09,64923.306
2026-05-24 04:00:00+00:00,76702.8,76823.9,76685.1,76748.0,1681.603,2118.09,2123.01,2118.09,2119.14,37570.987
2026-05-24 05:00:00+00:00,76747.9,76831.2,76611.0,76780.4,2226.391,2119.14,2120.6,2112.8,2119.06,53406.275
2026-05-24 06:00:00+00:00,76780.3,77040.0,76684.4,76956.1,2788.319,2119.05,2129.55,2116.63,2127.24,71013.139
2026-05-24 07:00:00+00:00,76956.0,76985.7,76749.9,76771.3,2471.327,2127.23,2128.96,2118.3,2120.25,51994.369
2026-05-24 08:00:00+00:00,76771.4,76824.0,76691.4,76800.7,2179.17,2120.25,2122.56,2118.3,2119.44,42618.436
2026-05-24 09:00:00+00:00,76800.7,77025.6,76784.3,76991.8,2496.026,2119.43,2123.95,2118.03,2122.47,59819.391
2026-05-24 10:00:00+00:00,76991.8,77600.0,76888.0,77163.4,9533.591,2122.47,2131.1,2118.14,2121.2,111016.411
2026-05-24 11:00:00+00:00,77163.3,77327.7,77150.0,77289.5,3013.851,2121.2,2126.63,2121.12,2125.07,54731.652
2026-05-24 12:00:00+00:00,77289.5,77294.4,77005.4,77077.9,3308.068,2125.08,2125.5,2115.61,2118.91,77367.974
2026-05-24 13:00:00+00:00,77077.9,77094.9,76650.0,76765.0,5478.682,2118.91,2120.39,2104.49,2109.34,172753.55
2026-05-24 14:00:00+00:00,76764.9,76811.0,76159.7,76428.2,12558.112,2109.33,2112.67,2075.6,2097.22,520280.548
2026-05-24 15:00:00+00:00,76428.1,76514.1,76317.8,76343.7,2743.36,2097.22,2099.4,2093.01,2095.1,79096.598
2026-05-24 16:00:00+00:00,76343.8,76722.2,76343.7,76645.1,4555.406,2095.11,2108.59,2094.11,2102.82,148100.621
2026-05-24 17:00:00+00:00,76645.1,76777.0,76531.8,76661.6,1846.578,2102.83,2106.21,2100.43,2101.93,48833.599
2026-05-24 18:00:00+00:00,76661.6,76763.0,76554.1,76632.4,1585.016,2101.93,2104.13,2096.68,2099.01,50182.78
2026-05-24 19:00:00+00:00,76632.5,76753.3,76574.8,76738.5,1120.609,2099.01,2101.77,2095.27,2099.87,30995.843
2026-05-24 20:00:00+00:00,76738.5,76768.4,76567.2,76639.1,1796.01,2099.87,2101.12,2090.25,2091.94,80047.334
2026-05-24 21:00:00+00:00,76639.1,76718.2,76056.0,76106.0,6222.431,2091.94,2097.87,2061.26,2069.47,263053.226
2026-05-24 22:00:00+00:00,76105.9,76983.8,76086.3,76771.2,8877.384,2069.48,2098.68,2069.37,2091.38,246539.725
2026-05-24 23:00:00+00:00,76771.2,77193.4,76771.1,77030.3,3774.742,2091.37,2107.49,2090.51,2098.99,111821.738
2026-05-25 00:00:00+00:00,77030.3,77253.9,77030.3,77120.0,3113.027,2098.99,2108.74,2098.84,2104.26,99733.487
2026-05-25 01:00:00+00:00,77119.9,77213.2,76871.4,76905.6,3940.46,2104.26,2107.46,2092.32,2093.33,64186.305
2026-05-25 02:00:00+00:00,76905.5,77450.6,76905.5,77064.1,5679.911,2093.34,2112.67,2093.34,2097.3,131591.388
2026-05-25 03:00:00+00:00,77064.2,77127.7,76951.7,76989.0,1915.903,2097.31,2099.2,2090.84,2094.55,54387.885
2026-05-25 04:00:00+00:00,76989.0,77418.1,76950.0,77357.0,3207.912,2094.56,2107.29,2090.96,2104.86,111645.706
2026-05-25 05:00:00+00:00,77357.1,77469.3,77285.7,77370.0,3238.872,2104.86,2110.84,2103.19,2107.21,109739.672
2026-05-25 06:00:00+00:00,77369.9,77677.6,77182.4,77386.1,5357.844,2107.21,2110.8,2098.08,2108.0,95865.08
2026-05-25 07:00:00+00:00,77386.1,77486.3,77135.8,77377.0,2779.619,2108.0,2117.6,2105.49,2115.38,161734.708
2026-05-25 08:00:00+00:00,77376.9,77433.0,77241.7,77422.3,2571.397,2115.38,2116.93,2110.85,2115.76,67137.566
2026-05-25 09:00:00+00:00,77422.3,77699.0,77383.0,77565.0,5700.73,2115.77,2123.72,2115.0,2115.84,121491.829
2026-05-25 10:00:00+00:00,77565.1,77650.0,77448.4,77500.0,2914.677,2115.84,2120.34,2113.76,2116.09,57204.696
2026-05-25 11:00:00+00:00,77500.0,77500.1,77281.1,77318.2,2454.081,2116.1,2119.41,2112.77,2113.89,59892.266
2026-05-25 12:00:00+00:00,77318.2,77405.8,77244.8,77325.7,2554.033,2113.88,2118.71,2111.04,2116.12,68474.769
2026-05-25 13:00:00+00:00,77325.7,77419.2,77244.8,77302.1,2190.977,2116.12,2119.22,2113.24,2115.35,41618.792
2026-05-25 14:00:00+00:00,77302.0,77743.4,77273.2,77676.4,5263.778,2115.36,2129.61,2114.69,2127.54,171809.915
2026-05-25 15:00:00+00:00,77676.4,77887.9,77515.5,77587.2,5225.847,2127.55,2137.99,2121.63,2126.0,173938.582
2026-05-25 16:00:00+00:00,77587.2,77784.9,77471.5,77694.5,2952.467,2126.01,2141.6,2123.88,2135.5,141021.006
2026-05-25 17:00:00+00:00,77694.5,77770.0,77511.1,77523.2,2774.683,2135.49,2139.99,2127.22,2127.82,92340.726
2026-05-25 18:00:00+00:00,77523.3,77629.8,77502.9,77511.7,1224.041,2127.82,2133.12,2125.52,2125.9,50108.703
2026-05-25 19:00:00+00:00,77511.7,77515.8,77313.0,77403.3,2057.725,2125.9,2126.05,2115.42,2120.41,83520.747
2026-05-25 20:00:00+00:00,77403.4,77472.0,77172.0,77243.7,2621.954,2120.41,2122.45,2105.81,2107.49,128311.788
2026-05-25 21:00:00+00:00,77243.7,77366.7,77240.5,77340.8,1674.347,2107.49,2111.92,2106.62,2109.85,57858.905
2026-05-25 22:00:00+00:00,77340.9,77430.0,77011.3,77084.7,3533.606,2109.85,2114.75,2101.09,2102.59,124471.588
2026-05-25 23:00:00+00:00,77084.7,77338.0,77040.2,77281.5,1760.517,2102.59,2112.76,2101.26,2111.64,62112.285
2026-05-26 00:00:00+00:00,77281.5,77319.6,76532.1,76750.1,7837.287,2111.64,2112.95,2083.43,2096.58,230122.777
2026-05-26 01:00:00+00:00,76750.1,76879.2,76550.0,76717.8,4014.825,2096.58,2099.44,2086.56,2093.36,159000.661
2026-05-26 02:00:00+00:00,76717.8,76790.0,76472.6,76630.7,3663.677,2093.36,2094.87,2083.39,2088.0,109412.336
2026-05-26 03:00:00+00:00,76630.8,76685.0,76434.0,76629.0,2990.608,2088.0,2093.59,2083.48,2092.48,73685.768
2026-05-26 04:00:00+00:00,76629.0,76784.4,76569.8,76713.9,2832.751,2092.49,2095.66,2087.8,2092.74,66856.742
2026-05-26 05:00:00+00:00,76713.9,76950.0,76668.2,76887.3,2859.933,2092.74,2102.72,2090.9,2099.82,82241.568
2026-05-26 06:00:00+00:00,76887.4,77045.9,76735.2,76869.8,3362.296,2099.82,2103.9,2093.88,2100.81,69774.962
2026-05-26 07:00:00+00:00,76869.9,76886.6,76556.9,76685.1,3492.107,2100.81,2101.62,2088.63,2094.4,168219.002
2026-05-26 08:00:00+00:00,76685.0,76819.7,76652.4,76687.9,1834.031,2094.4,2099.39,2094.0,2096.23,36589.102
2026-05-26 09:00:00+00:00,76687.8,76779.2,76606.0,76641.0,2007.84,2096.24,2098.82,2092.94,2095.67,46668.111
2026-05-26 10:00:00+00:00,76640.9,77600.0,76543.8,77398.6,12291.589,2095.67,2136.84,2093.0,2126.79,469037.419
2026-05-26 11:00:00+00:00,77398.7,77477.7,77136.2,77153.9,4704.8,2126.79,2130.0,2117.43,2120.0,199279.485
2026-05-26 12:00:00+00:00,77153.8,77200.0,76847.8,77098.9,5875.831,2119.99,2126.4,2110.03,2125.47,182325.324
2026-05-26 13:00:00+00:00,77098.9,77432.6,76641.7,77199.2,10219.396,2125.46,2130.82,2108.3,2124.48,248297.388
2026-05-26 14:00:00+00:00,77199.2,78077.1,76682.3,76873.6,32872.397,2124.48,2139.66,2104.0,2108.17,535764.715
2026-05-26 15:00:00+00:00,76873.6,76983.4,76234.7,76478.2,17760.011,2108.18,2111.39,2076.46,2086.14,554919.846
2026-05-26 16:00:00+00:00,76478.2,76678.7,76171.0,76534.6,8964.023,2086.14,2089.0,2072.27,2078.53,349817.373
2026-05-26 17:00:00+00:00,76534.7,76624.9,75809.5,75909.6,15095.075,2078.54,2083.0,2053.0,2069.9,470899.915
2026-05-26 18:00:00+00:00,75909.6,76296.7,75711.0,75822.6,7810.546,2069.9,2081.25,2065.73,2067.89,157837.088
2026-05-26 19:00:00+00:00,75822.6,76080.0,75782.0,76028.3,3462.471,2067.89,2076.19,2064.56,2073.65,64939.733
2026-05-26 20:00:00+00:00,76028.4,76157.8,75960.2,76082.0,2352.054,2073.65,2077.8,2072.83,2077.48,46261.164
2026-05-26 21:00:00+00:00,76081.9,76092.3,75822.6,75864.0,1938.109,2077.48,2077.9,2068.19,2072.0,52082.872
2026-05-26 22:00:00+00:00,75864.0,75975.6,75641.2,75729.6,4011.581,2072.0,2075.74,2064.59,2068.0,58551.088
2026-05-26 23:00:00+00:00,75729.7,75962.0,75729.7,75905.5,2666.844,2068.0,2076.09,2067.99,2072.99,43867.727
2026-05-27 00:00:00+00:00,75905.6,76069.0,75854.9,76055.3,3043.727,2073.0,2083.54,2072.79,2082.31,88130.491
2026-05-27 01:00:00+00:00,76055.3,76083.9,75794.9,75846.6,2849.437,2082.31,2083.05,2070.78,2073.48,56732.481
2026-05-27 02:00:00+00:00,75846.6,75868.1,75654.8,75850.9,2802.311,2073.48,2075.28,2067.8,2075.28,71595.23
2026-05-27 03:00:00+00:00,75850.9,75940.0,75555.1,75635.6,3565.669,2075.28,2079.4,2067.48,2068.8,76500.165
2026-05-27 04:00:00+00:00,75635.6,75680.1,75277.8,75542.9,8840.36,2068.79,2072.25,2055.0,2071.17,157717.35
2026-05-27 05:00:00+00:00,75543.0,75708.6,75539.9,75676.4,3364.243,2071.17,2078.3,2070.53,2076.34,77115.208
2026-05-27 06:00:00+00:00,75676.4,75864.4,75649.1,75800.0,2659.38,2076.34,2080.57,2073.74,2078.8,62343.897
2026-05-27 07:00:00+00:00,75800.0,75940.0,75721.4,75935.0,3278.243,2078.8,2083.34,2075.0,2082.66,64169.752
2026-05-27 08:00:00+00:00,75935.0,76038.0,75800.0,75838.4,3812.843,2082.67,2096.13,2082.54,2083.99,208209.26
2026-05-27 09:00:00+00:00,75838.5,75943.7,75666.0,75875.6,3099.093,2083.98,2086.84,2077.1,2082.32,112675.632
2026-05-27 10:00:00+00:00,75875.7,76010.2,75835.0,75863.7,2498.476,2082.33,2087.03,2078.27,2078.61,60419.709
2026-05-27 11:00:00+00:00,75863.8,75992.2,75723.6,75737.9,2781.79,2078.61,2084.34,2077.5,2079.58,74087.848
2026-05-27 12:00:00+00:00,75737.9,76155.5,75541.0,75655.0,8053.742,2079.57,2096.61,2072.39,2077.74,245529.503
2026-05-27 13:00:00+00:00,75654.9,75735.6,74835.0,75054.3,20743.151,2077.73,2079.73,2051.0,2063.74,484558.763
2026-05-27 14:00:00+00:00,75054.3,75250.0,74735.7,75000.7,13749.777,2063.74,2071.2,2053.55,2061.66,237078.237
2026-05-27 15:00:00+00:00,75000.7,75485.9,74950.1,75300.0,8717.531,2061.65,2079.6,2060.25,2070.86,246669.915
2026-05-27 16:00:00+00:00,75300.0,75382.6,74961.0,75273.9,5753.912,2070.86,2073.79,2059.1,2069.32,130654.581
2026-05-27 17:00:00+00:00,75273.9,75316.8,74645.0,74838.2,8594.176,2069.33,2069.56,2043.43,2051.35,279493.405
2026-05-27 18:00:00+00:00,74838.2,75007.9,74632.0,75000.0,4699.102,2051.35,2056.09,2041.64,2055.77,168538.217
2026-05-27 19:00:00+00:00,75000.0,75077.6,74920.0,75039.9,3599.445,2055.77,2060.67,2053.56,2056.84,69704.542
2026-05-27 20:00:00+00:00,75039.8,75391.0,75022.4,75237.6,3476.208,2056.85,2065.99,2056.3,2062.38,82478.129
2026-05-27 21:00:00+00:00,75237.6,75237.6,74300.1,74439.9,10168.63,2062.38,2062.38,2013.98,2020.09,442588.392
2026-05-27 22:00:00+00:00,74440.0,74742.7,74218.2,74390.0,8980.344,2020.09,2034.08,2015.0,2024.34,249829.706
2026-05-27 23:00:00+00:00,74389.9,74545.8,74210.0,74418.1,5583.871,2024.33,2029.29,2016.93,2023.7,174494.926
2026-05-28 00:00:00+00:00,74418.0,74555.5,74336.7,74541.6,3138.599,2023.7,2028.47,2019.71,2027.22,95231.315
2026-05-28 01:00:00+00:00,74541.7,74565.3,74100.0,74313.0,5741.343,2027.22,2028.26,2010.25,2019.46,202620.51
2026-05-28 02:00:00+00:00,74313.0,74373.6,74081.9,74256.6,3652.024,2019.47,2021.18,2013.88,2016.7,89150.92
2026-05-28 03:00:00+00:00,74256.6,74355.6,73036.0,73224.5,31055.812,2016.71,2020.0,1970.0,1980.66,972726.874
2026-05-28 04:00:00+00:00,73224.4,73240.0,72667.9,73145.1,15398.619,1980.65,1985.75,1965.48,1981.21,434004.248
2026-05-28 05:00:00+00:00,73145.1,73145.1,72872.5,72959.9,5389.586,1981.22,1982.57,1974.27,1977.73,140457.78
2026-05-28 06:00:00+00:00,72960.0,73182.2,72729.2,73170.9,7675.794,1977.73,1983.7,1971.42,1983.21,156350.152
2026-05-28 07:00:00+00:00,73171.0,73485.0,73113.2,73467.0,6114.88,1983.21,1995.59,1981.46,1994.24,179965.424
2026-05-28 08:00:00+00:00,73467.0,73474.8,73167.4,73294.0,3701.156,1994.24,1994.96,1983.8,1987.33,119700.003
2026-05-28 09:00:00+00:00,73293.9,73535.7,73230.0,73514.1,3180.086,1987.34,1994.55,1983.6,1992.92,79449.285
2026-05-28 10:00:00+00:00,73514.0,73592.1,73316.5,73375.2,4263.274,1992.92,1997.95,1987.41,1989.15,102330.84
2026-05-28 11:00:00+00:00,73375.3,73510.0,73280.7,73479.1,2762.54,1989.16,1991.8,1985.29,1988.73,94401.003
2026-05-28 12:00:00+00:00,73479.0,73555.0,73221.6,73496.5,4128.714,1988.73,1993.95,1980.32,1991.05,138572.426
2026-05-28 13:00:00+00:00,73496.4,73549.9,72739.2,72988.5,13507.443,1991.06,1994.26,1974.29,1980.78,282046.109
2026-05-28 14:00:00+00:00,72988.5,73557.3,72556.0,72997.5,27209.387,1980.77,2002.21,1966.15,1992.69,616423.153
2026-05-28 15:00:00+00:00,72997.4,73155.4,72662.2,72899.1,6242.022,1992.68,1998.55,1982.65,1989.69,176716.574
2026-05-28 16:00:00+00:00,72899.0,73415.0,72704.0,73415.0,7672.331,1989.7,2014.8,1984.11,2012.5,312536.36
2026-05-28 17:00:00+00:00,73414.9,73722.5,73280.0,73518.2,7308.713,2012.49,2026.82,2008.26,2018.42,247769.309
2026-05-28 18:00:00+00:00,73518.2,73723.0,73474.9,73626.4,3740.6,2018.43,2029.5,2017.05,2024.17,145298.824
2026-05-28 19:00:00+00:00,73626.4,73626.5,73336.0,73393.5,3831.301,2024.17,2024.28,2013.08,2013.86,130593.262
2026-05-28 20:00:00+00:00,73393.4,73698.6,73212.3,73553.5,4473.723,2013.87,2019.4,2005.34,2013.16,126190.543
2026-05-28 21:00:00+00:00,73553.5,73900.0,73535.0,73796.3,3755.034,2013.16,2023.5,2012.53,2019.05,71986.782
2026-05-28 22:00:00+00:00,73796.3,73932.2,73423.4,73448.7,3684.541,2019.05,2022.16,2004.43,2004.89,91532.975
2026-05-28 23:00:00+00:00,73448.7,73695.0,73448.7,73591.4,1818.155,2004.89,2011.61,2004.88,2008.92,59623.634
2026-05-29 00:00:00+00:00,73591.4,73834.6,73591.4,73693.8,2940.584,2008.92,2016.29,2008.92,2011.71,81467.394
2026-05-29 01:00:00+00:00,73693.9,73844.0,73430.5,73558.5,3074.38,2011.71,2015.7,2005.09,2007.25,68717.221
2026-05-29 02:00:00+00:00,73558.5,73616.9,73158.8,73201.9,3531.777,2007.26,2010.12,1995.74,1998.51,128485.11
2026-05-29 03:00:00+00:00,73201.9,73434.2,73201.9,73269.2,2273.527,1998.51,2007.27,1998.51,2002.06,60776.532
2026-05-29 04:00:00+00:00,73269.1,73485.7,73171.8,73466.4,2687.266,2002.05,2007.9,1997.53,2007.63,70410.471
2026-05-29 05:00:00+00:00,73466.3,73682.3,73459.1,73663.0,2586.277,2007.64,2014.84,2006.84,2013.63,99724.779
2026-05-29 06:00:00+00:00,73663.0,73908.6,73599.6,73752.5,3791.082,2013.63,2020.76,2011.33,2017.2,80579.279
2026-05-29 07:00:00+00:00,73752.5,73797.3,73333.0,73488.0,6589.026,2017.21,2019.0,2002.31,2006.54,184236.922
2026-05-29 08:00:00+00:00,73488.1,73799.8,73480.1,73625.2,3720.672,2006.53,2013.0,2004.53,2005.43,95442.407
2026-05-29 09:00:00+00:00,73625.1,73866.8,73615.0,73707.8,3377.656,2005.43,2015.4,2005.2,2013.79,69277.53
2026-05-29 10:00:00+00:00,73707.8,73709.3,73556.1,73601.9,2012.414,2013.8,2014.15,2008.75,2010.14,39179.698
2026-05-29 11:00:00+00:00,73601.9,73662.3,73305.1,73447.6,2660.912,2010.13,2013.62,2001.29,2006.62,89082.353
2026-05-29 12:00:00+00:00,73447.5,73447.5,73166.0,73260.0,4671.173,2006.63,2006.63,1993.57,1998.61,192530.348
2026-05-29 13:00:00+00:00,73260.1,73320.0,72866.0,73114.6,10431.33,1998.62,2005.6,1986.39,1998.75,283691.359
2026-05-29 14:00:00+00:00,73114.6,73206.8,72436.0,73065.8,17958.003,1998.75,2004.0,1975.37,2000.92,492151.141
2026-05-29 15:00:00+00:00,73065.8,74177.0,72970.1,73775.4,26414.41,2000.92,2046.0,1998.34,2030.83,992851.497
2026-05-29 16:00:00+00:00,73775.4,74124.0,73528.5,74022.0,10671.356,2030.83,2042.81,2021.23,2039.65,345343.654
2026-05-29 17:00:00+00:00,74022.1,74293.1,73876.1,73954.3,9236.416,2039.65,2043.69,2025.16,2027.57,201912.284
2026-05-29 18:00:00+00:00,73954.7,74040.3,73057.8,73343.0,11357.399,2027.57,2030.99,2003.0,2010.45,297522.502
2026-05-29 19:00:00+00:00,73342.9,73693.6,73207.3,73489.0,5063.897,2010.45,2021.19,2003.65,2016.03,156790.589
2026-05-29 20:00:00+00:00,73489.0,73735.2,73474.2,73644.9,2733.462,2016.02,2023.0,2013.78,2017.48,87732.326
2026-05-29 21:00:00+00:00,73644.9,73829.2,73369.9,73385.3,2960.778,2017.48,2023.31,2007.03,2008.61,106332.776
2026-05-29 22:00:00+00:00,73385.2,73537.6,73344.6,73446.5,2819.48,2008.62,2016.24,2006.61,2012.8,82244.844
2026-05-29 23:00:00+00:00,73446.5,73478.3,73279.3,73428.2,2593.905,2012.81,2014.99,2005.79,2013.35,98471.087
2026-05-30 00:00:00+00:00,73428.2,73545.3,73367.3,73463.3,2044.48,2013.36,2015.37,2009.47,2013.9,55028.087
2026-05-30 01:00:00+00:00,73463.3,73625.9,73430.9,73623.6,1904.226,2013.9,2020.63,2012.5,2018.73,66043.431
2026-05-30 02:00:00+00:00,73623.6,73747.6,73575.0,73747.4,1656.896,2018.73,2020.75,2016.06,2020.62,36868.522
2026-05-30 03:00:00+00:00,73747.4,73757.9,73485.0,73492.4,2342.889,2020.63,2022.69,2013.95,2015.9,64131.298
2026-05-30 04:00:00+00:00,73492.4,73549.7,73130.1,73365.9,5392.981,2015.9,2017.5,2000.83,2010.0,166123.328
2026-05-30 05:00:00+00:00,73365.9,73671.2,73309.4,73567.5,3787.971,2010.0,2023.3,2007.0,2015.04,116282.565
2026-05-30 06:00:00+00:00,73567.5,73685.0,73492.0,73550.7,1817.693,2015.03,2019.79,2011.89,2016.01,53499.116
2026-05-30 07:00:00+00:00,73550.7,73555.0,73448.4,73513.9,1146.127,2016.0,2017.2,2012.73,2015.33,37814.308
2026-05-30 08:00:00+00:00,73514.0,73527.7,73471.0,73491.6,936.345,2015.33,2015.44,2012.88,2013.39,22764.41
2026-05-30 09:00:00+00:00,73491.7,73590.3,73470.5,73576.8,1025.741,2013.39,2016.5,2012.96,2015.82,24854.72
2026-05-30 10:00:00+00:00,73576.8,73648.0,73558.0,73615.4,1539.798,2015.81,2021.88,2015.47,2017.14,81200.292
2026-05-30 11:00:00+00:00,73615.4,73619.8,73529.1,73567.9,983.089,2017.13,2018.33,2014.38,2016.54,26552.868
2026-05-30 12:00:00+00:00,73568.0,73697.2,73556.4,73661.5,1208.698,2016.54,2019.73,2016.2,2019.02,25063.543
2026-05-30 13:00:00+00:00,73661.5,73814.2,73638.2,73805.0,3299.249,2019.01,2021.63,2016.16,2019.82,44693.998
2026-05-30 14:00:00+00:00,73804.9,74078.6,73783.5,73901.0,6239.784,2019.81,2029.99,2019.49,2025.89,151178.81
2026-05-30 15:00:00+00:00,73901.0,74011.2,73803.1,73888.0,2752.922,2025.88,2031.51,2023.39,2025.95,94178.772
2026-05-30 16:00:00+00:00,73888.0,73949.4,73844.3,73899.9,1681.044,2025.95,2027.59,2023.63,2026.27,40487.362
2026-05-30 17:00:00+00:00,73900.0,73989.9,73772.5,73982.0,2549.851,2026.28,2028.34,2018.13,2026.42,72753.952
2026-05-30 18:00:00+00:00,73982.0,74108.8,73899.0,74007.5,2577.946,2026.41,2029.72,2023.72,2026.82,48508.469
2026-05-30 19:00:00+00:00,74007.5,74045.0,73934.9,73980.1,1515.724,2026.81,2028.27,2023.74,2027.96,32054.924
2026-05-30 20:00:00+00:00,73980.0,73986.2,73888.5,73944.5,1402.262,2027.97,2028.8,2025.0,2026.3,25254.14
2026-05-30 21:00:00+00:00,73944.4,74028.3,73888.1,73954.8,1396.51,2026.3,2030.79,2026.3,2027.54,40078.802
2026-05-30 22:00:00+00:00,73954.8,73954.8,73755.6,73849.8,1581.454,2027.55,2027.55,2019.71,2022.51,53041.207
2026-05-30 23:00:00+00:00,73849.8,73971.5,73750.0,73856.8,1760.006,2022.51,2025.38,2019.24,2021.58,33895.973
2026-05-31 00:00:00+00:00,73856.9,74013.8,73821.4,74003.7,1656.714,2021.59,2027.23,2019.85,2026.0,35455.023
2026-05-31 01:00:00+00:00,74003.7,74250.0,73991.1,74021.1,3923.269,2026.0,2033.94,2025.78,2028.38,95610.61
2026-05-31 02:00:00+00:00,74021.2,74211.4,73839.0,74060.9,3386.507,2028.38,2037.55,2026.5,2033.51,134029.023
2026-05-31 03:00:00+00:00,74061.0,74200.0,74030.7,74107.6,1568.561,2033.52,2036.06,2031.22,2032.66,39717.826
2026-05-31 04:00:00+00:00,74107.5,74194.6,74061.8,74144.3,1527.358,2032.66,2034.2,2030.3,2032.85,26380.815
2026-05-31 05:00:00+00:00,74144.3,74180.1,74018.1,74027.9,1185.69,2032.85,2033.01,2028.2,2029.27,29475.926
2026-05-31 06:00:00+00:00,74027.8,74077.5,73958.1,74020.0,1375.184,2029.27,2030.2,2027.54,2028.99,26681.749
2026-05-31 07:00:00+00:00,74020.1,74020.1,73793.2,73833.3,2630.692,2028.99,2028.99,2021.53,2023.14,57455.335
2026-05-31 08:00:00+00:00,73833.2,73952.9,73816.8,73913.4,2101.272,2023.14,2028.4,2022.01,2026.77,71201.95
2026-05-31 09:00:00+00:00,73913.4,73998.9,73779.8,73814.5,1278.977,2026.78,2027.61,2016.9,2020.15,79978.541
2026-05-31 10:00:00+00:00,73814.6,73875.6,73701.0,73871.5,1881.903,2020.14,2020.89,2014.4,2019.92,101111.86
2026-05-31 11:00:00+00:00,73871.5,73949.0,73868.4,73913.6,1037.673,2019.93,2023.37,2019.92,2022.23,29643.933
2026-05-31 12:00:00+00:00,73913.6,73975.1,73841.6,73892.1,1075.096,2022.22,2024.46,2018.17,2021.35,34896.372
2026-05-31 13:00:00+00:00,73892.2,73997.8,73770.1,73841.0,1208.222,2021.35,2025.7,2018.6,2019.44,34689.474
2026-05-31 14:00:00+00:00,73841.0,73841.1,73388.0,73570.3,10243.792,2019.43,2020.73,2004.53,2006.84,343928.846
2026-05-31 15:00:00+00:00,73570.2,73745.6,73550.2,73613.5,1798.301,2006.85,2014.4,2006.22,2009.51,125030.789
2026-05-31 16:00:00+00:00,73613.4,73697.3,73340.7,73499.9,3882.979,2009.5,2011.5,1996.99,2001.13,213503.715
2026-05-31 17:00:00+00:00,73500.0,73704.0,73431.3,73681.3,1743.969,2001.13,2007.0,1995.42,2005.03,125542.57
2026-05-31 18:00:00+00:00,73681.3,73681.3,73540.2,73573.8,1074.422,2005.04,2005.37,1998.2,1999.83,61666.589
2026-05-31 19:00:00+00:00,73573.7,73623.4,73417.2,73521.9,1267.919,1999.83,2001.76,1992.84,1998.76,73884.921
2026-05-31 20:00:00+00:00,73521.9,73732.7,73521.9,73710.9,1887.159,1998.76,2007.77,1998.76,2006.35,56788.629
2026-05-31 21:00:00+00:00,73710.9,73897.6,73590.2,73860.6,2408.604,2006.36,2013.5,2004.1,2011.44,108295.484
2026-05-31 22:00:00+00:00,73860.5,73975.0,73645.6,73918.5,2766.503,2011.43,2013.4,2003.67,2011.67,70564.259
2026-05-31 23:00:00+00:00,73918.6,74179.9,73470.8,73653.2,5330.693,2011.68,2022.27,1999.05,2006.31,142053.406
2026-06-01 00:00:00+00:00,73653.2,74070.5,73620.0,73855.0,3770.449,2006.3,2020.9,2005.15,2014.83,141927.406
2026-06-01 01:00:00+00:00,73854.9,73890.0,73235.0,73257.8,5614.578,2014.82,2016.17,1993.08,1994.02,158089.225
2026-06-01 02:00:00+00:00,73257.9,73865.0,73171.0,73766.3,5651.739,1994.01,2017.46,1990.09,2010.81,188932.398
2026-06-01 03:00:00+00:00,73766.2,73998.8,73692.9,73731.3,3361.378,2010.8,2017.61,2007.72,2008.48,112140.89
2026-06-01 04:00:00+00:00,73731.4,73815.9,73307.7,73497.6,4968.162,2008.47,2011.38,1992.85,1998.83,176836.439
2026-06-01 05:00:00+00:00,73497.5,73507.9,73283.5,73319.5,2267.135,1998.83,2000.54,1990.36,1993.61,101417.521
2026-06-01 06:00:00+00:00,73319.5,73339.3,72917.0,73106.6,7954.82,1993.61,1994.38,1979.0,1987.09,257876.429
2026-06-01 07:00:00+00:00,73106.6,73177.8,72668.0,72776.1,6817.045,1987.09,1989.77,1970.3,1975.46,218443.309
2026-06-01 08:00:00+00:00,72776.1,72907.8,72573.5,72875.7,6995.32,1975.45,1984.51,1971.1,1983.29,192792.924
2026-06-01 09:00:00+00:00,72875.8,73084.0,72801.1,72855.2,5876.471,1983.28,1989.46,1983.02,1986.94,128714.268
2026-06-01 10:00:00+00:00,72855.2,72878.1,72551.0,72725.9,4945.966,1986.95,1988.2,1980.28,1983.86,92595.652
2026-06-01 11:00:00+00:00,72725.9,72742.0,72188.0,72452.8,9571.993,1983.87,1986.19,1976.38,1980.73,90216.772
2026-06-01 12:00:00+00:00,72452.7,72583.7,71862.6,72193.1,22210.026,1980.73,1993.59,1965.89,1988.67,394763.75
2026-06-01 13:00:00+00:00,72193.2,72288.0,71350.0,71698.7,32500.86,1988.67,1989.46,1954.42,1970.61,634030.791
2026-06-01 14:00:00+00:00,71698.8,71884.9,71387.6,71548.5,14314.072,1970.62,1976.79,1963.78,1967.61,298622.173
2026-06-01 15:00:00+00:00,71548.5,71662.6,71035.3,71099.4,17524.364,1967.61,1979.5,1959.1,1967.6,306401.49
2026-06-01 16:00:00+00:00,71099.5,71600.0,70650.9,71537.7,20585.239,1967.61,1978.08,1957.47,1977.25,243651.954
2026-06-01 17:00:00+00:00,71537.7,71788.5,71438.9,71617.9,9208.61,1977.25,1996.42,1976.87,1989.86,335153.338
2026-06-01 18:00:00+00:00,71617.5,71670.7,71350.1,71470.1,5092.421,1989.86,1995.0,1982.56,1991.8,114487.357
2026-06-01 19:00:00+00:00,71470.1,71645.2,71358.0,71571.0,3402.005,1991.8,2008.25,1991.04,2003.92,182138.443
2026-06-01 20:00:00+00:00,71571.0,71670.0,71383.8,71419.8,2339.282,2003.92,2008.25,2000.6,2005.01,104167.263
2026-06-01 21:00:00+00:00,71419.7,71419.8,70911.0,71004.6,6654.354,2005.01,2009.42,1991.83,1993.86,168679.084
2026-06-01 22:00:00+00:00,71004.6,71439.5,70806.0,71376.6,7396.047,1993.86,2005.49,1983.51,2003.82,176797.715
2026-06-01 23:00:00+00:00,71376.7,71564.0,71199.0,71391.5,4448.792,2003.81,2008.19,1997.34,2006.0,117483.001
2026-06-02 00:00:00+00:00,71391.5,71397.0,71071.5,71266.6,3758.49,2006.01,2006.44,1994.32,1995.84,86923.888
2026-06-02 01:00:00+00:00,71266.5,71357.2,70555.7,70615.2,8460.939,1995.84,1998.42,1978.4,1979.3,157068.677
2026-06-02 02:00:00+00:00,70612.2,70855.9,70038.0,70820.0,18148.055,1979.3,1996.56,1961.31,1996.44,446048.408
2026-06-02 03:00:00+00:00,70820.0,71022.4,70768.5,70920.7,4366.617,1996.45,2004.53,1994.46,2003.32,173932.833
2026-06-02 04:00:00+00:00,70920.8,71022.7,70690.1,70782.3,4111.213,2003.32,2005.92,1995.08,1996.09,132819.773
2026-06-02 05:00:00+00:00,70782.3,70820.8,70222.2,70235.1,9508.479,1996.09,2000.64,1983.45,1984.08,200528.667
2026-06-02 06:00:00+00:00,70235.1,70414.9,69889.1,70076.7,12658.956,1984.08,1988.0,1977.07,1981.51,212027.575
2026-06-02 07:00:00+00:00,70076.6,70249.6,69666.8,70079.4,12331.391,1981.52,1989.65,1972.6,1980.9,181923.624
2026-06-02 08:00:00+00:00,70079.5,70146.2,69677.6,69794.4,6528.391,1980.89,1988.8,1976.05,1978.61,152282.518
2026-06-02 09:00:00+00:00,69794.4,69820.4,69277.8,69393.2,13831.28,1978.61,1979.21,1965.52,1974.34,230043.066
2026-06-02 10:00:00+00:00,69393.1,69732.2,69316.5,69620.8,7571.511,1974.35,1983.25,1970.76,1982.77,114063.818
2026-06-02 11:00:00+00:00,69620.9,69635.0,69364.1,69430.2,3599.617,1982.77,1983.0,1974.89,1977.52,67906.452
2026-06-02 12:00:00+00:00,69430.2,69514.6,68955.0,68985.5,12233.401,1977.53,1982.07,1971.6,1975.57,129998.246
2026-06-02 13:00:00+00:00,68985.4,69171.0,68736.0,68788.9,18381.657,1975.56,1981.0,1968.39,1973.44,232741.509
2026-06-02 14:00:00+00:00,68788.9,68818.4,67573.5,67990.0,44046.045,1973.43,1974.48,1924.0,1940.66,1084489.519
2026-06-02 15:00:00+00:00,67989.9,68075.0,67035.5,67274.0,32842.651,1940.65,1940.92,1888.0,1914.11,1160396.578
2026-06-02 16:00:00+00:00,67274.0,68121.9,67196.2,67393.0,26315.425,1914.11,1944.65,1908.59,1919.87,600863.473
2026-06-02 17:00:00+00:00,67393.1,67821.9,67345.0,67466.0,9351.26,1919.87,1930.99,1918.6,1923.49,142677.555
2026-06-02 18:00:00+00:00,67466.0,67641.6,67088.0,67315.5,7382.764,1923.5,1927.39,1902.5,1912.41,206586.908
2026-06-02 19:00:00+00:00,67315.5,67474.2,66388.0,67286.7,27447.846,1912.41,1917.16,1879.24,1911.4,474285.861
2026-06-02 20:00:00+00:00,67286.7,67687.4,66880.1,67556.0,12855.437,1911.4,1918.0,1894.35,1905.57,307483.696
2026-06-02 21:00:00+00:00,67556.0,67899.9,67373.5,67532.1,8980.536,1905.58,1910.66,1896.13,1899.53,137521.716
2026-06-02 22:00:00+00:00,67532.1,67532.1,66210.0,66354.2,21317.088,1899.53,1909.0,1860.0,1867.81,671533.051
2026-06-02 23:00:00+00:00,66354.3,66844.8,66150.7,66730.0,20673.103,1867.82,1872.91,1837.01,1858.96,688739.089
2026-06-03 00:00:00+00:00,66730.1,67195.7,66620.4,66900.2,14643.212,1858.96,1873.72,1853.55,1866.42,280207.902
2026-06-03 01:00:00+00:00,66900.3,67010.0,66442.0,66890.8,10585.483,1866.41,1869.23,1848.42,1863.77,220656.674
2026-06-03 02:00:00+00:00,66890.8,66913.0,66547.4,66588.0,4630.414,1863.77,1864.15,1850.34,1853.42,163192.396
2026-06-03 03:00:00+00:00,66588.0,66635.0,65359.1,65818.4,29211.393,1853.41,1856.08,1816.0,1827.22,563547.794
2026-06-03 04:00:00+00:00,65818.3,66594.7,65791.4,66439.2,13975.579,1827.22,1851.53,1826.85,1850.3,336867.722
2026-06-03 05:00:00+00:00,66439.1,67380.0,66439.1,67290.2,22670.597,1850.3,1875.88,1849.19,1872.66,437614.011
2026-06-03 06:00:00+00:00,67290.2,67493.8,66913.1,66949.3,10542.247,1872.66,1883.64,1869.1,1871.02,410344.846
2026-06-03 07:00:00+00:00,66949.4,67299.9,66828.5,67186.7,6907.108,1871.02,1879.54,1866.91,1877.56,142349.993
2026-06-03 08:00:00+00:00,67186.7,67226.7,66933.6,66987.7,7143.703,1877.55,1882.87,1872.6,1879.34,204233.729
2026-06-03 09:00:00+00:00,66987.7,67313.9,66620.0,67040.9,18551.588,1879.34,1886.28,1869.21,1875.51,259223.994
2026-06-03 10:00:00+00:00,67041.0,67448.0,67032.6,67260.0,6922.156,1875.52,1892.39,1874.18,1884.03,173583.988
2026-06-03 11:00:00+00:00,67260.0,67340.0,67026.6,67040.1,3936.714,1884.03,1887.81,1875.7,1877.6,105127.214
2026-06-03 12:00:00+00:00,67040.1,67142.1,66760.0,67050.8,8318.896,1877.61,1879.62,1867.3,1875.82,186586.358
2026-06-03 13:00:00+00:00,67050.7,67220.2,66605.1,66884.8,10450.216,1875.82,1879.15,1860.44,1866.78,269447.595
2026-06-03 14:00:00+00:00,66884.8,66975.0,66611.9,66840.9,7494.408,1866.77,1868.0,1851.68,1857.96,264538.162
2026-06-03 15:00:00+00:00,66841.0,66880.0,66036.2,66046.5,19094.974,1857.95,1859.21,1835.17,1835.99,359153.209
2026-06-03 16:00:00+00:00,66046.6,66359.4,65508.3,66037.4,24860.392,1835.99,1843.26,1810.09,1831.77,726693.274
2026-06-03 17:00:00+00:00,66037.4,66159.0,65674.9,65934.0,9175.749,1831.78,1838.6,1817.02,1827.4,249582.928
2026-06-03 18:00:00+00:00,65934.0,66141.7,65711.4,66006.6,5382.664,1827.41,1833.76,1820.63,1831.65,123768.649
2026-06-03 19:00:00+00:00,66006.5,66030.7,65199.0,65428.6,13312.575,1831.66,1833.06,1794.2,1802.41,448916.17
2026-06-03 20:00:00+00:00,65428.5,65581.6,64711.1,64971.7,18176.176,1802.42,1812.6,1767.71,1780.43,554469.094
2026-06-03 21:00:00+00:00,64971.8,65829.4,64919.1,65738.6,12497.286,1780.44,1849.88,1776.6,1849.64,555763.393
2026-06-03 22:00:00+00:00,65738.6,65814.2,64733.9,64882.1,13287.809,1849.63,1851.58,1822.22,1828.45,318429.757
2026-06-03 23:00:00+00:00,64882.1,64957.7,64050.8,64117.7,19130.199,1828.44,1830.27,1811.7,1812.46,249746.131
2026-06-04 00:00:00+00:00,64117.7,64412.9,62911.9,63314.4,32017.216,1812.45,1819.9,1781.5,1793.15,589680.654
2026-06-04 01:00:00+00:00,63314.5,63478.5,62066.6,62140.3,33187.939,1793.16,1800.63,1754.16,1759.18,638266.843
2026-06-04 02:00:00+00:00,62140.4,63598.7,61344.8,63198.4,48264.122,1759.17,1778.0,1712.52,1766.11,945659.172
2026-06-04 03:00:00+00:00,63198.4,64495.9,63186.7,64336.2,25029.44,1766.11,1812.0,1765.75,1808.5,516669.984
2026-06-04 04:00:00+00:00,64336.2,64739.8,64233.0,64364.0,12138.136,1808.5,1817.3,1801.55,1804.63,245324.582
2026-06-04 05:00:00+00:00,64363.9,64363.9,63607.4,63927.6,15516.364,1804.64,1804.64,1779.58,1783.37,348072.528
2026-06-04 06:00:00+00:00,63927.6,64480.0,63858.6,64007.2,7456.889,1783.37,1801.44,1781.26,1789.28,227980.744
2026-06-04 07:00:00+00:00,64007.4,64041.8,63450.0,63561.7,13651.696,1789.28,1789.9,1772.29,1776.45,264216.879
2026-06-04 08:00:00+00:00,63561.8,63875.9,63201.1,63595.5,12293.7,1776.45,1782.63,1762.86,1772.66,300153.106
2026-06-04 09:00:00+00:00,63595.5,63616.3,62666.0,63237.4,19123.543,1772.66,1773.4,1743.59,1765.87,464536.516
2026-06-04 10:00:00+00:00,63237.5,63250.0,62256.0,62391.6,29859.942,1765.88,1766.49,1728.88,1736.12,583344.038
2026-06-04 11:00:00+00:00,62391.6,62800.0,62150.8,62520.7,21741.816,1736.12,1754.18,1731.58,1750.67,331152.597
2026-06-04 12:00:00+00:00,62520.7,63947.8,62344.1,63738.1,25027.312,1750.67,1782.45,1743.27,1777.51,477968.594
2026-06-04 13:00:00+00:00,63738.2,64223.1,63038.0,64202.7,28666.685,1777.5,1789.52,1754.28,1784.91,489587.069
2026-06-04 14:00:00+00:00,64202.7,64463.7,63733.0,63923.9,16138.466,1784.9,1793.66,1765.21,1773.67,324684.117
2026-06-04 15:00:00+00:00,63923.8,64380.0,63650.0,63864.8,13018.872,1773.66,1790.63,1769.54,1775.9,233724.355
2026-06-04 16:00:00+00:00,63864.8,63898.9,63412.9,63529.4,8547.533,1775.9,1780.79,1765.02,1771.45,161411.916
2026-06-04 17:00:00+00:00,63529.4,63698.7,62910.0,63511.2,14376.367,1771.44,1775.49,1752.66,1767.05,282871.819
2026-06-04 18:00:00+00:00,63511.1,64091.7,63117.6,63791.1,15695.29,1767.04,1783.03,1759.0,1775.33,205558.492
2026-06-04 19:00:00+00:00,63791.2,64150.8,63508.6,63600.3,9010.124,1775.33,1787.38,1770.1,1776.24,154558.676
2026-06-04 20:00:00+00:00,63600.2,63628.0,63140.8,63600.8,10580.497,1776.23,1776.7,1763.48,1774.09,137889.657
2026-06-04 21:00:00+00:00,63600.8,63847.9,63040.0,63250.2,6186.469,1774.08,1782.29,1755.72,1760.17,150879.514
2026-06-04 22:00:00+00:00,63250.1,63740.2,63150.7,63702.2,6948.656,1760.17,1769.63,1751.6,1767.7,187857.594
2026-06-04 23:00:00+00:00,63702.3,63897.0,63335.1,63853.4,6697.537,1767.7,1776.22,1756.44,1769.86,141817.927
2026-06-05 00:00:00+00:00,63853.4,63955.0,63366.0,63398.3,6077.139,1769.85,1774.34,1757.56,1758.53,163445.902
2026-06-05 01:00:00+00:00,63398.3,63547.5,63011.0,63347.0,8705.901,1758.52,1763.6,1745.43,1752.47,221743.078
2026-06-05 02:00:00+00:00,63347.0,63416.9,62552.2,62585.5,12937.021,1752.48,1754.18,1726.45,1729.52,409119.458
2026-06-05 03:00:00+00:00,62585.6,62861.0,62300.0,62699.7,11767.388,1729.52,1738.98,1721.26,1729.05,286470.823
2026-06-05 04:00:00+00:00,62700.0,63629.9,62456.0,63588.9,12198.337,1729.05,1745.67,1717.58,1743.67,476289.76
2026-06-05 05:00:00+00:00,63589.0,63674.9,62229.6,62294.4,17219.625,1743.67,1747.0,1680.1,1683.37,953447.789
2026-06-05 06:00:00+00:00,62294.1,62614.2,61067.6,61916.8,43244.607,1683.36,1688.61,1622.31,1655.46,1566842.512
2026-06-05 07:00:00+00:00,61916.7,63084.4,61330.5,63075.6,22919.441,1655.46,1679.34,1632.26,1678.28,699998.417
2026-06-05 08:00:00+00:00,63075.5,63088.0,62234.3,62429.9,11546.341,1678.29,1678.63,1658.35,1663.02,286917.537
2026-06-05 09:00:00+00:00,62429.9,63231.8,62405.1,62832.5,10276.57,1663.02,1689.23,1661.75,1681.88,335921.888
2026-06-05 10:00:00+00:00,62832.4,62910.5,62342.1,62510.1,6267.222,1681.88,1684.29,1671.15,1676.03,203928.897
2026-06-05 11:00:00+00:00,62510.0,62621.9,61928.3,61929.5,9661.694,1676.03,1680.88,1662.06,1662.39,259455.376
2026-06-05 12:00:00+00:00,61929.6,62437.5,61578.4,61939.7,18065.956,1662.39,1670.71,1645.01,1656.32,484448.506
2026-06-05 13:00:00+00:00,61939.7,62310.0,60690.8,60700.4,26689.674,1656.31,1677.0,1611.51,1614.19,820357.999
2026-06-05 14:00:00+00:00,60700.4,61217.8,60300.0,60832.7,38987.144,1614.19,1623.88,1590.69,1599.86,1219821.426
2026-06-05 15:00:00+00:00,60832.6,61105.6,60005.8,60400.8,31939.718,1599.86,1603.77,1571.21,1582.2,951084.293
2026-06-05 16:00:00+00:00,60400.8,61550.0,59739.1,61358.1,58804.844,1582.2,1612.0,1546.0,1607.65,1563781.094
2026-06-05 17:00:00+00:00,61358.1,61487.9,60621.2,60786.5,12594.401,1607.65,1612.14,1586.67,1593.22,355163.07
2026-06-05 18:00:00+00:00,60786.5,60933.0,59105.4,59362.2,32030.644,1593.22,1597.98,1544.11,1551.98,717803.345
2026-06-05 19:00:00+00:00,59362.1,60435.2,59080.0,60267.7,23692.266,1551.99,1579.69,1538.13,1573.01,706886.191
2026-06-05 20:00:00+00:00,60267.4,61800.0,59903.8,61586.2,22351.565,1573.03,1607.44,1556.11,1602.4,601484.189
2026-06-05 21:00:00+00:00,61586.1,61985.1,61400.0,61639.5,12170.417,1602.39,1618.85,1601.46,1608.92,310328.234
2026-06-05 22:00:00+00:00,61639.4,61942.4,61169.1,61556.6,13850.543,1608.92,1609.45,1587.94,1596.57,314244.494
2026-06-05 23:00:00+00:00,61556.7,61745.0,60458.0,61022.0,14163.427,1596.57,1603.3,1559.58,1582.35,409854.313
2026-06-06 00:00:00+00:00,61022.0,61500.0,61012.0,61238.4,7564.048,1582.35,1600.56,1581.35,1592.1,224645.255
2026-06-06 01:00:00+00:00,61238.4,61349.7,60912.3,61025.6,4623.78,1592.1,1595.77,1577.05,1582.13,148346.954
2026-06-06 02:00:00+00:00,61025.6,61164.5,60642.4,60918.4,5765.277,1582.13,1584.68,1565.44,1575.13,208815.625
2026-06-06 03:00:00+00:00,60918.3,60940.5,60490.0,60662.6,5489.751,1575.14,1575.76,1554.0,1562.32,235759.786
2026-06-06 04:00:00+00:00,60662.6,60847.5,59451.3,60068.4,22031.624,1562.33,1568.67,1508.29,1521.55,875999.707
2026-06-06 05:00:00+00:00,60068.5,61070.2,59578.8,60918.9,20702.862,1521.56,1568.88,1503.6,1566.09,810240.122
2026-06-06 06:00:00+00:00,60919.0,61250.0,60644.5,60771.8,11698.016,1566.09,1581.43,1555.34,1559.49,447084.954
2026-06-06 07:00:00+00:00,60771.8,61212.7,60705.4,60975.2,7336.922,1559.49,1579.7,1555.5,1574.54,254737.601
2026-06-06 08:00:00+00:00,60975.2,61475.0,60850.0,61239.6,8498.1,1574.54,1592.8,1569.43,1581.86,270538.326
2026-06-06 09:00:00+00:00,61239.5,61298.2,60854.1,60956.7,5320.274,1581.86,1587.99,1564.91,1569.97,262595.469
2026-06-06 10:00:00+00:00,60956.7,60956.7,60146.0,60555.3,14536.034,1569.97,1570.0,1533.33,1547.23,576622.531
2026-06-06 11:00:00+00:00,60555.2,60938.0,60520.0,60773.5,5694.791,1547.22,1566.24,1546.31,1557.73,246126.688
2026-06-06 12:00:00+00:00,60773.5,61173.5,60599.9,61003.6,9784.197,1557.74,1574.99,1550.52,1570.57,343942.697
2026-06-06 13:00:00+00:00,61003.6,61073.6,60668.8,60779.5,5213.726,1570.57,1572.69,1553.33,1556.51,200933.716
2026-06-06 14:00:00+00:00,60779.5,60990.8,60733.0,60762.5,3560.698,1556.52,1566.34,1555.42,1557.03,147817.928
2026-06-06 15:00:00+00:00,60762.5,60900.0,60353.4,60754.1,7524.848,1557.04,1565.28,1542.72,1559.71,245064.576
2026-06-06 16:00:00+00:00,60754.2,60949.9,60417.6,60749.8,6038.819,1559.71,1565.05,1552.41,1562.86,165294.413
2026-06-06 17:00:00+00:00,60749.9,60817.2,60463.0,60553.3,3936.273,1562.87,1565.8,1545.79,1552.56,214737.861
2026-06-06 18:00:00+00:00,60553.2,60723.5,60363.0,60606.0,3583.649,1552.56,1565.31,1548.72,1555.78,167857.551
2026-06-06 19:00:00+00:00,60606.0,60760.4,60502.1,60563.9,2214.691,1555.77,1562.67,1552.56,1553.71,79391.449
2026-06-06 20:00:00+00:00,60563.9,60729.1,60484.5,60678.5,2440.763,1553.71,1559.1,1550.07,1556.67,95608.125
2026-06-06 21:00:00+00:00,60678.4,60969.2,60673.2,60719.3,3053.205,1556.67,1564.4,1556.66,1557.26,77020.394
2026-06-06 22:00:00+00:00,60719.2,60788.6,60390.0,60513.0,5032.414,1557.26,1561.35,1550.56,1557.43,104264.278
2026-06-06 23:00:00+00:00,60513.0,60911.0,60511.0,60849.7,3116.081,1557.44,1569.0,1555.83,1568.6,135596.791
2026-06-07 00:00:00+00:00,60849.7,60962.7,60708.0,60748.3,2990.633,1568.6,1572.0,1563.0,1564.07,130142.693
2026-06-07 01:00:00+00:00,60748.2,61641.4,60720.9,61452.5,13447.678,1564.08,1595.7,1563.0,1589.21,423907.445
2026-06-07 02:00:00+00:00,61452.5,61540.1,61150.0,61469.2,5320.335,1589.2,1594.0,1581.17,1591.61,174174.853
2026-06-07 03:00:00+00:00,61469.3,61763.9,61376.7,61671.1,5046.674,1591.62,1599.99,1588.71,1593.97,158559.077
2026-06-07 04:00:00+00:00,61671.1,61866.0,61447.2,61854.1,5279.246,1593.98,1598.3,1583.69,1595.92,140561.319
2026-06-07 05:00:00+00:00,61854.2,62132.0,61607.9,61709.2,9364.91,1595.92,1608.8,1592.27,1602.99,272324.889
2026-06-07 06:00:00+00:00,61709.3,62254.9,61573.5,62080.1,9917.458,1603.0,1622.95,1597.33,1610.48,506631.086
2026-06-07 07:00:00+00:00,62080.1,62380.0,61951.0,62366.0,8886.719,1610.48,1615.94,1606.33,1614.19,193047.818
2026-06-07 08:00:00+00:00,62366.0,62942.4,62217.4,62823.0,16219.509,1614.2,1642.16,1607.41,1640.65,480230.696
2026-06-07 09:00:00+00:00,62823.0,62887.5,62361.5,62510.0,7994.466,1640.65,1648.0,1628.14,1632.46,315626.866
2026-06-07 10:00:00+00:00,62509.9,62547.8,62273.0,62343.7,5250.485,1632.46,1634.95,1623.64,1624.99,153822.633
2026-06-07 11:00:00+00:00,62343.7,62730.0,62333.0,62598.8,5263.381,1624.98,1633.36,1621.66,1629.39,126974.239
2026-06-07 12:00:00+00:00,62598.8,62617.7,61509.1,61871.1,21819.579,1629.39,1630.59,1605.46,1619.24,451180.384
2026-06-07 13:00:00+00:00,61871.1,61880.0,61612.2,61675.0,5955.28,1619.25,1622.79,1612.68,1616.62,139852.733
2026-06-07 14:00:00+00:00,61675.1,62283.6,61675.0,61872.0,10111.376,1616.62,1639.59,1615.92,1627.16,290748.007
2026-06-07 15:00:00+00:00,61871.9,62196.0,61640.1,62071.6,6764.069,1627.17,1635.33,1619.86,1629.2,157777.596
2026-06-07 16:00:00+00:00,62071.7,62327.0,61912.7,62054.2,5219.03,1629.19,1632.58,1622.34,1627.64,107498.724
2026-06-07 17:00:00+00:00,62054.1,62315.6,62012.2,62129.6,4071.011,1627.65,1636.99,1626.59,1630.09,99275.652
2026-06-07 18:00:00+00:00,62129.6,62267.2,61989.0,62001.6,2079.999,1630.08,1635.68,1627.7,1629.28,63451.94
2026-06-07 19:00:00+00:00,62001.6,62009.1,61150.2,61303.8,15448.708,1629.29,1629.52,1601.99,1611.91,386227.978
2026-06-07 20:00:00+00:00,61303.7,61949.3,61189.7,61843.0,6748.756,1611.9,1630.87,1608.09,1627.0,141077.998
2026-06-07 21:00:00+00:00,61843.1,61980.0,61618.5,61755.0,3502.586,1627.0,1633.81,1622.47,1633.78,74368.166
2026-06-07 22:00:00+00:00,61754.9,64250.0,61690.3,62833.5,32662.168,1633.78,1721.57,1628.0,1671.79,979845.761
2026-06-07 23:00:00+00:00,62833.0,63429.9,62759.5,63298.5,8114.977,1671.79,1690.88,1669.92,1689.66,217898.879
2026-06-08 00:00:00+00:00,63299.0,63849.5,63111.3,63599.2,9954.623,1689.66,1710.97,1682.14,1696.66,385206.743
2026-06-08 01:00:00+00:00,63599.3,63619.5,62676.8,63188.0,12067.272,1696.66,1699.35,1670.14,1686.4,311619.624
2026-06-08 02:00:00+00:00,63188.0,63238.3,62881.9,63097.2,4283.889,1686.4,1688.65,1676.8,1682.73,132042.404
2026-06-08 03:00:00+00:00,63097.2,63438.2,62944.1,63101.6,4210.952,1682.74,1691.92,1675.82,1678.93,125343.462
2026-06-08 04:00:00+00:00,63101.6,63150.0,62616.9,62654.7,5895.229,1678.93,1680.31,1655.2,1656.02,284652.358
2026-06-08 05:00:00+00:00,62654.7,62800.0,62377.0,62740.8,7325.169,1656.02,1659.15,1643.65,1652.65,286802.51
2026-06-08 06:00:00+00:00,62740.8,63119.7,62702.0,62958.8,5677.298,1652.65,1669.18,1651.66,1665.7,230584.34
2026-06-08 07:00:00+00:00,62958.9,63320.9,62779.0,63259.9,5891.372,1665.7,1678.63,1660.7,1672.7,182106.382
2026-06-08 08:00:00+00:00,63259.9,63259.9,62955.7,63100.8,3576.879,1672.71,1672.71,1657.74,1660.44,150616.496
2026-06-08 09:00:00+00:00,63100.9,63554.7,63093.5,63469.9,7425.603,1660.43,1671.36,1656.07,1670.23,220162.294
2026-06-08 10:00:00+00:00,63469.9,63525.0,63053.4,63131.5,6189.668,1670.23,1676.57,1662.48,1671.67,163753.034
2026-06-08 11:00:00+00:00,63131.4,63861.3,63020.0,63450.1,11047.181,1671.67,1696.22,1666.85,1682.93,405912.236
2026-06-08 12:00:00+00:00,63450.1,63948.2,62658.4,63844.5,22904.142,1682.93,1698.0,1664.92,1694.5,472234.119
2026-06-08 13:00:00+00:00,63844.6,63920.0,63330.4,63720.6,13790.78,1694.5,1696.07,1677.54,1680.6,283763.679
2026-06-08 14:00:00+00:00,63720.5,64075.6,63531.9,63933.7,10811.608,1680.6,1693.81,1675.5,1690.51,192692.73
2026-06-08 15:00:00+00:00,63933.7,64179.5,63673.0,63745.4,11587.537,1690.5,1705.77,1687.38,1690.62,339672.919
2026-06-08 16:00:00+00:00,63745.3,64029.5,63430.6,63496.8,7607.381,1690.62,1702.99,1681.28,1681.47,251839.742
2026-06-08 17:00:00+00:00,63496.8,63620.0,63209.6,63519.2,7842.552,1681.47,1686.86,1674.01,1685.68,210093.364
2026-06-08 18:00:00+00:00,63519.1,63659.1,63305.0,63438.0,3208.045,1685.68,1691.71,1677.41,1683.54,118060.113
2026-06-08 19:00:00+00:00,63438.0,63572.1,63317.7,63348.2,3103.656,1683.54,1689.99,1680.0,1683.75,146690.059
2026-06-08 20:00:00+00:00,63348.3,63459.3,63120.4,63459.1,4563.368,1683.75,1688.66,1678.01,1688.66,104901.304
2026-06-08 21:00:00+00:00,63459.1,63832.5,63455.1,63690.8,4030.441,1688.66,1713.72,1688.66,1702.64,305534.866
2026-06-08 22:00:00+00:00,63690.7,63690.7,63171.2,63407.5,6036.812,1702.64,1703.4,1687.28,1702.49,216216.223
2026-06-08 23:00:00+00:00,63407.6,63567.6,62939.7,63057.9,5409.596,1702.5,1714.22,1685.8,1689.21,220574.198
2026-06-09 00:00:00+00:00,63057.9,63157.3,62381.2,62522.6,15947.71,1689.2,1695.77,1658.05,1662.0,546596.042
2026-06-09 01:00:00+00:00,62522.6,62846.6,62513.0,62732.9,6038.258,1662.0,1673.16,1657.08,1667.84,185284.084
2026-06-09 02:00:00+00:00,62732.8,62849.5,62506.8,62840.0,4490.164,1667.84,1671.25,1653.09,1667.21,194365.195
2026-06-09 03:00:00+00:00,62839.9,62945.8,62664.3,62841.0,3847.384,1667.2,1670.86,1662.81,1668.61,92411.467
2026-06-09 04:00:00+00:00,62841.1,63402.0,62715.4,63213.7,9505.94,1668.61,1696.0,1663.39,1685.66,321090.334
2026-06-09 05:00:00+00:00,63213.8,63499.9,63088.0,63318.5,5631.349,1685.66,1694.48,1680.58,1687.61,131712.405
2026-06-09 06:00:00+00:00,63318.5,63487.1,63202.6,63279.4,4791.047,1687.61,1694.85,1683.36,1685.36,113600.285
2026-06-09 07:00:00+00:00,63279.5,63424.0,62970.6,63170.8,6015.433,1685.35,1690.9,1673.76,1679.19,200380.962
2026-06-09 08:00:00+00:00,63170.9,63183.0,62646.0,62816.9,8266.54,1679.19,1679.88,1667.27,1674.1,198791.742
2026-06-09 09:00:00+00:00,62817.0,62923.7,62555.5,62682.5,5482.787,1674.11,1679.37,1663.75,1669.46,144141.006
2026-06-09 10:00:00+00:00,62682.6,62802.7,62560.9,62750.0,4015.766,1669.46,1675.9,1665.85,1673.69,102431.065
2026-06-09 11:00:00+00:00,62750.0,62786.9,62457.5,62679.4,6806.713,1673.68,1674.81,1665.2,1670.74,95263.953
2026-06-09 12:00:00+00:00,62679.5,62868.2,62404.0,62611.6,6095.652,1670.73,1684.09,1669.81,1675.93,186914.384
2026-06-09 13:00:00+00:00,62611.6,62717.7,62125.0,62244.4,13535.918,1675.93,1679.84,1662.63,1665.86,264822.755
2026-06-09 14:00:00+00:00,62244.4,62371.6,61075.9,61511.6,35615.599,1665.86,1670.26,1632.84,1644.9,759988.162
2026-06-09 15:00:00+00:00,61511.6,61680.9,61001.0,61100.7,16545.058,1644.91,1653.0,1633.42,1635.42,413138.752
2026-06-09 16:00:00+00:00,61100.6,61490.0,60755.0,61367.5,26909.919,1635.42,1638.63,1613.1,1631.35,740559.526
2026-06-09 17:00:00+00:00,61367.5,61860.0,61367.0,61667.1,12632.633,1631.36,1648.99,1631.29,1642.09,323413.679
2026-06-09 18:00:00+00:00,61667.2,61939.0,61563.3,61756.1,5648.053,1642.1,1654.93,1638.71,1651.32,163920.464
2026-06-09 19:00:00+00:00,61756.2,62079.5,61685.0,62068.8,6032.774,1651.32,1657.76,1646.76,1656.56,129095.725
2026-06-09 20:00:00+00:00,62068.9,62253.2,61920.9,62132.3,4702.846,1656.56,1662.98,1654.46,1659.79,112406.758
2026-06-09 21:00:00+00:00,62132.3,62149.8,61660.0,61732.2,5903.611,1659.79,1660.91,1646.26,1649.49,101460.033
2026-06-09 22:00:00+00:00,61732.5,61945.4,61630.2,61688.0,3249.56,1649.49,1654.48,1638.5,1638.99,144213.809
2026-06-09 23:00:00+00:00,61687.9,61850.0,61519.0,61695.0,3688.76,1638.99,1641.85,1628.9,1638.64,155246.036
2026-06-10 00:00:00+00:00,61694.9,61908.9,61404.6,61886.5,5067.624,1638.64,1646.0,1628.63,1644.8,124759.328
2026-06-10 01:00:00+00:00,61886.5,61947.4,61544.2,61680.7,4252.258,1644.8,1646.27,1632.49,1638.14,170318.512
2026-06-10 02:00:00+00:00,61680.7,61807.9,61201.0,61271.3,6430.764,1638.14,1641.76,1620.63,1623.31,171052.797
2026-06-10 03:00:00+00:00,61271.4,61571.1,61250.0,61518.2,3472.635,1623.31,1635.71,1622.6,1629.88,99436.562
2026-06-10 04:00:00+00:00,61518.3,61535.0,61153.5,61269.6,4116.843,1629.87,1632.21,1621.07,1625.19,92934.864
2026-06-10 05:00:00+00:00,61269.6,61368.0,61045.7,61321.6,4160.181,1625.2,1629.48,1615.34,1627.26,139365.655
2026-06-10 06:00:00+00:00,61321.6,61493.0,61108.8,61436.5,4853.421,1627.27,1633.54,1621.64,1631.17,117029.664
2026-06-10 07:00:00+00:00,61436.4,61783.4,61400.7,61654.3,6313.665,1631.17,1642.99,1629.76,1639.32,190124.107
2026-06-10 08:00:00+00:00,61654.3,61707.6,61128.7,61228.7,7510.133,1639.32,1640.08,1617.29,1620.46,226600.229
2026-06-10 09:00:00+00:00,61228.8,61396.4,60691.9,61302.7,12001.158,1620.47,1625.78,1605.0,1622.92,300890.995
2026-06-10 10:00:00+00:00,61303.2,61426.7,61113.2,61350.1,4009.363,1622.93,1629.24,1617.09,1627.46,110395.018
2026-06-10 11:00:00+00:00,61350.1,61406.0,60824.5,61003.1,9567.514,1627.47,1629.54,1610.54,1619.18,286989.606
2026-06-10 12:00:00+00:00,61003.1,61918.0,60930.0,61531.7,17186.613,1619.17,1644.9,1615.01,1634.41,470415.32
2026-06-10 13:00:00+00:00,61531.8,62445.0,61406.8,62123.9,18689.305,1634.41,1667.31,1630.66,1650.96,578585.115
2026-06-10 14:00:00+00:00,62123.9,62230.0,61782.0,62170.8,11613.002,1650.97,1654.94,1636.31,1645.76,347406.575
2026-06-10 15:00:00+00:00,62170.9,62840.2,61814.0,62604.8,18864.285,1645.77,1665.0,1634.54,1657.09,471403.426
2026-06-10 16:00:00+00:00,62604.7,62617.1,61891.2,62194.5,9692.542,1657.1,1658.12,1631.4,1641.31,290053.006
2026-06-10 17:00:00+00:00,62194.6,62330.3,61616.0,61944.5,11161.95,1641.31,1647.06,1621.46,1631.45,342023.328
2026-06-10 18:00:00+00:00,61944.4,62137.3,61552.0,61856.0,6181.953,1631.44,1636.4,1621.17,1630.28,162380.749
2026-06-10 19:00:00+00:00,61856.0,62038.0,61641.4,61908.7,4545.789,1630.27,1632.89,1622.05,1629.22,122936.725
2026-06-10 20:00:00+00:00,61908.7,61921.2,61644.4,61770.1,3195.626,1629.22,1635.45,1622.0,1629.6,127908.896
2026-06-10 21:00:00+00:00,61770.1,61773.1,61150.1,61327.3,7887.368,1629.6,1629.6,1602.05,1610.54,284703.54
2026-06-10 22:00:00+00:00,61327.4,61547.9,61068.6,61353.2,7637.894,1610.54,1621.71,1603.52,1615.71,202528.639
2026-06-10 23:00:00+00:00,61353.1,61582.1,61135.8,61483.7,4642.378,1615.71,1624.5,1608.28,1620.72,143769.621
2026-06-11 00:00:00+00:00,61483.6,61955.8,61483.6,61794.6,6629.261,1620.72,1633.8,1620.72,1627.62,153353.868
2026-06-11 01:00:00+00:00,61794.6,62350.0,61793.5,62180.3,6360.787,1627.62,1646.92,1627.49,1642.22,176336.764
2026-06-11 02:00:00+00:00,62180.4,62278.3,61911.5,62113.5,4726.248,1642.22,1644.83,1629.74,1640.08,136928.124
2026-06-11 03:00:00+00:00,62113.5,62922.0,61975.6,62657.5,11223.901,1640.09,1662.07,1635.28,1653.19,286231.894
2026-06-11 04:00:00+00:00,62657.5,62827.0,62512.6,62692.9,6342.014,1653.2,1658.98,1649.2,1656.08,154225.273
2026-06-11 05:00:00+00:00,62692.8,62696.7,62527.5,62581.7,3206.604,1656.09,1656.19,1646.59,1647.09,118891.92
2026-06-11 06:00:00+00:00,62581.7,62993.4,62507.9,62734.2,7813.001,1647.09,1662.72,1645.36,1654.06,253373.69
2026-06-11 07:00:00+00:00,62734.1,62812.2,62574.3,62693.3,4667.736,1654.05,1657.7,1650.52,1653.67,105269.559
2026-06-11 08:00:00+00:00,62693.2,63043.1,62691.7,62927.2,6684.514,1653.67,1663.94,1653.65,1659.31,165704.248
2026-06-11 09:00:00+00:00,62927.2,62970.7,62753.3,62899.9,4093.748,1659.3,1661.36,1655.08,1658.27,87336.576
2026-06-11 10:00:00+00:00,62900.0,63188.0,62771.0,63120.3,8162.024,1658.27,1660.88,1653.34,1657.95,97566.555
2026-06-11 11:00:00+00:00,63120.2,63235.9,63020.6,63078.0,7361.917,1657.94,1673.59,1655.41,1665.76,269578.651
2026-06-11 12:00:00+00:00,63078.0,63173.8,62455.8,62978.3,20933.227,1665.77,1665.94,1641.0,1650.82,452104.329
2026-06-11 13:00:00+00:00,62978.3,63200.0,62644.7,63046.1,13026.119,1650.83,1658.6,1643.4,1652.44,200321.138
2026-06-11 14:00:00+00:00,63046.1,63060.0,62697.0,62699.6,7669.427,1652.45,1654.79,1638.01,1642.25,298476.175
2026-06-11 15:00:00+00:00,62699.6,62856.7,62494.6,62721.1,8504.57,1642.25,1650.0,1635.2,1644.64,226482.842
2026-06-11 16:00:00+00:00,62721.2,62810.0,62502.4,62546.6,4781.27,1644.64,1648.7,1637.29,1638.82,131536.063
2026-06-11 17:00:00+00:00,62546.6,63643.0,62315.0,63614.2,28276.294,1638.82,1693.38,1631.32,1688.07,877399.542
2026-06-11 18:00:00+00:00,63614.2,63768.7,63283.4,63426.0,9903.762,1688.06,1691.42,1676.13,1683.31,310433.341
2026-06-11 19:00:00+00:00,63426.0,63915.3,63350.4,63567.6,10032.986,1683.32,1693.27,1675.12,1680.29,225539.276
2026-06-11 20:00:00+00:00,63567.7,63633.6,63235.8,63361.9,4935.297,1680.29,1682.05,1666.0,1671.49,161560.896
2026-06-11 21:00:00+00:00,63361.9,63571.5,63359.7,63487.2,2172.23,1671.49,1682.79,1671.38,1676.28,97088.068
2026-06-11 22:00:00+00:00,63487.3,63640.6,63425.0,63467.1,2216.095,1676.29,1682.51,1674.31,1675.25,74653.027
2026-06-11 23:00:00+00:00,63467.1,63712.3,63328.1,63597.9,4271.542,1675.26,1678.45,1669.38,1672.57,99284.601
2026-06-12 00:00:00+00:00,63598.0,63777.0,63489.8,63617.7,4243.194,1672.57,1676.99,1668.72,1671.85,96934.996
2026-06-12 01:00:00+00:00,63617.7,63617.7,63271.6,63402.9,4466.191,1671.86,1671.96,1658.88,1666.47,137846.733
2026-06-12 02:00:00+00:00,63402.9,63758.4,63402.9,63589.3,3408.002,1666.47,1678.16,1665.83,1674.72,86205.772
2026-06-12 03:00:00+00:00,63589.2,63620.1,63314.7,63490.0,2027.229,1674.72,1675.81,1667.71,1672.39,46977.392
2026-06-12 04:00:00+00:00,63490.1,63843.2,63391.2,63670.4,5901.952,1672.4,1681.84,1668.21,1676.57,114276.904
2026-06-12 05:00:00+00:00,63670.5,63695.4,63265.4,63317.6,6047.081,1676.58,1677.01,1661.05,1663.29,154708.714
2026-06-12 06:00:00+00:00,63317.6,63385.9,62800.0,62955.9,8541.968,1663.29,1665.88,1651.17,1656.49,201709.386
2026-06-12 07:00:00+00:00,62956.0,63180.8,62919.9,63066.5,4785.19,1656.5,1664.26,1655.24,1661.21,111631.984
2026-06-12 08:00:00+00:00,63066.5,63587.0,63063.9,63440.5,6555.915,1661.23,1677.32,1661.21,1672.44,200958.01
2026-06-12 09:00:00+00:00,63440.5,63929.9,63398.3,63729.5,7939.036,1672.43,1684.99,1670.33,1679.35,203227.638
2026-06-12 10:00:00+00:00,63729.5,63824.0,63541.9,63665.1,4205.305,1679.35,1682.5,1670.7,1674.03,130707.959
2026-06-12 11:00:00+00:00,63665.2,63855.8,63650.0,63729.4,3381.03,1674.03,1677.89,1671.05,1672.85,71801.915
2026-06-12 12:00:00+00:00,63729.4,63745.1,63331.9,63433.7,5597.36,1672.86,1672.86,1661.91,1665.83,143824.309
2026-06-12 13:00:00+00:00,63433.8,63507.9,63020.6,63200.3,9236.386,1665.84,1668.15,1652.5,1656.77,252978.777
2026-06-12 14:00:00+00:00,63200.3,63988.0,63160.4,63971.0,14271.383,1656.78,1685.71,1655.34,1684.89,379182.863
2026-06-12 15:00:00+00:00,63971.1,64362.6,63504.2,63557.0,26003.214,1684.89,1690.51,1657.22,1658.98,617075.532
2026-06-12 16:00:00+00:00,63557.1,63974.8,63477.5,63951.2,8532.953,1658.98,1674.99,1656.26,1671.99,288957.423
2026-06-12 17:00:00+00:00,63951.2,64083.3,63708.0,63836.9,4217.505,1672.0,1677.5,1666.35,1668.02,105090.212
2026-06-12 18:00:00+00:00,63836.9,63907.0,63647.9,63661.8,3095.609,1668.02,1672.8,1662.55,1666.19,112640.936
2026-06-12 19:00:00+00:00,63661.8,63790.8,63555.0,63555.1,3164.169,1666.18,1671.9,1664.0,1665.08,62161.911
2026-06-12 20:00:00+00:00,63555.0,63664.4,63352.3,63417.9,4000.142,1665.08,1667.14,1660.85,1664.05,46429.084
2026-06-12 21:00:00+00:00,63418.2,63608.1,63413.0,63450.1,2246.705,1664.05,1667.32,1662.1,1663.42,38282.621
2026-06-12 22:00:00+00:00,63450.0,63633.3,63435.6,63482.8,2214.568,1663.43,1666.6,1660.5,1661.73,36520.403
2026-06-12 23:00:00+00:00,63482.8,63554.7,63394.3,63547.0,1641.695,1661.73,1665.57,1657.8,1665.48,48030.208
2026-06-13 00:00:00+00:00,63547.0,63625.2,63480.0,63573.9,1951.164,1665.49,1668.45,1664.49,1666.62,46046.449
2026-06-13 01:00:00+00:00,63573.9,63828.4,63573.9,63801.0,2669.191,1666.63,1675.98,1665.77,1673.33,88194.834
2026-06-13 02:00:00+00:00,63801.1,63806.9,63517.8,63612.0,2457.955,1673.34,1673.86,1664.72,1667.23,59051.845
2026-06-13 03:00:00+00:00,63612.1,63695.0,63360.0,63494.4,3026.794,1667.24,1668.84,1662.62,1664.4,58886.037
2026-06-13 04:00:00+00:00,63494.4,63619.1,63444.9,63475.2,1293.536,1664.39,1667.39,1662.78,1663.7,39566.319
2026-06-13 05:00:00+00:00,63475.2,63564.8,63456.0,63554.9,1208.298,1663.69,1664.85,1661.2,1664.47,44752.736
2026-06-13 06:00:00+00:00,63554.9,63720.2,63516.3,63707.2,1642.636,1664.47,1669.6,1663.09,1669.1,41684.885
2026-06-13 07:00:00+00:00,63707.2,63879.0,63637.1,63823.9,4873.909,1669.11,1677.29,1667.63,1675.51,148051.213
2026-06-13 08:00:00+00:00,63823.9,63896.5,63729.8,63771.6,3461.243,1675.51,1679.33,1672.72,1673.72,121145.022
2026-06-13 09:00:00+00:00,63771.5,63833.0,63708.2,63709.9,1419.807,1673.72,1675.69,1672.1,1672.97,40001.893
2026-06-13 10:00:00+00:00,63709.9,63883.2,63683.1,63812.9,2679.471,1672.97,1675.75,1671.99,1673.35,38897.481
2026-06-13 11:00:00+00:00,63813.0,63949.9,63809.4,63936.1,2414.403,1673.35,1678.25,1672.5,1677.53,68416.101
2026-06-13 12:00:00+00:00,63936.1,64187.7,63882.6,64103.1,4756.321,1677.54,1683.49,1676.01,1679.81,80901.35
2026-06-13 13:00:00+00:00,64103.0,64217.0,64026.6,64071.0,4732.652,1679.81,1680.76,1675.66,1677.09,82809.001
2026-06-13 14:00:00+00:00,64071.0,64208.8,64052.3,64189.7,2178.915,1677.1,1680.81,1676.78,1679.23,50503.593
2026-06-13 15:00:00+00:00,64189.8,64323.0,64147.2,64265.0,4558.288,1679.24,1685.98,1677.69,1681.44,151416.151
2026-06-13 16:00:00+00:00,64265.1,64280.0,63862.9,63996.2,8214.293,1681.44,1681.94,1670.5,1676.0,231624.459
2026-06-13 17:00:00+00:00,63996.1,64090.1,63902.0,63939.7,2988.244,1675.99,1677.88,1672.24,1673.45,73589.284
2026-06-13 18:00:00+00:00,63939.7,64247.8,63939.6,64122.7,3116.164,1673.46,1681.85,1673.3,1677.43,57553.585
2026-06-13 19:00:00+00:00,64122.7,64298.7,64111.1,64264.2,3087.802,1677.42,1679.34,1674.88,1677.51,33618.921
2026-06-13 20:00:00+00:00,64264.2,64264.3,64195.3,64252.4,1079.311,1677.5,1677.59,1674.14,1675.65,26459.813
2026-06-13 21:00:00+00:00,64252.4,64738.0,64189.6,64435.2,7334.893,1675.66,1698.1,1674.0,1685.68,162423.453
2026-06-13 22:00:00+00:00,64435.2,64529.0,64349.3,64413.4,2850.59,1685.67,1685.79,1680.72,1680.72,53997.877
2026-06-13 23:00:00+00:00,64413.4,64572.0,64350.5,64418.2,2165.507,1680.73,1683.48,1677.3,1680.41,49201.978
2026-06-14 00:00:00+00:00,64418.3,64548.6,64338.8,64519.3,2060.185,1680.42,1682.8,1678.0,1681.2,31193.771
2026-06-14 01:00:00+00:00,64519.2,64682.2,64466.4,64534.1,2612.929,1681.21,1689.9,1679.32,1682.97,71770.628
2026-06-14 02:00:00+00:00,64534.0,64606.4,64436.7,64450.0,2045.452,1682.97,1685.0,1680.72,1681.57,42142.313
2026-06-14 03:00:00+00:00,64450.1,64518.4,64421.7,64515.0,3269.628,1681.57,1682.6,1678.85,1680.98,42089.591
2026-06-14 04:00:00+00:00,64515.0,64532.8,64281.0,64300.0,2599.296,1680.99,1682.01,1675.34,1677.05,51063.016
2026-06-14 05:00:00+00:00,64300.0,64378.5,64260.0,64318.1,2076.942,1677.06,1678.35,1673.11,1677.38,51590.355
2026-06-14 06:00:00+00:00,64318.1,64450.1,64208.5,64258.0,3360.246,1677.37,1681.75,1674.35,1675.56,91804.288
2026-06-14 07:00:00+00:00,64258.0,64412.7,64186.5,64392.0,2472.615,1675.57,1676.7,1672.67,1674.92,58784.852
2026-06-14 08:00:00+00:00,64392.1,64486.9,64353.2,64423.1,1629.08,1674.92,1677.98,1673.71,1674.8,44560.337
2026-06-14 09:00:00+00:00,64423.1,64593.1,64281.1,64584.7,3100.679,1674.8,1678.4,1667.57,1677.61,134796.949
2026-06-14 10:00:00+00:00,64584.8,64640.6,64452.8,64485.4,2531.79,1677.61,1677.82,1672.17,1672.2,44143.697
2026-06-14 11:00:00+00:00,64485.5,64614.4,64419.3,64511.7,1865.041,1672.19,1676.26,1671.35,1672.74,45803.665
2026-06-14 12:00:00+00:00,64511.7,64531.2,64255.9,64296.8,3294.214,1672.74,1673.88,1664.15,1666.07,115464.544
2026-06-14 13:00:00+00:00,64296.7,64369.0,64207.3,64287.5,2943.823,1666.07,1668.21,1663.28,1665.58,81396.146
2026-06-14 14:00:00+00:00,64287.4,64313.1,63830.0,63953.7,8475.881,1665.58,1669.49,1653.36,1658.74,241034.842
2026-06-14 15:00:00+00:00,63953.7,64123.8,63945.8,63995.2,4281.19,1658.73,1664.0,1658.64,1662.04,109403.257
2026-06-14 16:00:00+00:00,63995.2,64183.4,63901.3,63913.8,3323.998,1662.05,1667.95,1659.0,1660.71,101089.002
2026-06-14 17:00:00+00:00,63913.8,64000.0,63650.0,63706.1,5470.458,1660.7,1666.0,1660.01,1661.42,71628.183
2026-06-14 18:00:00+00:00,63706.2,63791.9,63650.9,63783.9,3170.311,1661.42,1662.7,1658.08,1661.3,51491.998
2026-06-14 19:00:00+00:00,63783.9,63830.9,63702.0,63777.3,1358.481,1661.3,1667.32,1660.26,1664.64,43009.872
2026-06-14 20:00:00+00:00,63777.4,64070.0,63761.5,63978.1,3073.059,1664.64,1673.54,1661.63,1669.51,90219.383
2026-06-14 21:00:00+00:00,63978.2,65652.0,63973.4,65284.4,27695.963,1669.52,1732.0,1669.08,1717.9,775836.462
2026-06-14 22:00:00+00:00,65284.4,65555.0,64918.2,65389.2,14246.288,1717.9,1728.36,1711.34,1721.66,322078.396
2026-06-14 23:00:00+00:00,65389.2,65775.0,65217.0,65702.1,9775.909,1721.67,1725.69,1715.71,1724.74,173073.313
2026-06-15 00:00:00+00:00,65702.1,65880.0,65444.0,65591.4,9044.986,1724.74,1731.76,1718.85,1720.05,193610.882
2026-06-15 01:00:00+00:00,65591.4,65705.6,65314.3,65482.6,5936.809,1720.05,1721.4,1708.45,1714.96,183697.236
2026-06-15 02:00:00+00:00,65482.6,65749.0,65383.6,65429.3,3923.62,1714.96,1726.26,1713.24,1715.85,103820.215
2026-06-15 03:00:00+00:00,65429.3,65996.8,65393.4,65894.7,9255.319,1715.84,1723.59,1714.5,1720.12,105370.24
2026-06-15 04:00:00+00:00,65894.6,65894.7,65601.8,65612.2,3331.818,1720.11,1720.11,1715.15,1716.29,127529.39
2026-06-15 05:00:00+00:00,65612.2,65844.7,65577.8,65828.1,3066.816,1716.28,1722.0,1715.04,1719.88,84153.393
2026-06-15 06:00:00+00:00,65828.0,65933.0,65716.4,65773.0,4071.861,1719.88,1722.4,1717.35,1719.11,67366.397
2026-06-15 07:00:00+00:00,65773.0,65978.1,65580.0,65642.3,5386.6,1719.12,1723.09,1715.43,1715.58,99531.153
2026-06-15 08:00:00+00:00,65642.4,65768.1,65580.3,65619.9,3912.2,1715.57,1721.0,1714.2,1719.51,79805.724
2026-06-15 09:00:00+00:00,65620.0,65740.1,65469.0,65559.9,3326.393,1719.51,1726.53,1711.27,1717.65,209652.884
2026-06-15 10:00:00+00:00,65559.8,65934.3,65545.2,65884.7,7895.239,1717.64,1750.0,1717.26,1736.79,436275.986
2026-06-15 11:00:00+00:00,65884.7,66346.2,65807.3,66192.0,15452.401,1736.78,1770.0,1733.14,1763.78,656671.138
2026-06-15 12:00:00+00:00,66192.0,66570.0,66056.4,66528.5,12174.401,1763.78,1777.37,1759.35,1776.6,382090.81
2026-06-15 13:00:00+00:00,66528.5,66915.2,66375.1,66410.8,20545.811,1776.6,1826.86,1773.47,1813.3,1159833.055
2026-06-15 14:00:00+00:00,66410.8,66646.8,66265.0,66552.3,8252.837,1813.3,1817.75,1804.02,1813.66,281443.101
2026-06-15 15:00:00+00:00,66552.4,67255.4,66541.5,67248.5,13362.263,1813.65,1848.78,1812.36,1844.55,582265.708
2026-06-15 16:00:00+00:00,67248.5,67254.5,67051.1,67122.3,7578.852,1844.55,1846.89,1836.66,1841.89,307025.88
2026-06-15 17:00:00+00:00,67122.3,67122.4,66635.1,66820.7,8193.907,1841.88,1841.89,1822.74,1828.3,297538.819
2026-06-15 18:00:00+00:00,66820.7,66900.0,66678.5,66726.1,3557.451,1828.31,1834.92,1824.75,1827.05,116551.232
2026-06-15 19:00:00+00:00,66726.1,66856.1,66302.4,66579.2,6172.572,1827.06,1833.72,1810.5,1820.94,257353.641
2026-06-15 20:00:00+00:00,66579.1,66658.2,66445.0,66489.6,2244.671,1820.94,1825.87,1814.17,1816.1,86876.109
2026-06-15 21:00:00+00:00,66489.6,66534.8,66284.8,66337.1,2945.274,1816.1,1821.47,1808.62,1810.56,98328.955
2026-06-15 22:00:00+00:00,66337.1,66446.2,66065.1,66170.0,5545.129,1810.57,1812.8,1786.01,1788.79,302944.668
2026-06-15 23:00:00+00:00,66170.0,66335.5,66086.6,66285.9,2775.711,1788.79,1796.96,1781.87,1795.16,183958.159
2026-06-16 00:00:00+00:00,66285.9,66426.9,66197.2,66216.9,3431.519,1795.15,1801.86,1787.96,1788.6,153069.038
2026-06-16 01:00:00+00:00,66216.8,66388.8,66206.6,66309.9,2298.901,1788.61,1796.45,1788.19,1791.25,79754.917
2026-06-16 02:00:00+00:00,66309.9,66331.8,65655.0,65714.1,9099.747,1791.26,1793.26,1766.2,1769.36,341617.146
2026-06-16 03:00:00+00:00,65714.0,66145.4,65607.1,66125.4,6605.331,1769.36,1779.83,1763.87,1778.22,213798.985
2026-06-16 04:00:00+00:00,66125.4,66252.2,65768.7,65811.1,5555.333,1778.21,1782.37,1757.36,1759.71,290434.165
2026-06-16 05:00:00+00:00,65811.1,66119.9,65811.1,66028.0,3516.107,1759.71,1765.28,1759.21,1761.22,160622.915
2026-06-16 06:00:00+00:00,66028.1,66543.5,66025.1,66406.4,5633.376,1761.22,1773.19,1761.22,1770.39,166030.743
2026-06-16 07:00:00+00:00,66406.3,66497.0,66272.1,66341.7,3952.601,1770.39,1775.89,1768.18,1773.23,104862.543
2026-06-16 08:00:00+00:00,66341.8,66956.7,66310.5,66863.9,9095.48,1773.23,1807.32,1772.2,1802.25,379151.915
2026-06-16 09:00:00+00:00,66863.9,66884.6,66440.1,66478.4,5305.599,1802.26,1804.97,1786.12,1788.83,233454.6
2026-06-16 10:00:00+00:00,66478.5,66755.5,66451.1,66476.1,3834.46,1788.83,1799.82,1787.55,1793.09,151659.947
2026-06-16 11:00:00+00:00,66476.1,66619.3,66325.4,66456.0,3380.096,1793.09,1799.76,1790.12,1798.73,91771.197
2026-06-16 12:00:00+00:00,66456.0,66787.1,66325.2,66390.5,6611.999,1798.73,1839.54,1795.78,1814.05,631172.437
2026-06-16 13:00:00+00:00,66390.5,66435.6,65893.2,66012.7,10953.391,1814.04,1816.44,1790.39,1797.12,462233.465
2026-06-16 14:00:00+00:00,66012.8,66239.3,65328.8,65630.2,15588.828,1797.11,1805.0,1762.17,1779.51,648216.598
2026-06-16 15:00:00+00:00,65630.2,65981.5,65580.0,65841.8,7659.939,1779.52,1787.72,1773.32,1781.41,260232.376
2026-06-16 16:00:00+00:00,65841.8,65932.3,65675.2,65730.8,3289.048,1781.41,1784.75,1771.79,1776.96,170323.959
2026-06-16 17:00:00+00:00,65730.9,65991.7,65677.1,65946.2,3368.206,1776.97,1798.82,1776.29,1794.24,179806.625
2026-06-16 18:00:00+00:00,65946.2,66246.1,65767.0,65822.4,5488.113,1794.24,1807.71,1791.77,1798.48,231005.188
2026-06-16 19:00:00+00:00,65822.5,65822.5,65529.0,65653.2,4965.888,1798.47,1800.37,1789.01,1794.63,134387.75
2026-06-16 20:00:00+00:00,65653.2,65832.7,65561.3,65824.0,2517.971,1794.63,1798.1,1788.3,1797.12,83392.594
2026-06-16 21:00:00+00:00,65824.0,65908.4,65609.8,65741.2,2613.731,1797.12,1799.82,1789.65,1795.41,61696.551
2026-06-16 22:00:00+00:00,65741.3,65855.0,65644.6,65745.2,2574.361,1795.42,1798.66,1790.0,1795.29,65538.836
2026-06-16 23:00:00+00:00,65745.2,65805.0,65580.1,65644.8,1766.401,1795.3,1798.0,1790.26,1792.32,51548.305
2026-06-17 00:00:00+00:00,65644.8,65821.0,65644.8,65679.4,2124.11,1792.33,1798.28,1791.04,1793.36,61156.469
2026-06-17 01:00:00+00:00,65679.4,65925.1,65427.9,65901.1,4784.4,1793.36,1798.25,1778.48,1796.95,185840.332
2026-06-17 02:00:00+00:00,65901.1,66092.5,65743.0,65872.7,3487.582,1796.95,1809.67,1787.51,1794.63,183598.429
2026-06-17 03:00:00+00:00,65872.6,65872.7,65671.8,65818.6,1896.242,1794.63,1796.51,1786.38,1792.83,87754.465
2026-06-17 04:00:00+00:00,65818.6,66019.0,65744.2,65852.5,1896.801,1792.83,1801.41,1791.15,1793.5,65848.604
2026-06-17 05:00:00+00:00,65852.5,65948.5,65702.9,65796.1,2152.245,1793.5,1798.62,1788.18,1793.21,84950.017
2026-06-17 06:00:00+00:00,65796.1,65869.8,65535.0,65589.4,3412.922,1793.2,1796.45,1785.27,1789.46,106965.655
2026-06-17 07:00:00+00:00,65589.4,65680.3,65200.0,65504.0,9271.031,1789.46,1791.79,1777.52,1784.4,156456.727
2026-06-17 08:00:00+00:00,65503.9,65549.8,64800.0,64889.8,13620.919,1784.39,1785.68,1759.14,1764.57,326946.764
2026-06-17 09:00:00+00:00,64889.9,65045.0,64800.4,64880.1,6116.04,1764.56,1777.0,1764.18,1772.29,177613.018
2026-06-17 10:00:00+00:00,64880.0,64964.2,64733.5,64770.4,3937.974,1772.29,1775.44,1766.21,1767.67,94376.399
2026-06-17 11:00:00+00:00,64770.4,64834.9,64525.0,64774.5,8169.245,1767.66,1770.0,1758.0,1763.22,206353.795
2026-06-17 12:00:00+00:00,64774.6,65080.3,64550.7,65005.3,7979.636,1763.22,1765.28,1741.31,1758.25,457970.678
2026-06-17 13:00:00+00:00,65005.2,65333.0,64804.1,65232.9,9997.319,1758.25,1771.35,1753.75,1760.14,294785.128
2026-06-17 14:00:00+00:00,65232.6,65434.1,64722.6,65072.4,10063.625,1760.13,1764.73,1740.36,1754.1,303836.343
2026-06-17 15:00:00+00:00,65072.4,65834.1,64943.5,65712.7,9718.331,1754.1,1776.5,1750.31,1772.54,252001.036
2026-06-17 16:00:00+00:00,65712.7,66419.2,65676.8,65829.7,14049.492,1772.54,1791.39,1768.51,1770.99,309649.472
2026-06-17 17:00:00+00:00,65829.6,66160.0,65755.0,66073.1,5298.208,1771.0,1795.58,1766.37,1788.48,198986.129
2026-06-17 18:00:00+00:00,66073.1,66085.3,64746.6,65481.3,32342.617,1788.45,1788.58,1745.16,1769.25,823431.5
2026-06-17 19:00:00+00:00,65481.2,65632.0,64015.0,64271.3,27562.287,1769.25,1774.74,1728.24,1734.02,674590.162
2026-06-17 20:00:00+00:00,64271.4,64460.8,64137.1,64405.9,7023.72,1734.02,1747.26,1732.28,1746.54,199348.066
2026-06-17 21:00:00+00:00,64405.9,64427.0,64104.0,64229.4,4138.35,1746.54,1747.47,1735.66,1738.26,92577.358
2026-06-17 22:00:00+00:00,64229.4,64415.7,63881.2,64265.3,7515.198,1738.25,1745.91,1724.22,1739.62,159966.496
2026-06-17 23:00:00+00:00,64265.3,64495.3,64216.6,64472.9,2928.005,1739.63,1751.14,1739.25,1749.56,84341.97
2026-06-18 00:00:00+00:00,64472.9,64676.5,64422.4,64432.8,3367.814,1749.57,1758.74,1749.03,1752.13,113012.79
2026-06-18 01:00:00+00:00,64432.8,64780.0,64429.1,64520.9,3711.292,1752.13,1762.34,1751.82,1754.21,101246.379
2026-06-18 02:00:00+00:00,64520.9,64750.0,64453.2,64652.3,2543.649,1754.22,1758.5,1749.21,1754.94,75886.133
2026-06-18 03:00:00+00:00,64652.3,64652.3,64228.9,64255.0,5092.146,1754.94,1755.31,1740.22,1743.27,156644.596
2026-06-18 04:00:00+00:00,64255.0,64323.4,63785.0,63850.1,9767.176,1743.27,1745.0,1728.77,1729.71,197202.015
2026-06-18 05:00:00+00:00,63850.1,64000.0,63660.1,63961.8,5961.032,1729.71,1732.26,1720.9,1730.07,208815.466
2026-06-18 06:00:00+00:00,63961.9,64097.7,63811.3,64054.9,4272.735,1730.07,1736.31,1724.52,1734.7,158600.053
2026-06-18 07:00:00+00:00,64054.9,64491.1,63985.3,64470.3,6502.533,1734.71,1752.7,1732.04,1748.89,217208.616
2026-06-18 08:00:00+00:00,64470.4,64631.5,64349.2,64370.0,5742.264,1748.89,1752.74,1745.37,1747.13,169531.667
2026-06-18 09:00:00+00:00,64370.0,64450.0,64162.5,64172.6,3905.742,1747.13,1751.2,1741.5,1745.56,115439.32
2026-06-18 10:00:00+00:00,64172.7,64198.0,63880.2,64050.0,6808.319,1745.55,1752.47,1738.62,1746.1,150307.196
2026-06-18 11:00:00+00:00,64050.1,64175.9,63855.0,63940.1,4133.313,1746.1,1748.59,1738.08,1742.32,108676.897
2026-06-18 12:00:00+00:00,63940.1,64377.8,63892.8,64345.9,5211.011,1742.33,1752.47,1740.83,1749.35,118650.747
2026-06-18 13:00:00+00:00,64345.8,64423.4,63753.0,63952.3,12076.44,1749.35,1751.47,1728.33,1735.88,280389.754
2026-06-18 14:00:00+00:00,63952.4,64181.7,63565.0,63784.1,13161.056,1735.87,1744.67,1728.66,1738.96,293857.619
2026-06-18 15:00:00+00:00,63784.2,63796.6,62232.1,62337.8,40637.073,1738.95,1739.37,1678.05,1681.21,1037209.354
2026-06-18 16:00:00+00:00,62337.8,62789.0,62308.6,62664.2,14208.574,1681.2,1692.28,1679.07,1686.12,410007.823
2026-06-18 17:00:00+00:00,62664.2,62730.0,62241.0,62579.1,11740.083,1686.13,1686.97,1670.56,1678.59,358459.09
2026-06-18 18:00:00+00:00,62579.2,62932.7,62552.8,62683.5,9150.288,1678.59,1688.53,1675.52,1684.48,158963.083
2026-06-18 19:00:00+00:00,62683.5,62985.0,62608.0,62925.4,4674.584,1684.48,1706.86,1682.0,1704.79,235484.468
2026-06-18 20:00:00+00:00,62925.3,63266.8,62925.3,63063.1,6155.035,1704.8,1716.64,1704.8,1709.81,185951.89
2026-06-18 21:00:00+00:00,63063.1,63098.7,62831.8,62936.0,3244.761,1709.82,1711.29,1700.74,1707.68,111883.299
2026-06-18 22:00:00+00:00,62936.0,62962.1,62710.5,62853.0,3104.191,1707.67,1707.92,1699.11,1706.01,65025.816
2026-06-18 23:00:00+00:00,62852.9,62959.9,62717.0,62924.1,2527.605,1706.0,1711.88,1702.0,1710.18,67011.386
2026-06-19 00:00:00+00:00,62924.0,63066.7,62812.7,62991.7,2446.187,1710.18,1715.42,1708.0,1712.99,73082.97
2026-06-19 01:00:00+00:00,62991.7,63073.0,62814.3,62994.5,2562.735,1713.0,1718.83,1705.19,1712.79,111796.772
2026-06-19 02:00:00+00:00,62994.5,63088.0,62858.2,62974.2,2107.975,1712.79,1714.61,1700.05,1706.28,108559.198
2026-06-19 03:00:00+00:00,62974.2,63004.8,62237.2,62745.1,11677.236,1706.29,1707.59,1680.03,1696.62,346621.457
2026-06-19 04:00:00+00:00,62745.1,62888.8,62375.7,62421.7,5551.656,1696.63,1702.0,1684.66,1688.7,175498.793
2026-06-19 05:00:00+00:00,62421.8,62715.0,62417.4,62707.0,3774.762,1688.7,1696.97,1688.54,1696.61,97452.885
2026-06-19 06:00:00+00:00,62707.1,62888.7,62691.0,62865.1,2658.473,1696.62,1702.88,1695.19,1699.42,109057.284
2026-06-19 07:00:00+00:00,62865.0,62896.8,62465.6,62592.4,5319.797,1699.42,1700.27,1689.07,1695.14,124498.463
2026-06-19 08:00:00+00:00,62592.4,62758.1,62504.7,62575.7,3585.07,1695.15,1698.47,1692.79,1697.32,79345.617
2026-06-19 09:00:00+00:00,62575.7,62623.2,62272.4,62353.0,6117.203,1697.31,1699.17,1687.81,1688.51,118684.044
2026-06-19 10:00:00+00:00,62352.9,62570.1,62347.8,62506.2,3659.625,1688.5,1693.92,1686.23,1691.83,80566.231
2026-06-19 11:00:00+00:00,62506.3,62664.3,62419.5,62600.0,3035.836,1691.82,1693.5,1687.82,1691.05,47962.315
2026-06-19 12:00:00+00:00,62600.0,62844.8,62315.2,62799.4,6739.352,1691.05,1695.53,1678.17,1694.47,208565.61
2026-06-19 13:00:00+00:00,62799.4,63410.3,62629.5,63174.2,13878.128,1694.48,1711.6,1686.64,1702.38,280589.321
2026-06-19 14:00:00+00:00,63174.1,63398.3,62972.8,63174.8,7794.914,1702.38,1709.29,1695.36,1706.07,158376.025
2026-06-19 15:00:00+00:00,63174.8,63266.3,62992.0,63193.0,4428.801,1706.06,1711.65,1697.12,1706.92,152740.653
2026-06-19 16:00:00+00:00,63193.1,63376.6,62897.8,62943.7,6372.556,1706.92,1711.0,1693.83,1695.82,141271.179
2026-06-19 17:00:00+00:00,62943.7,63213.0,62836.6,63166.7,4859.398,1695.82,1705.95,1692.43,1703.82,128130.763
2026-06-19 18:00:00+00:00,63166.6,63175.3,62958.0,63079.3,2166.381,1703.82,1704.7,1697.25,1701.86,51724.874
2026-06-19 19:00:00+00:00,63079.2,63117.0,62907.4,63001.9,1719.554,1701.85,1703.86,1697.26,1700.44,39018.652
2026-06-19 20:00:00+00:00,63001.8,63245.9,62926.2,63217.4,1587.361,1700.44,1708.65,1697.82,1708.0,54392.449
2026-06-19 21:00:00+00:00,63217.3,63253.6,63024.1,63048.0,1954.973,1707.99,1708.0,1700.37,1701.14,44352.992
2026-06-19 22:00:00+00:00,63048.0,63345.1,63015.1,63287.8,3005.024,1701.13,1709.68,1699.51,1707.0,67338.504
2026-06-19 23:00:00+00:00,63287.8,63645.0,63250.0,63512.6,5223.884,1707.0,1714.7,1704.19,1710.31,63233.201
2026-06-20 00:00:00+00:00,63512.5,63757.2,63435.0,63496.8,5620.834,1710.3,1717.72,1707.56,1708.01,94208.024
2026-06-20 01:00:00+00:00,63496.8,63594.2,63368.5,63550.9,2644.972,1708.0,1712.7,1705.78,1709.18,56164.343
2026-06-20 02:00:00+00:00,63551.0,63551.0,63301.8,63305.7,2722.798,1709.18,1709.9,1703.13,1703.95,53977.352
2026-06-20 03:00:00+00:00,63305.8,63487.2,63283.5,63440.5,1781.829,1703.95,1708.84,1703.8,1707.37,24729.567
2026-06-20 04:00:00+00:00,63440.5,63590.0,63367.6,63553.9,2036.026,1707.37,1714.98,1705.59,1712.69,73654.948
2026-06-20 05:00:00+00:00,63553.9,63894.0,63509.1,63645.5,6526.429,1712.7,1733.0,1711.5,1725.26,326909.253
2026-06-20 06:00:00+00:00,63645.4,63730.0,63608.6,63710.0,1912.419,1725.26,1729.0,1723.13,1726.89,80535.83
2026-06-20 07:00:00+00:00,63710.1,63774.2,63558.4,63625.0,3533.917,1726.88,1728.75,1722.1,1725.16,61979.361
2026-06-20 08:00:00+00:00,63625.0,63630.0,63360.0,63390.8,4745.106,1725.17,1726.29,1720.3,1722.18,77540.081
2026-06-20 09:00:00+00:00,63390.8,63760.8,63390.3,63700.8,3687.354,1722.18,1729.41,1722.18,1727.66,82027.173
2026-06-20 10:00:00+00:00,63700.8,63747.7,63559.8,63649.7,2170.014,1727.66,1728.8,1724.54,1726.91,44333.978
2026-06-20 11:00:00+00:00,63649.6,63770.0,63586.8,63651.3,1580.907,1726.9,1731.1,1725.0,1726.37,50383.182
2026-06-20 12:00:00+00:00,63651.4,63756.0,63497.3,63627.8,3118.595,1726.38,1729.75,1722.72,1725.96,65198.642
2026-06-20 13:00:00+00:00,63627.7,63627.8,63242.0,63368.0,6104.423,1725.97,1726.26,1711.54,1716.56,198643.645
2026-06-20 14:00:00+00:00,63368.0,64150.0,63136.2,63929.5,15156.582,1716.56,1746.63,1707.11,1732.76,416740.426
2026-06-20 15:00:00+00:00,63929.4,64370.9,63810.0,64139.5,11736.081,1732.76,1749.13,1728.15,1739.89,321456.652
2026-06-20 16:00:00+00:00,64139.4,64150.0,63875.0,63999.9,4431.632,1739.9,1740.27,1729.92,1733.06,93850.456
2026-06-20 17:00:00+00:00,63999.9,64015.0,63661.9,63810.7,5116.225,1733.07,1733.07,1720.01,1726.1,122825.892
2026-06-20 18:00:00+00:00,63810.8,63899.0,63750.3,63776.4,1651.649,1726.1,1731.51,1725.18,1725.78,52226.577
2026-06-20 19:00:00+00:00,63776.3,63940.3,63764.2,63905.5,1802.738,1725.79,1729.42,1724.23,1728.37,68460.94
2026-06-20 20:00:00+00:00,63905.5,63945.0,63820.0,63899.4,958.033,1728.37,1730.48,1725.51,1729.99,30227.146
2026-06-20 21:00:00+00:00,63899.4,64066.6,63886.6,63983.0,1679.864,1729.98,1737.49,1729.44,1734.55,95828.982
2026-06-20 22:00:00+00:00,63983.0,64326.0,63943.6,64245.9,3225.948,1734.55,1745.72,1732.23,1742.49,147707.509
2026-06-20 23:00:00+00:00,64245.9,64317.6,64219.7,64270.0,1732.321,1742.5,1742.94,1739.55,1740.0,63640.17
2026-06-21 00:00:00+00:00,64270.1,64303.0,64217.6,64264.3,2410.512,1740.0,1740.08,1735.29,1737.0,60996.742
2026-06-21 01:00:00+00:00,64264.3,64297.0,64199.0,64221.3,2876.502,1737.0,1739.36,1733.36,1736.13,42357.21
2026-06-21 02:00:00+00:00,64221.3,64251.2,64199.0,64219.5,1446.395,1736.13,1737.36,1734.78,1735.34,23354.519
2026-06-21 03:00:00+00:00,64219.5,64450.0,64207.0,64398.8,3632.131,1735.35,1740.57,1732.62,1737.03,58224.291
2026-06-21 04:00:00+00:00,64398.8,64568.0,64223.3,64252.7,4422.656,1737.03,1740.68,1730.73,1732.06,63433.973
2026-06-21 05:00:00+00:00,64252.6,64339.7,64199.0,64226.5,2673.68,1732.06,1735.54,1728.49,1732.57,57036.841
2026-06-21 06:00:00+00:00,64226.6,64300.0,64168.7,64270.0,1874.008,1732.57,1737.86,1731.66,1735.23,42780.874
2026-06-21 07:00:00+00:00,64269.9,64270.0,64143.2,64170.1,3195.625,1735.23,1735.45,1730.88,1731.45,37569.865
2026-06-21 08:00:00+00:00,64170.0,64204.8,63871.3,63987.9,5172.436,1731.45,1732.36,1722.82,1728.29,97139.653
2026-06-21 09:00:00+00:00,63987.9,64224.5,63928.4,64189.8,3868.644,1728.29,1733.63,1725.0,1731.98,69855.672
2026-06-21 10:00:00+00:00,64189.8,64384.0,64175.5,64338.9,4012.6,1731.99,1736.31,1730.04,1730.56,63342.178
2026-06-21 11:00:00+00:00,64339.0,64453.3,64077.3,64149.9,4721.509,1730.57,1733.94,1717.19,1724.66,169410.642
2026-06-21 12:00:00+00:00,64149.8,64208.7,63916.0,64161.1,4648.175,1724.66,1726.29,1716.0,1725.14,186239.962
2026-06-21 13:00:00+00:00,64161.1,64161.1,63981.2,64123.2,2524.614,1725.14,1727.82,1721.08,1724.23,85955.7
2026-06-21 14:00:00+00:00,64123.2,64128.3,63969.7,64120.0,1789.791,1724.22,1727.93,1721.0,1727.81,48607.306
2026-06-21 15:00:00+00:00,64120.0,64337.3,64081.5,64200.3,2931.074,1727.81,1731.86,1726.1,1729.85,90393.767
2026-06-21 16:00:00+00:00,64200.2,64231.6,64013.0,64122.3,2597.496,1729.85,1729.85,1721.13,1727.44,89543.358
2026-06-21 17:00:00+00:00,64122.2,64197.1,64046.4,64114.6,1339.794,1727.44,1730.85,1725.21,1726.49,44642.457
2026-06-21 18:00:00+00:00,64114.6,64221.0,63907.4,64180.0,2519.631,1726.48,1737.13,1720.82,1734.55,118519.695
2026-06-21 19:00:00+00:00,64180.1,64284.9,64135.1,64173.6,1206.193,1734.54,1738.42,1732.68,1733.31,49926.773
2026-06-21 20:00:00+00:00,64173.7,64243.4,63641.3,63824.8,4784.615,1733.31,1734.6,1716.01,1720.56,116866.778
2026-06-21 21:00:00+00:00,63824.8,63950.0,63475.3,63778.2,7220.217,1720.57,1723.96,1700.37,1717.59,303444.945
2026-06-21 22:00:00+00:00,63778.1,63840.0,63543.0,63775.3,5017.033,1717.58,1720.63,1707.35,1717.01,139419.072
2026-06-21 23:00:00+00:00,63775.3,63775.3,63220.0,63287.1,8096.745,1717.0,1717.0,1703.44,1706.31,119294.198
2026-06-22 00:00:00+00:00,63287.2,64076.0,63286.2,63867.2,8324.368,1706.3,1731.92,1706.1,1726.19,214879.243
2026-06-22 01:00:00+00:00,63867.3,64788.0,63818.0,64574.5,16112.153,1726.19,1759.35,1723.68,1742.9,417011.069
2026-06-22 02:00:00+00:00,64574.5,64643.7,64213.8,64226.5,4686.405,1742.91,1744.57,1736.35,1736.36,106471.805
2026-06-22 03:00:00+00:00,64226.5,64434.6,63857.1,63935.1,8838.637,1736.35,1740.42,1725.57,1729.31,177321.823
2026-06-22 04:00:00+00:00,63935.1,64085.4,63833.4,64063.6,3987.486,1729.31,1735.21,1726.77,1734.39,82849.033
2026-06-22 05:00:00+00:00,64063.5,64311.8,64050.6,64219.5,3574.11,1734.4,1738.88,1733.25,1736.1,110092.303
2026-06-22 06:00:00+00:00,64219.5,64299.0,63912.8,63960.7,2873.557,1736.1,1739.62,1732.28,1734.15,65068.002
2026-06-22 07:00:00+00:00,63960.6,64384.3,63931.0,64187.9,4308.349,1734.15,1750.93,1733.94,1745.76,184888.893
2026-06-22 08:00:00+00:00,64188.0,64332.4,64014.9,64133.8,3083.064,1745.76,1752.0,1742.56,1746.91,94636.173
2026-06-22 09:00:00+00:00,64133.9,64232.5,64019.0,64114.8,1760.141,1746.92,1749.8,1742.78,1745.35,59356.666
2026-06-22 10:00:00+00:00,64114.7,64250.0,64044.1,64109.8,1568.598,1745.34,1750.85,1744.45,1748.01,58528.02
2026-06-22 11:00:00+00:00,64109.9,64750.0,64064.5,64624.3,9530.798,1748.0,1774.19,1746.51,1766.94,350846.087
2026-06-22 12:00:00+00:00,64624.2,65199.0,64545.7,65120.1,14700.714,1766.95,1771.34,1760.34,1763.26,200774.035
2026-06-22 13:00:00+00:00,65120.0,65565.7,64915.6,65548.0,15228.832,1763.27,1779.0,1761.02,1776.92,298667.896
2026-06-22 14:00:00+00:00,65547.9,65597.2,64802.3,64943.0,14941.027,1776.92,1777.35,1749.23,1753.74,414905.756
2026-06-22 15:00:00+00:00,64943.1,65117.2,64722.2,64808.0,6535.352,1753.75,1757.29,1741.13,1744.02,212437.857
2026-06-22 16:00:00+00:00,64808.0,64835.6,64481.0,64695.7,8721.001,1744.02,1745.55,1732.6,1739.39,276681.195
2026-06-22 17:00:00+00:00,64695.8,64746.4,64355.0,64580.6,5298.329,1739.4,1742.48,1730.2,1740.38,150520.971
2026-06-22 18:00:00+00:00,64580.6,64708.0,64249.6,64312.9,5474.731,1740.38,1746.99,1728.3,1732.61,241967.653
2026-06-22 19:00:00+00:00,64312.9,64475.8,64240.0,64447.9,4662.824,1732.62,1736.2,1727.41,1733.69,144349.681
2026-06-22 20:00:00+00:00,64450.6,64637.1,64326.0,64409.8,3634.307,1733.69,1739.6,1730.13,1733.81,85422.301
2026-06-22 21:00:00+00:00,64409.8,64461.0,64112.1,64291.0,3088.035,1733.81,1736.84,1725.76,1732.15,72383.306
2026-06-22 22:00:00+00:00,64291.0,64370.8,63758.3,63948.4,7545.433,1732.14,1735.28,1716.01,1723.48,186932.315
2026-06-22 23:00:00+00:00,63948.5,64030.7,63843.8,63990.2,3364.757,1723.48,1729.94,1720.51,1727.32,110861.668
2026-06-23 00:00:00+00:00,63990.1,64130.0,63803.2,64119.4,3891.308,1727.32,1731.3,1718.61,1730.42,92509.059
2026-06-23 01:00:00+00:00,64119.4,64242.8,63852.5,64125.2,5358.072,1730.41,1735.63,1720.24,1729.82,117095.942
2026-06-23 02:00:00+00:00,64125.1,64247.2,64005.5,64165.9,2594.761,1729.82,1734.36,1725.4,1731.91,49996.008
2026-06-23 03:00:00+00:00,64165.8,64172.2,63933.3,64037.3,3099.414,1731.91,1732.38,1725.02,1729.1,53511.602
2026-06-23 04:00:00+00:00,64037.2,64068.0,63569.2,63594.9,5712.933,1729.09,1730.49,1716.61,1718.44,112850.198
2026-06-23 05:00:00+00:00,63594.8,63707.5,63322.0,63372.1,8699.821,1718.44,1720.64,1709.09,1712.78,222335.224
2026-06-23 06:00:00+00:00,63372.0,63374.4,62532.4,62905.5,25443.262,1712.78,1713.02,1680.0,1691.29,544347.734
2026-06-23 07:00:00+00:00,62905.5,63070.1,62828.0,62849.2,5860.475,1691.29,1695.67,1681.01,1681.96,170294.206
2026-06-23 08:00:00+00:00,62849.3,62916.5,61870.0,62353.7,25191.723,1681.97,1683.88,1633.33,1647.36,907983.564
2026-06-23 09:00:00+00:00,62353.6,62482.0,62309.0,62350.2,4877.636,1647.35,1653.5,1647.15,1649.94,134610.075
2026-06-23 10:00:00+00:00,62350.3,62563.9,62207.1,62290.4,5432.761,1649.95,1657.96,1648.3,1651.75,130714.005
2026-06-23 11:00:00+00:00,62290.4,62600.0,62289.2,62478.5,5964.423,1651.75,1662.91,1651.66,1659.93,159570.231
2026-06-23 12:00:00+00:00,62478.4,62531.6,62157.0,62227.9,5881.479,1659.93,1661.57,1652.75,1653.63,115281.098
2026-06-23 13:00:00+00:00,62228.0,62513.4,61916.9,62446.6,15070.538,1653.65,1663.33,1643.66,1662.06,391789.402
2026-06-23 14:00:00+00:00,62446.5,62837.1,62359.2,62462.8,14169.381,1662.06,1672.0,1657.05,1661.26,299639.605
2026-06-23 15:00:00+00:00,62462.8,62480.3,62161.2,62455.8,7509.637,1661.27,1662.74,1650.3,1658.9,164913.272
2026-06-23 16:00:00+00:00,62455.9,62812.2,62393.4,62522.9,8663.062,1658.9,1673.6,1656.85,1658.55,214387.869
2026-06-23 17:00:00+00:00,62522.9,62668.7,62301.7,62330.0,3484.745,1658.55,1664.21,1653.57,1656.03,88778.942
2026-06-23 18:00:00+00:00,62330.0,62420.0,62075.6,62215.3,4189.498,1656.03,1659.85,1649.03,1654.65,103501.653
2026-06-23 19:00:00+00:00,62215.3,62467.2,62201.3,62365.7,2790.577,1654.65,1663.3,1654.59,1661.96,71873.202
2026-06-23 20:00:00+00:00,62365.7,62518.5,62344.2,62439.8,2217.701,1661.97,1666.99,1660.46,1663.4,57686.585
2026-06-23 21:00:00+00:00,62439.9,62629.9,62434.9,62563.1,2110.412,1663.4,1667.8,1662.77,1666.05,45334.764
2026-06-23 22:00:00+00:00,62563.1,62749.9,62488.1,62560.1,2806.833,1666.04,1672.12,1662.22,1663.84,75774.663
2026-06-23 23:00:00+00:00,62560.1,62770.6,62463.7,62696.7,1898.787,1663.83,1668.75,1659.27,1666.4,90889.198
2026-06-24 00:00:00+00:00,62696.7,62999.9,62696.7,62982.1,4509.603,1666.4,1674.09,1665.77,1670.55,88933.459
2026-06-24 01:00:00+00:00,62982.1,63090.9,62737.0,62904.6,3777.468,1670.55,1679.92,1665.14,1671.97,134222.52
2026-06-24 02:00:00+00:00,62904.6,62994.6,62572.1,62598.0,4358.54,1671.96,1672.86,1662.51,1663.01,94862.923
2026-06-24 03:00:00+00:00,62598.0,62804.0,62402.8,62704.6,5111.386,1663.0,1669.19,1657.04,1666.03,118977.15
2026-06-24 04:00:00+00:00,62704.6,62779.9,62500.0,62720.6,2797.018,1666.02,1670.43,1657.19,1668.12,86462.876
2026-06-24 05:00:00+00:00,62720.7,63053.5,62678.0,62859.9,3935.298,1668.12,1678.98,1666.95,1673.76,124575.225
2026-06-24 06:00:00+00:00,62859.8,62888.0,62700.0,62754.6,1940.615,1673.76,1676.33,1669.66,1674.22,61096.605
2026-06-24 07:00:00+00:00,62754.7,62822.0,62570.8,62630.3,3406.243,1674.22,1678.0,1670.03,1672.38,94504.143
2026-06-24 08:00:00+00:00,62630.4,62786.2,62574.0,62773.0,2748.793,1672.39,1674.55,1668.37,1672.56,62198.65
2026-06-24 09:00:00+00:00,62773.0,62773.0,62608.6,62650.2,1488.171,1672.56,1672.56,1664.49,1666.46,63403.935
2026-06-24 10:00:00+00:00,62650.2,62657.8,62365.4,62416.8,4330.738,1666.46,1667.59,1662.17,1662.9,91756.14
2026-06-24 11:00:00+00:00,62416.9,63209.6,62272.1,62887.7,11430.749,1662.9,1692.0,1654.53,1678.65,371485.766
2026-06-24 12:00:00+00:00,62887.8,62939.3,62543.4,62589.5,5404.984,1678.64,1680.67,1669.27,1670.82,146957.431
2026-06-24 13:00:00+00:00,62589.5,62604.0,61220.7,61308.2,35472.77,1670.83,1671.56,1640.01,1644.54,656574.699
2026-06-24 14:00:00+00:00,61308.2,61434.5,60866.0,61085.3,24983.872,1644.54,1656.7,1637.0,1646.69,396273.174
2026-06-24 15:00:00+00:00,61085.3,61128.9,60238.0,60254.9,24553.002,1646.69,1650.66,1616.0,1617.46,556988.914
2026-06-24 16:00:00+00:00,60254.9,60649.1,59260.0,59808.2,37783.564,1617.46,1636.0,1583.8,1589.07,943790.806
2026-06-24 17:00:00+00:00,59808.3,60025.2,59060.0,59363.7,33548.446,1589.06,1596.84,1551.0,1559.3,884030.14
2026-06-24 18:00:00+00:00,59363.6,59895.3,59269.4,59569.5,16224.69,1559.3,1583.9,1555.36,1571.42,433718.214
2026-06-24 19:00:00+00:00,59569.5,59973.3,59484.7,59923.8,7889.569,1571.42,1584.69,1565.8,1583.72,220043.835
2026-06-24 20:00:00+00:00,59923.7,61188.0,59813.9,60926.5,26953.645,1583.72,1621.38,1579.0,1613.0,454713.377
2026-06-24 21:00:00+00:00,60926.5,61115.2,60633.1,61073.6,6808.637,1613.0,1621.15,1605.12,1620.44,133343.406
2026-06-24 22:00:00+00:00,61073.6,61256.0,60752.8,60850.2,5756.512,1620.44,1629.15,1612.77,1614.75,116799.682
2026-06-24 23:00:00+00:00,60850.3,61086.3,60799.9,61051.2,2882.991,1614.75,1622.89,1612.9,1621.54,59919.271
2026-06-25 00:00:00+00:00,61051.2,61138.9,60666.0,60786.9,5410.751,1621.55,1625.98,1615.63,1618.23,113248.167
2026-06-25 01:00:00+00:00,60786.9,60960.5,60686.8,60892.9,3603.816,1618.23,1623.4,1613.67,1619.95,86783.423
2026-06-25 02:00:00+00:00,60892.9,60939.0,60660.0,60763.2,4314.462,1619.96,1620.77,1614.09,1620.07,70338.733
2026-06-25 03:00:00+00:00,60763.3,60877.7,60648.0,60853.9,3048.144,1620.06,1623.46,1615.31,1618.89,80048.729
2026-06-25 04:00:00+00:00,60854.0,61389.0,60756.4,61323.2,6224.548,1618.89,1636.1,1616.22,1634.25,157565.502
2026-06-25 05:00:00+00:00,61323.3,61800.0,61241.9,61567.1,13551.642,1634.25,1651.9,1632.79,1645.0,437138.816
2026-06-25 06:00:00+00:00,61567.1,61829.1,61567.1,61693.5,4754.255,1645.01,1660.56,1643.32,1653.21,191278.288
2026-06-25 07:00:00+00:00,61693.5,61931.1,61632.2,61886.7,6467.034,1653.22,1659.0,1650.35,1656.44,148110.812
2026-06-25 08:00:00+00:00,61886.8,61897.6,61653.0,61686.4,5343.995,1656.44,1658.33,1650.16,1652.09,110145.725
2026-06-25 09:00:00+00:00,61686.5,61764.9,61578.4,61707.8,3667.26,1652.09,1654.49,1645.71,1648.1,126805.662
2026-06-25 10:00:00+00:00,61707.9,61727.9,61228.4,61245.3,7304.194,1648.1,1649.06,1632.08,1635.87,200739.088
2026-06-25 11:00:00+00:00,61245.4,61395.3,61033.5,61258.2,11773.247,1635.88,1638.48,1627.07,1632.26,236887.093
2026-06-25 12:00:00+00:00,61258.2,61742.9,61048.5,61216.4,12542.989,1632.26,1649.69,1623.0,1634.91,349011.209
2026-06-25 13:00:00+00:00,61216.4,61346.4,58030.0,58248.4,65568.385,1634.91,1640.07,1530.0,1537.01,1237875.315
2026-06-25 14:00:00+00:00,58248.4,60466.9,58248.4,59448.7,68127.991,1537.0,1593.65,1537.0,1567.44,1259824.837
2026-06-25 15:00:00+00:00,59448.7,59630.2,58835.2,59536.2,20883.361,1567.44,1572.86,1543.27,1569.43,541925.496
2026-06-25 16:00:00+00:00,59536.2,60035.7,59130.0,59284.0,13732.675,1569.42,1587.0,1557.24,1561.24,385922.138
2026-06-25 17:00:00+00:00,59284.1,59720.0,59114.4,59656.3,7827.95,1561.24,1574.74,1556.56,1574.22,219763.294
2026-06-25 18:00:00+00:00,59656.3,59775.0,59333.0,59491.0,7260.279,1574.22,1576.77,1559.35,1566.92,214267.554
2026-06-25 19:00:00+00:00,59491.2,59496.6,59152.7,59299.8,7110.978,1566.92,1567.18,1553.81,1558.82,171814.225
2026-06-25 20:00:00+00:00,59299.9,59723.5,59298.7,59428.8,6367.176,1558.83,1569.95,1556.0,1559.56,155407.874
2026-06-25 21:00:00+00:00,59428.9,60245.0,59422.7,60180.7,6267.02,1559.57,1582.55,1559.43,1579.87,137135.274
2026-06-25 22:00:00+00:00,60180.7,60180.8,59705.4,59815.1,6099.121,1579.86,1583.0,1565.63,1569.48,140082.942
2026-06-25 23:00:00+00:00,59815.1,60164.3,59709.1,59771.9,4578.901,1569.47,1579.0,1563.55,1566.97,133764.857
2026-06-26 00:00:00+00:00,59772.0,59882.2,59608.1,59638.2,3871.116,1566.98,1571.12,1562.41,1563.79,86655.759
2026-06-26 01:00:00+00:00,59638.2,59761.3,59200.0,59413.0,6344.268,1563.79,1567.96,1554.33,1559.28,123880.282
2026-06-26 02:00:00+00:00,59413.1,59432.3,58325.6,58536.0,24980.279,1559.28,1560.22,1518.27,1523.68,690544.721
2026-06-26 03:00:00+00:00,58536.0,60125.7,58288.0,60015.0,26425.366,1523.69,1563.27,1510.87,1557.07,654733.667
2026-06-26 04:00:00+00:00,60015.0,60234.8,59802.3,59899.9,8739.818,1557.07,1560.39,1546.51,1548.99,182099.917
2026-06-26 05:00:00+00:00,59899.9,60039.1,59703.1,59921.8,5871.329,1549.0,1558.79,1547.63,1554.89,132137.096
2026-06-26 06:00:00+00:00,59921.9,60440.0,59666.2,60298.9,10771.225,1554.89,1573.32,1542.28,1570.15,344493.032
2026-06-26 07:00:00+00:00,60298.9,60734.0,60252.6,60491.0,14629.556,1570.15,1585.55,1569.86,1579.82,296656.925
2026-06-26 08:00:00+00:00,60491.0,60542.6,60112.0,60215.3,7945.368,1579.81,1581.34,1562.78,1565.92,252624.991
2026-06-26 09:00:00+00:00,60215.3,60229.8,59544.7,59709.3,10679.166,1565.93,1566.74,1548.42,1552.08,257262.589
2026-06-26 10:00:00+00:00,59709.3,59834.2,59210.4,59290.0,10744.708,1552.09,1555.25,1544.0,1547.5,224207.022
2026-06-26 11:00:00+00:00,59290.0,59569.0,59233.1,59392.4,6798.892,1547.5,1554.49,1540.0,1544.4,192800.953
2026-06-26 12:00:00+00:00,59392.4,59998.4,58940.0,59167.6,23971.564,1544.4,1559.75,1526.74,1535.54,568803.092
2026-06-26 13:00:00+00:00,59167.6,60189.5,58388.0,60153.3,35902.97,1535.55,1570.97,1520.34,1568.81,672662.922
2026-06-26 14:00:00+00:00,60153.5,60274.2,59358.8,59568.9,21091.08,1568.81,1574.8,1552.79,1559.32,491733.589
2026-06-26 15:00:00+00:00,59568.9,60494.1,59560.0,60296.6,16399.595,1559.32,1587.65,1558.81,1579.32,471355.047
2026-06-26 16:00:00+00:00,60296.9,60580.0,59933.1,60017.8,13029.495,1579.32,1594.89,1571.5,1577.07,347882.62
2026-06-26 17:00:00+00:00,60017.8,60276.5,59921.4,60000.0,6949.554,1577.07,1588.92,1575.85,1581.16,161400.429
2026-06-26 18:00:00+00:00,60000.0,60140.7,59530.7,59648.9,5774.528,1581.16,1584.99,1569.67,1572.63,106666.214
2026-06-26 19:00:00+00:00,59648.9,60077.8,59586.3,59719.7,7106.059,1572.63,1583.54,1569.66,1573.82,119235.685
2026-06-26 20:00:00+00:00,59719.9,59970.0,59556.0,59694.7,4861.161,1573.92,1582.67,1567.12,1570.15,151325.908
2026-06-26 21:00:00+00:00,59694.7,60028.0,59649.2,59887.6,2664.982,1570.15,1578.78,1567.59,1574.47,54142.599
2026-06-26 22:00:00+00:00,59887.6,60051.0,59717.1,60007.5,3088.676,1574.47,1578.95,1568.53,1577.21,59328.775
2026-06-26 23:00:00+00:00,60007.6,60090.8,59871.9,60072.0,3454.396,1577.2,1580.24,1573.47,1577.86,54892.817
2026-06-27 00:00:00+00:00,60071.9,60167.3,59846.2,60033.4,3606.601,1577.85,1581.39,1570.66,1575.93,75303.457
2026-06-27 01:00:00+00:00,60033.4,60046.9,59904.8,59919.1,1013.631,1575.92,1576.96,1573.08,1575.06,25819.184
2026-06-27 02:00:00+00:00,59919.0,60349.0,59888.7,60256.6,4979.232,1575.06,1586.42,1573.79,1582.29,94076.729
2026-06-27 03:00:00+00:00,60256.6,60387.8,60134.5,60274.7,3264.048,1582.28,1584.31,1577.56,1579.77,57029.529
2026-06-27 04:00:00+00:00,60274.8,60472.2,60189.4,60215.9,3433.958,1579.77,1584.71,1578.19,1578.85,50260.644
2026-06-27 05:00:00+00:00,60215.9,60286.0,60101.9,60208.3,1945.532,1578.85,1580.5,1576.27,1577.84,43358.728
2026-06-27 06:00:00+00:00,60208.4,60492.2,60074.5,60345.3,4271.161,1577.84,1584.0,1574.39,1582.0,66609.284
2026-06-27 07:00:00+00:00,60345.2,60557.8,60266.0,60522.3,3356.548,1581.99,1585.7,1579.84,1584.75,66810.99
2026-06-27 08:00:00+00:00,60522.4,60522.5,60336.2,60425.1,2454.04,1584.75,1585.19,1580.76,1583.31,40067.145
2026-06-27 09:00:00+00:00,60425.2,60482.9,60261.0,60391.2,2310.771,1583.31,1584.13,1578.55,1582.0,38893.262
2026-06-27 10:00:00+00:00,60391.3,60466.5,60350.0,60390.3,1032.741,1581.99,1584.18,1581.32,1583.41,34112.381
2026-06-27 11:00:00+00:00,60390.3,60425.4,60162.0,60331.9,3122.375,1583.4,1584.41,1578.08,1583.13,56587.975
2026-06-27 12:00:00+00:00,60331.9,60407.1,60222.6,60394.0,1807.192,1583.13,1585.77,1580.55,1585.18,54849.249
2026-06-27 13:00:00+00:00,60394.0,60643.1,60356.1,60554.6,4154.884,1585.19,1592.37,1584.17,1591.41,116353.808
2026-06-27 14:00:00+00:00,60554.6,60697.6,60480.0,60588.9,3321.5,1591.4,1598.63,1588.65,1593.84,130432.153
2026-06-27 15:00:00+00:00,60589.0,60924.7,60541.1,60817.2,7814.952,1593.85,1610.44,1593.2,1604.87,265155.645
2026-06-27 16:00:00+00:00,60817.3,60850.0,60648.2,60785.0,2778.326,1604.86,1607.3,1600.74,1606.31,79906.19
2026-06-27 17:00:00+00:00,60784.9,60796.6,60383.0,60495.6,6435.887,1606.31,1606.4,1587.73,1590.4,257375.464
2026-06-27 18:00:00+00:00,60495.6,60547.3,60420.2,60537.8,1662.956,1590.41,1593.89,1588.3,1593.12,50224.932
2026-06-27 19:00:00+00:00,60537.9,60576.9,60050.0,60149.9,5900.77,1593.12,1594.44,1571.98,1577.52,254694.895
2026-06-27 20:00:00+00:00,60149.9,60283.4,60141.7,60272.8,1563.196,1577.52,1582.56,1577.52,1580.61,53846.02
2026-06-27 21:00:00+00:00,60272.8,60469.8,60108.9,60173.4,2727.898,1580.61,1584.61,1573.27,1574.49,81657.723
2026-06-27 22:00:00+00:00,60173.4,60230.0,59819.8,60204.3,4692.97,1574.49,1578.78,1561.69,1578.16,163572.133
2026-06-27 23:00:00+00:00,60204.3,60303.2,59913.9,60000.3,3651.424,1578.17,1580.85,1569.41,1573.1,99922.058
2026-06-28 00:00:00+00:00,60000.4,60168.7,59983.3,60125.1,1900.278,1573.1,1577.47,1571.81,1574.0,62750.597
2026-06-28 01:00:00+00:00,60125.1,60256.8,59950.0,60193.0,2439.438,1574.01,1576.25,1569.02,1574.35,52615.714
2026-06-28 02:00:00+00:00,60193.1,60314.3,60017.2,60121.2,2057.691,1574.36,1579.28,1568.27,1571.12,67359.177
2026-06-28 03:00:00+00:00,60121.2,60250.4,60121.2,60169.5,1454.945,1571.13,1575.44,1571.13,1574.27,33811.904
2026-06-28 04:00:00+00:00,60169.5,60205.4,60060.0,60108.1,1216.104,1574.27,1576.65,1569.56,1573.45,45151.115
2026-06-28 05:00:00+00:00,60108.0,60112.3,59714.8,59956.6,5438.2,1573.44,1573.61,1563.05,1568.31,130618.95
2026-06-28 06:00:00+00:00,59956.6,60020.0,59772.9,59970.0,2915.154,1568.31,1569.74,1561.59,1566.91,107052.374
2026-06-28 07:00:00+00:00,59970.0,60247.1,59965.8,60192.5,3433.223,1566.91,1576.34,1566.91,1575.02,85692.036
2026-06-28 08:00:00+00:00,60192.4,60543.3,60109.5,60340.1,4910.201,1575.03,1584.67,1572.7,1580.51,136163.851
2026-06-28 09:00:00+00:00,60340.1,60444.0,60223.1,60230.0,2760.374,1580.51,1585.69,1577.46,1578.02,72048.852
2026-06-28 10:00:00+00:00,60230.0,60271.8,60037.0,60138.5,2477.136,1578.03,1580.8,1571.38,1576.46,87630.929
2026-06-28 11:00:00+00:00,60138.4,60351.3,60091.4,60314.9,2495.801,1576.47,1583.29,1575.13,1582.1,68017.602
2026-06-28 12:00:00+00:00,60315.0,60435.8,60161.2,60270.0,2227.61,1582.1,1588.27,1577.26,1582.79,99251.774
2026-06-28 13:00:00+00:00,60269.9,60269.9,59934.3,60044.5,4290.318,1582.78,1582.93,1574.01,1578.82,101454.869
2026-06-28 14:00:00+00:00,60044.6,60228.5,59983.0,59995.3,2937.391,1578.82,1585.67,1577.32,1580.63,83102.978
2026-06-28 15:00:00+00:00,59995.3,60103.2,59781.8,59849.9,5771.027,1580.63,1584.63,1576.24,1580.0,100861.856
2026-06-28 16:00:00+00:00,59850.0,59915.7,59550.0,59655.9,7424.561,1580.0,1581.14,1565.77,1572.21,187760.941
2026-06-28 17:00:00+00:00,59655.9,59821.9,59366.6,59557.3,8401.918,1572.2,1576.81,1562.74,1571.58,151399.608
2026-06-28 18:00:00+00:00,59557.3,59678.8,59466.9,59580.7,3170.957,1571.57,1574.72,1568.43,1571.01,66136.82
2026-06-28 19:00:00+00:00,59580.7,59658.2,59224.6,59451.4,5640.911,1571.02,1573.82,1555.62,1563.78,162187.656
2026-06-28 20:00:00+00:00,59451.3,59747.7,59443.8,59634.0,4223.368,1563.78,1575.88,1563.51,1572.49,104309.571
2026-06-28 21:00:00+00:00,59634.1,59773.8,59300.0,59418.1,4650.66,1572.49,1573.24,1558.13,1562.76,93056.063
2026-06-28 22:00:00+00:00,59418.1,59883.2,58888.0,59040.1,13650.068,1562.77,1582.0,1547.0,1556.09,338749.778
2026-06-28 23:00:00+00:00,59040.0,59820.4,58975.0,59550.2,7711.363,1556.09,1579.57,1554.35,1571.1,182826.366
2026-06-29 00:00:00+00:00,59550.2,59678.1,58978.2,59637.3,9238.488,1571.11,1574.25,1551.0,1572.65,258274.001
2026-06-29 01:00:00+00:00,59637.3,59674.3,59170.5,59413.0,5035.286,1572.65,1573.75,1559.11,1567.81,134769.362
2026-06-29 02:00:00+00:00,59413.0,59788.0,58850.0,59731.7,13997.776,1567.82,1578.55,1549.08,1575.83,309467.425
2026-06-29 03:00:00+00:00,59731.8,60219.4,59731.8,60019.8,9982.299,1575.84,1588.92,1575.84,1583.97,218003.886
2026-06-29 04:00:00+00:00,60019.9,60031.5,59717.0,59806.2,2746.071,1583.98,1584.23,1573.68,1574.77,91895.819
2026-06-29 05:00:00+00:00,59806.2,60088.0,59360.3,60082.7,6969.253,1574.77,1582.4,1561.16,1582.38,224841.425
2026-06-29 06:00:00+00:00,60082.7,60325.0,60022.2,60051.0,7371.999,1582.39,1588.58,1579.09,1582.25,163925.419
2026-06-29 07:00:00+00:00,60051.1,60162.5,59900.7,59998.9,3635.785,1582.26,1584.33,1577.06,1579.36,68966.52
2026-06-29 08:00:00+00:00,59998.9,60070.1,59712.8,59806.9,4899.419,1579.36,1581.63,1569.28,1572.27,142906.987
2026-06-29 09:00:00+00:00,59806.9,60089.1,59750.1,60031.3,5094.505,1572.27,1579.87,1569.58,1575.46,96099.755
2026-06-29 10:00:00+00:00,60031.3,60287.1,60031.3,60062.4,5511.908,1575.47,1586.55,1575.47,1577.68,124438.054
2026-06-29 11:00:00+00:00,60062.3,60193.2,59770.4,59927.2,6062.808,1577.67,1581.89,1569.44,1574.16,174193.54
2026-06-29 12:00:00+00:00,59927.2,60758.3,59552.6,59923.5,34963.613,1574.16,1597.0,1565.44,1575.27,650818.622
2026-06-29 13:00:00+00:00,59923.5,60313.0,59302.8,59559.3,21676.377,1575.27,1588.04,1564.0,1572.21,462115.207
2026-06-29 14:00:00+00:00,59559.4,59689.6,58988.0,59444.0,22336.282,1572.23,1578.62,1556.54,1572.37,384202.357
2026-06-29 15:00:00+00:00,59444.1,59939.2,59067.6,59800.2,18439.212,1572.36,1585.42,1560.57,1579.48,381415.317
2026-06-29 16:00:00+00:00,59800.3,59999.0,59562.6,59870.9,6543.241,1579.49,1587.04,1573.33,1584.63,190693.905
2026-06-29 17:00:00+00:00,59870.9,60666.6,59870.9,60396.0,17431.193,1584.63,1637.2,1584.63,1627.37,781611.158
2026-06-29 18:00:00+00:00,60396.0,60500.1,60150.2,60275.4,6924.679,1627.38,1628.2,1617.79,1620.45,160630.521
2026-06-29 19:00:00+00:00,60275.4,60540.0,60127.4,60409.3,6026.141,1620.46,1626.84,1615.5,1624.73,121315.922
2026-06-29 20:00:00+00:00,60409.3,60535.0,60265.1,60271.2,4954.154,1624.74,1626.0,1616.48,1616.9,86256.368
2026-06-29 21:00:00+00:00,60271.2,60565.6,60232.1,60454.9,2822.026,1616.89,1622.55,1610.75,1619.34,126235.277
2026-06-29 22:00:00+00:00,60454.9,60493.2,60314.0,60326.5,2066.396,1619.34,1621.28,1611.63,1612.18,64732.761
2026-06-29 23:00:00+00:00,60326.4,60353.9,60134.0,60224.7,3047.364,1612.18,1613.25,1606.74,1612.12,84806.256
2026-06-30 00:00:00+00:00,60224.7,60250.0,59667.5,59806.1,9133.247,1612.12,1613.56,1591.6,1593.77,234649.445
2026-06-30 01:00:00+00:00,59806.1,60024.9,59740.0,59919.6,4682.306,1593.77,1599.31,1588.12,1593.21,169738.789
2026-06-30 02:00:00+00:00,59919.6,60021.4,59719.6,59920.4,3470.21,1593.21,1593.24,1585.64,1589.95,116616.518
2026-06-30 03:00:00+00:00,59920.4,60007.9,59570.0,59596.1,5570.503,1589.94,1595.68,1585.72,1586.26,81355.86
2026-06-30 04:00:00+00:00,59596.1,59672.1,59400.0,59458.3,8066.536,1586.26,1590.35,1578.64,1587.26,220855.227
2026-06-30 05:00:00+00:00,59458.3,59633.5,59329.2,59627.7,7258.542,1587.25,1591.39,1584.29,1590.92,110181.473
2026-06-30 06:00:00+00:00,59627.8,59698.9,59488.6,59571.7,3736.821,1590.92,1594.25,1588.1,1592.98,75109.089
2026-06-30 07:00:00+00:00,59571.6,59611.7,59423.3,59497.7,3824.498,1592.97,1595.79,1589.21,1591.64,64201.273
2026-06-30 08:00:00+00:00,59497.7,59532.7,59159.0,59285.8,8863.332,1591.65,1593.59,1578.42,1583.27,178243.632
2026-06-30 09:00:00+00:00,59285.8,59397.0,59225.0,59348.7,4167.963,1583.27,1586.47,1580.54,1584.77,83072.287
2026-06-30 10:00:00+00:00,59348.7,59403.0,59264.5,59303.6,2380.9,1584.76,1586.33,1581.47,1583.8,48248.75
2026-06-30 11:00:00+00:00,59303.7,59399.3,59100.0,59162.3,6214.318,1583.81,1585.53,1574.55,1577.87,165772.439
2026-06-30 12:00:00+00:00,59162.2,59162.3,58351.0,58374.8,25243.04,1577.88,1577.88,1550.0,1551.81,486788.512
2026-06-30 13:00:00+00:00,58374.8,58791.7,58200.0,58711.9,26034.559,1551.81,1566.92,1549.16,1566.58,477991.061
2026-06-30 14:00:00+00:00,58711.8,59264.4,58400.1,58458.6,23045.692,1566.58,1577.46,1560.55,1562.85,345138.991
2026-06-30 15:00:00+00:00,58458.7,58785.6,58160.0,58356.2,18133.224,1562.85,1576.36,1556.51,1564.56,238749.206
2026-06-30 16:00:00+00:00,58356.2,58617.4,58223.3,58479.3,7812.9,1564.56,1574.43,1561.21,1571.74,141130.761
2026-06-30 17:00:00+00:00,58479.2,58604.8,58290.0,58396.7,4252.186,1571.74,1576.6,1567.8,1570.26,87916.643
2026-06-30 18:00:00+00:00,58396.8,58675.0,58334.0,58659.8,4692.25,1570.26,1581.62,1568.85,1578.45,124605.291
2026-06-30 19:00:00+00:00,58659.9,58819.9,58560.0,58794.4,4770.762,1578.45,1581.37,1574.86,1579.78,77573.341
2026-06-30 20:00:00+00:00,58794.0,58850.0,58621.3,58708.0,3590.107,1579.77,1582.23,1572.35,1575.37,75951.505
2026-06-30 21:00:00+00:00,58708.0,58744.3,58472.3,58612.1,3145.534,1575.36,1576.57,1568.81,1571.1,66951.048
2026-06-30 22:00:00+00:00,58612.3,58780.0,58477.1,58575.8,2005.278,1571.1,1574.63,1565.82,1566.61,82208.122
2026-06-30 23:00:00+00:00,58575.7,58636.7,58518.8,58605.4,1551.593,1566.61,1572.43,1565.29,1571.47,74598.124
2026-07-01 00:00:00+00:00,58605.4,58720.0,58270.0,58548.7,5536.729,1571.48,1576.17,1565.3,1574.35,85846.826
2026-07-01 01:00:00+00:00,58548.7,58991.6,57758.6,58741.7,28902.834,1574.36,1585.95,1552.03,1577.22,372787.881
2026-07-01 02:00:00+00:00,58741.8,59152.0,58632.4,59063.3,12017.6,1577.21,1588.92,1573.68,1585.71,196266.416
2026-07-01 03:00:00+00:00,59063.3,59298.4,58823.9,59169.6,9833.129,1585.72,1598.98,1581.68,1594.07,239208.85
2026-07-01 04:00:00+00:00,59169.7,59444.5,59030.9,59311.2,5966.189,1594.08,1604.4,1590.06,1598.57,155440.852
2026-07-01 05:00:00+00:00,59311.1,59350.0,59085.0,59122.4,4463.091,1598.57,1600.21,1590.49,1591.89,139435.389
2026-07-01 06:00:00+00:00,59122.3,59130.0,58500.1,58726.8,13792.727,1591.89,1592.39,1570.43,1575.48,312922.323
2026-07-01 07:00:00+00:00,58726.7,58797.6,58567.2,58744.4,4204.786,1575.48,1580.56,1571.49,1577.7,113951.028
2026-07-01 08:00:00+00:00,58744.4,58965.0,58450.7,58950.8,6346.255,1577.71,1581.75,1567.49,1581.75,158305.852
2026-07-01 09:00:00+00:00,58950.8,59069.7,58792.8,58921.4,5253.469,1581.74,1584.49,1577.71,1580.44,121400.74
2026-07-01 10:00:00+00:00,58921.4,58923.3,58590.9,58631.6,3734.411,1580.44,1581.09,1571.03,1572.66,94388.983
2026-07-01 11:00:00+00:00,58631.6,58733.5,58524.2,58592.9,3608.449,1572.67,1575.19,1565.94,1569.02,98885.875
2026-07-01 12:00:00+00:00,58592.8,58655.6,58294.1,58495.6,8651.069,1569.02,1571.91,1564.17,1569.39,152690.222
2026-07-01 13:00:00+00:00,58495.6,59486.7,58495.5,59463.1,22483.032,1569.4,1597.72,1569.02,1596.42,479078.37
2026-07-01 14:00:00+00:00,59463.0,60067.9,59239.9,59523.8,29537.612,1596.42,1616.6,1590.35,1600.44,662228.674
2026-07-01 15:00:00+00:00,59523.7,60520.0,59496.9,60118.5,22422.372,1600.44,1630.72,1600.09,1619.26,555942.579
2026-07-01 16:00:00+00:00,60118.6,60244.0,59836.1,59902.8,7712.896,1619.27,1628.65,1611.03,1613.86,228643.701
2026-07-01 17:00:00+00:00,59902.9,60218.2,59762.6,60166.5,6967.927,1613.85,1624.32,1606.14,1622.1,210542.56
2026-07-01 18:00:00+00:00,60166.5,60278.9,59992.7,60141.5,4929.144,1622.11,1623.73,1611.09,1615.7,143148.108
2026-07-01 19:00:00+00:00,60141.5,60332.8,59952.3,60000.0,5201.063,1615.7,1623.36,1613.66,1617.14,101697.407
2026-07-01 20:00:00+00:00,60000.0,60170.3,59844.5,60100.3,4206.586,1617.14,1619.83,1609.35,1617.11,119723.3
2026-07-01 21:00:00+00:00,60100.3,60827.8,60092.7,60799.9,16099.76,1617.11,1638.4,1616.86,1631.19,226367.3
2026-07-01 22:00:00+00:00,60799.9,61322.0,60319.3,60446.3,23792.275,1631.17,1645.86,1619.38,1620.98,314756.042
2026-07-01 23:00:00+00:00,60446.3,60446.3,59949.2,59999.6,8275.076,1620.98,1620.98,1607.42,1608.87,156270.128
2026-07-02 00:00:00+00:00,59999.6,60005.7,59555.0,59719.7,11009.328,1608.87,1609.07,1596.14,1602.71,202353.728
2026-07-02 01:00:00+00:00,59719.7,60298.0,59688.9,60150.0,8878.647,1602.72,1624.65,1601.78,1619.88,203642.946
2026-07-02 02:00:00+00:00,60150.0,60467.2,59978.3,60392.5,5419.48,1619.89,1623.88,1613.59,1620.0,116727.804
2026-07-02 03:00:00+00:00,60392.4,61102.5,60259.1,61032.9,12526.353,1620.0,1643.47,1617.47,1638.85,308745.666
2026-07-02 04:00:00+00:00,61032.9,61033.0,60703.1,60757.7,7263.034,1638.84,1639.4,1629.26,1632.14,130700.823
2026-07-02 05:00:00+00:00,60757.7,60852.9,60450.0,60479.9,9042.359,1632.13,1634.39,1624.3,1625.97,96827.171
2026-07-02 06:00:00+00:00,60480.0,60623.5,60232.6,60247.6,8467.548,1625.96,1629.22,1616.54,1618.23,145570.963
2026-07-02 07:00:00+00:00,60247.6,60288.0,60080.9,60125.8,9344.837,1618.22,1619.19,1613.99,1615.56,144989.272
2026-07-02 08:00:00+00:00,60125.8,60542.2,60113.5,60486.8,6198.207,1615.55,1625.5,1614.51,1624.24,167410.695
2026-07-02 09:00:00+00:00,60486.7,61447.0,60342.5,61159.6,25607.036,1624.23,1652.0,1619.57,1642.63,552430.196
2026-07-02 10:00:00+00:00,61159.6,61330.0,61019.8,61238.5,9252.747,1642.63,1648.84,1640.66,1645.41,200683.029
2026-07-02 11:00:00+00:00,61238.4,61367.3,61100.0,61329.1,12681.094,1645.41,1654.36,1643.52,1649.41,270166.707
2026-07-02 12:00:00+00:00,61329.1,61591.1,61109.9,61507.4,18071.778,1649.42,1670.0,1646.89,1661.97,487392.868
2026-07-02 13:00:00+00:00,61507.3,62077.3,61472.0,61913.5,25674.18,1661.97,1713.89,1660.0,1710.16,1153757.159
2026-07-02 14:00:00+00:00,61913.6,62180.0,61368.8,61669.8,18344.228,1710.17,1725.0,1692.0,1700.97,684333.446
2026-07-02 15:00:00+00:00,61669.7,61844.4,61400.0,61584.0,7696.828,1700.96,1702.94,1687.51,1696.32,245198.124
2026-07-02 16:00:00+00:00,61584.0,61754.9,61113.8,61646.8,13879.115,1696.33,1703.86,1685.04,1698.91,257285.25
2026-07-02 17:00:00+00:00,61646.8,61900.0,61592.8,61643.0,6139.152,1698.92,1704.69,1693.34,1694.97,128348.682
2026-07-02 18:00:00+00:00,61643.0,61847.2,61633.7,61733.5,3075.802,1694.97,1706.49,1694.35,1701.35,90856.364
2026-07-02 19:00:00+00:00,61733.5,61739.7,61388.1,61452.5,5108.61,1701.36,1704.96,1694.0,1699.42,115736.245
2026-07-02 20:00:00+00:00,61452.4,61576.8,61308.3,61555.4,4121.371,1699.41,1706.0,1695.33,1704.84,99752.153
2026-07-02 21:00:00+00:00,61555.3,61634.3,61500.0,61570.6,1957.081,1704.83,1705.29,1696.3,1699.38,91491.443
2026-07-02 22:00:00+00:00,61570.5,61570.6,61388.0,61445.0,3574.01,1699.39,1700.4,1693.1,1696.01,56268.542
2026-07-02 23:00:00+00:00,61444.9,61588.2,61333.0,61540.6,2617.247,1696.0,1701.36,1691.3,1699.9,66775.988
2026-07-03 00:00:00+00:00,61540.5,61558.8,61229.0,61283.9,3597.556,1699.89,1702.48,1693.68,1696.01,68579.757
2026-07-03 01:00:00+00:00,61283.9,61727.2,61261.0,61566.5,4451.238,1696.01,1718.39,1694.55,1711.53,238706.216
2026-07-03 02:00:00+00:00,61566.6,61647.0,61271.0,61411.8,3999.381,1711.52,1714.59,1695.3,1704.06,155266.611
2026-07-03 03:00:00+00:00,61411.9,61558.0,61300.0,61407.6,3005.736,1704.06,1711.44,1698.68,1705.61,104162.81
2026-07-03 04:00:00+00:00,61407.5,61504.6,61300.4,61420.5,2696.433,1705.61,1707.99,1701.74,1702.56,50543.195
2026-07-03 05:00:00+00:00,61420.5,61788.0,61403.1,61674.8,4765.665,1702.56,1721.78,1701.63,1714.17,144598.336
2026-07-03 06:00:00+00:00,61674.7,61825.1,61584.0,61680.5,3450.463,1714.16,1720.85,1712.04,1715.32,109109.722
2026-07-03 07:00:00+00:00,61680.6,61849.7,61634.1,61733.6,3348.266,1715.31,1721.97,1713.0,1717.0,101004.552
2026-07-03 08:00:00+00:00,61733.7,61875.3,61525.9,61553.5,4222.917,1717.0,1737.34,1714.9,1719.1,317161.591
2026-07-03 09:00:00+00:00,61553.6,61760.7,61480.7,61686.8,3311.924,1719.11,1731.0,1716.19,1725.63,175783.958
2026-07-03 10:00:00+00:00,61686.9,62017.7,61640.2,61886.6,5642.212,1725.63,1748.67,1725.49,1741.51,398985.966
2026-07-03 11:00:00+00:00,61886.5,62078.6,61808.1,61992.8,5889.006,1741.51,1747.65,1736.64,1741.66,176925.908
2026-07-03 12:00:00+00:00,61992.8,62149.3,61841.0,61952.5,8242.179,1741.66,1744.4,1730.57,1735.66,176108.065
2026-07-03 13:00:00+00:00,61952.6,62271.9,61910.5,62083.8,5936.24,1735.65,1753.36,1735.1,1747.4,265943.565
2026-07-03 14:00:00+00:00,62083.9,62257.0,61653.0,62142.9,8788.007,1747.4,1747.41,1728.03,1736.51,274265.995
2026-07-03 15:00:00+00:00,62142.9,62386.7,61778.1,61895.2,13581.616,1736.51,1745.52,1728.75,1730.37,261005.308
2026-07-03 16:00:00+00:00,61895.2,62103.5,61877.6,62081.9,4059.255,1730.38,1734.79,1726.85,1732.87,100977.038
2026-07-03 17:00:00+00:00,62081.9,62266.8,62036.0,62171.5,4094.585,1732.87,1741.41,1731.57,1737.53,125497.225
2026-07-03 18:00:00+00:00,62171.5,62223.7,62087.4,62180.2,2583.154,1737.54,1740.5,1735.49,1738.09,50856.889
2026-07-03 19:00:00+00:00,62180.3,62292.4,62120.1,62178.4,3755.875,1738.09,1752.97,1736.55,1744.78,236400.346
2026-07-03 20:00:00+00:00,62178.4,62898.0,62151.2,62759.3,21132.14,1744.79,1773.78,1742.76,1765.43,396968.035
2026-07-03 21:00:00+00:00,62759.3,62957.2,62488.8,62706.8,7035.75,1765.44,1775.5,1756.23,1762.87,168914.394
2026-07-03 22:00:00+00:00,62706.9,62726.0,62513.0,62549.3,2682.334,1762.88,1763.33,1755.16,1756.87,64892.177
2026-07-03 23:00:00+00:00,62549.3,62688.0,62507.1,62565.5,2226.562,1756.87,1761.42,1754.3,1757.41,48932.369
2026-07-04 00:00:00+00:00,62565.5,62925.7,62560.5,62735.1,5338.885,1757.41,1763.39,1755.57,1758.01,77483.968
2026-07-04 01:00:00+00:00,62735.0,62735.1,62381.6,62450.0,5177.732,1758.0,1758.01,1745.12,1747.13,146781.277
2026-07-04 02:00:00+00:00,62450.0,62556.5,62404.0,62514.0,1900.751,1747.13,1750.58,1743.09,1748.64,66367.894
2026-07-04 03:00:00+00:00,62514.1,62734.7,62460.0,62609.6,2757.48,1748.64,1755.97,1746.42,1753.14,79586.222
2026-07-04 04:00:00+00:00,62609.6,62735.2,62568.8,62661.5,1944.821,1753.14,1763.99,1751.26,1760.99,96498.297
2026-07-04 05:00:00+00:00,62661.6,62661.6,62395.7,62445.6,2620.858,1761.0,1761.0,1752.5,1755.32,72207.071
2026-07-04 06:00:00+00:00,62445.7,62538.6,62302.6,62473.2,2993.905,1755.33,1760.93,1750.51,1753.98,76540.731
2026-07-04 07:00:00+00:00,62473.1,62612.6,62441.8,62549.0,2131.436,1753.98,1758.99,1752.09,1757.42,64262.614
2026-07-04 08:00:00+00:00,62549.1,62654.1,62485.1,62528.0,2712.962,1757.43,1765.42,1756.59,1761.61,93166.685
2026-07-04 09:00:00+00:00,62527.9,62559.3,62386.1,62466.0,1929.56,1761.62,1762.42,1754.08,1757.33,62485.997
2026-07-04 10:00:00+00:00,62466.0,62518.8,62418.3,62483.9,1203.457,1757.33,1760.49,1756.22,1758.3,40411.821
2026-07-04 11:00:00+00:00,62483.8,62545.4,62430.1,62458.7,1559.204,1758.3,1759.68,1755.37,1757.27,43424.04
2026-07-04 12:00:00+00:00,62458.6,62671.5,62458.6,62634.1,1790.061,1757.28,1765.82,1757.27,1763.58,76379.721
2026-07-04 13:00:00+00:00,62634.0,62755.5,62509.4,62563.0,2399.918,1763.58,1778.29,1760.67,1763.17,184192.233
2026-07-04 14:00:00+00:00,62562.9,62719.3,62562.4,62671.9,1875.0,1763.18,1774.21,1763.02,1771.51,127491.611
2026-07-04 15:00:00+00:00,62671.8,63069.6,62666.7,62908.8,9460.185,1771.52,1799.0,1771.46,1790.43,515978.581
2026-07-04 16:00:00+00:00,62908.7,62943.0,62752.9,62895.2,2956.899,1790.44,1791.41,1782.38,1786.31,172544.631
2026-07-04 17:00:00+00:00,62895.2,63420.0,62769.8,63245.6,10022.122,1786.3,1808.0,1778.08,1798.83,334074.346
2026-07-04 18:00:00+00:00,63245.5,63324.8,63070.0,63137.5,3957.615,1798.84,1805.34,1791.0,1793.01,148635.655
2026-07-04 19:00:00+00:00,63137.5,63450.0,63090.0,63268.1,4202.383,1793.02,1797.04,1787.53,1792.0,89100.442
2026-07-04 20:00:00+00:00,63268.0,63367.0,63128.4,63208.9,2485.99,1792.0,1795.27,1782.8,1786.24,89403.581
2026-07-04 21:00:00+00:00,63208.8,63430.0,63172.8,63274.7,2460.986,1786.23,1793.68,1785.36,1788.38,52605.231
2026-07-04 22:00:00+00:00,63274.6,63286.4,63129.4,63167.7,1955.701,1788.37,1788.6,1781.33,1784.0,57535.467
2026-07-04 23:00:00+00:00,63167.7,63215.8,62902.7,63114.8,3811.613,1784.0,1784.82,1770.88,1779.94,147981.372
2026-07-05 00:00:00+00:00,63114.9,63114.9,62824.4,62962.5,3551.601,1779.94,1780.03,1767.9,1771.99,101254.877
2026-07-05 01:00:00+00:00,62962.6,63022.6,62762.3,62859.8,4010.604,1772.0,1773.97,1760.17,1765.83,171267.122
2026-07-05 02:00:00+00:00,62859.8,62902.6,62549.6,62673.8,4562.372,1765.83,1767.15,1756.04,1760.0,147502.023
2026-07-05 03:00:00+00:00,62673.7,62766.0,62626.5,62739.1,2361.782,1760.01,1763.16,1756.71,1760.65,71471.185
2026-07-05 04:00:00+00:00,62739.1,62928.0,62680.0,62787.3,2921.002,1760.65,1771.99,1759.21,1766.73,122239.131
2026-07-05 05:00:00+00:00,62787.0,62788.4,62628.0,62716.4,2140.339,1766.72,1767.01,1759.13,1765.19,76696.721
2026-07-05 06:00:00+00:00,62716.4,62800.0,62644.3,62749.9,1389.733,1765.19,1767.54,1761.02,1763.9,48452.882
2026-07-05 07:00:00+00:00,62749.8,63039.3,62690.5,62995.1,3714.195,1763.91,1771.51,1761.0,1769.17,81940.689
2026-07-05 08:00:00+00:00,62995.1,63084.0,62868.0,62893.3,2742.219,1769.18,1772.69,1765.64,1766.82,58182.87
2026-07-05 09:00:00+00:00,62893.4,62908.7,62410.1,62600.3,6542.351,1766.82,1767.05,1747.27,1757.37,239393.499
2026-07-05 10:00:00+00:00,62600.2,62737.9,62507.2,62737.6,2252.572,1757.37,1761.35,1754.28,1760.75,79158.546
2026-07-05 11:00:00+00:00,62737.6,62799.9,62582.3,62630.0,1774.562,1760.75,1764.52,1758.04,1759.39,59973.989
2026-07-05 12:00:00+00:00,62630.0,62752.0,62534.3,62718.2,2260.963,1759.39,1768.88,1755.15,1764.26,94792.848
2026-07-05 13:00:00+00:00,62718.3,62797.9,62617.5,62769.9,2043.696,1764.26,1767.04,1760.52,1765.49,55689.186
2026-07-05 14:00:00+00:00,62769.9,62793.6,62621.5,62785.3,1709.374,1765.48,1772.37,1764.0,1771.67,75655.636
2026-07-05 15:00:00+00:00,62785.2,62923.7,62646.9,62711.9,4065.907,1771.67,1781.18,1769.44,1773.89,190031.804
2026-07-05 16:00:00+00:00,62711.9,62745.6,62570.0,62612.0,3034.915,1773.88,1776.95,1769.46,1772.1,68426.233
2026-07-05 17:00:00+00:00,62612.0,62800.0,62564.4,62601.3,2087.571,1772.11,1786.11,1772.11,1778.53,150450.436
2026-07-05 18:00:00+00:00,62601.4,62865.0,62587.8,62787.6,1904.702,1778.52,1786.35,1776.72,1780.32,70600.062
2026-07-05 19:00:00+00:00,62787.6,62848.5,62691.2,62744.0,1276.56,1780.32,1783.83,1776.61,1780.67,47125.36
2026-07-05 20:00:00+00:00,62744.1,62815.1,62667.5,62704.7,862.24,1780.66,1782.9,1775.03,1776.43,45895.924
2026-07-05 21:00:00+00:00,62704.8,63224.7,62580.0,63070.4,6287.574,1776.43,1792.99,1768.04,1786.11,192554.537
2026-07-05 22:00:00+00:00,63070.4,63979.3,62976.3,63717.1,20592.411,1786.12,1807.77,1783.36,1789.3,334994.892
2026-07-05 23:00:00+00:00,63717.1,63990.7,63542.8,63617.1,8537.899,1789.29,1802.17,1781.88,1785.07,168066.774
2026-07-06 00:00:00+00:00,63617.2,63760.0,63308.3,63728.4,7726.289,1785.07,1793.79,1772.84,1792.67,200672.379
2026-07-06 01:00:00+00:00,63728.3,63900.0,63520.0,63544.2,4911.735,1792.67,1798.4,1784.3,1785.43,127352.818
2026-07-06 02:00:00+00:00,63544.1,63644.1,63340.4,63425.1,5031.491,1785.43,1789.69,1778.63,1782.88,106978.713
2026-07-06 03:00:00+00:00,63425.1,63478.4,63101.2,63273.0,6110.788,1782.88,1784.48,1770.84,1778.92,140666.751
2026-07-06 04:00:00+00:00,63272.9,63368.3,63154.6,63242.9,2765.979,1778.93,1785.06,1775.25,1777.03,81429.567
2026-07-06 05:00:00+00:00,63242.8,63242.8,62912.6,63086.0,6116.52,1777.03,1777.52,1763.66,1773.42,191289.983
2026-07-06 06:00:00+00:00,63086.0,63125.6,62940.0,62962.6,3366.096,1773.41,1774.72,1768.42,1768.75,92364.068
2026-07-06 07:00:00+00:00,62962.6,63102.7,62858.4,63064.5,4208.151,1768.75,1774.83,1766.0,1771.42,98510.166
2026-07-06 08:00:00+00:00,63064.5,63226.4,62807.1,62876.1,5227.929,1771.43,1777.96,1762.14,1764.97,133021.717
2026-07-06 09:00:00+00:00,62876.0,62893.9,62610.0,62646.6,5981.406,1764.96,1765.38,1755.07,1757.93,172361.586
2026-07-06 10:00:00+00:00,62646.5,63019.3,62641.5,62797.6,5488.25,1757.93,1773.55,1757.3,1770.22,155010.134
2026-07-06 11:00:00+00:00,62797.7,62979.4,62461.4,62461.4,10912.522,1770.23,1774.77,1758.51,1758.51,141239.541
2026-07-06 12:00:00+00:00,62461.2,62467.2,61652.0,61733.6,34860.28,1758.51,1760.0,1734.5,1740.11,792058.678
2026-07-06 13:00:00+00:00,61733.6,62023.8,61297.0,61751.7,25787.251,1740.11,1752.99,1728.3,1744.04,534960.274
2026-07-06 14:00:00+00:00,61751.7,62397.3,61679.4,62019.7,16281.511,1744.03,1762.58,1741.08,1751.08,291509.347
2026-07-06 15:00:00+00:00,62019.7,63531.1,62019.7,63523.1,28807.014,1751.09,1788.26,1750.77,1787.72,543835.414
2026-07-06 16:00:00+00:00,63523.0,63850.0,63356.8,63710.4,21207.184,1787.72,1804.5,1781.53,1791.9,534001.807
2026-07-06 17:00:00+00:00,63710.4,63977.9,63539.9,63565.2,11369.867,1791.9,1799.86,1786.53,1787.47,186681.712
2026-07-06 18:00:00+00:00,63565.2,63867.5,63532.8,63675.7,4653.007,1787.48,1795.71,1785.87,1791.91,101292.987
2026-07-06 19:00:00+00:00,63675.8,63874.4,63628.0,63709.8,3459.098,1791.91,1798.31,1790.4,1791.81,92408.107
2026-07-06 20:00:00+00:00,63709.9,63868.0,63560.0,63798.0,3993.392,1791.82,1795.7,1786.46,1792.3,78702.959
2026-07-06 21:00:00+00:00,63798.1,64691.9,63781.7,64475.9,17905.498,1792.3,1833.0,1791.62,1814.3,524612.163
2026-07-06 22:00:00+00:00,64475.9,64488.8,64129.4,64227.2,3777.611,1814.29,1816.11,1803.48,1805.54,110605.183
2026-07-06 23:00:00+00:00,64227.2,64330.5,64002.0,64023.6,2844.93,1805.54,1809.46,1796.59,1798.84,108816.882
2026-07-07 00:00:00+00:00,64023.5,64298.1,63981.6,64175.2,4516.091,1798.84,1809.87,1793.96,1802.8,138621.326
2026-07-07 01:00:00+00:00,64175.1,64175.2,63738.9,63815.0,6656.918,1802.79,1802.91,1786.59,1791.81,209545.124
2026-07-07 02:00:00+00:00,63815.0,63884.1,63257.0,63298.2,12011.75,1791.81,1793.68,1775.98,1777.69,225309.063
2026-07-07 03:00:00+00:00,63298.2,63412.8,63122.0,63165.0,6438.175,1777.69,1780.82,1766.8,1770.7,169873.785
2026-07-07 04:00:00+00:00,63164.9,63266.7,63030.7,63069.0,5517.363,1770.7,1772.81,1761.59,1765.67,149319.8
2026-07-07 05:00:00+00:00,63069.0,63232.7,62745.6,63092.5,10146.888,1765.67,1772.77,1756.62,1769.67,207822.349
2026-07-07 06:00:00+00:00,63092.4,63373.3,62954.4,63310.0,6420.153,1769.68,1782.23,1763.91,1778.48,193789.402
2026-07-07 07:00:00+00:00,63309.9,63424.2,63050.0,63062.6,5308.971,1778.47,1782.0,1770.23,1770.54,138978.615
2026-07-07 08:00:00+00:00,63062.7,63165.7,62958.4,63074.0,3246.141,1770.54,1774.82,1767.29,1769.81,94199.815
2026-07-07 09:00:00+00:00,63074.0,63317.4,63030.0,63226.9,3984.997,1769.81,1782.3,1767.78,1777.3,122548.196
2026-07-07 10:00:00+00:00,63227.0,63432.8,63185.4,63258.6,4429.345,1777.3,1784.0,1773.28,1775.09,107963.999
2026-07-07 11:00:00+00:00,63258.6,63427.8,63080.0,63377.7,4669.388,1775.09,1784.34,1770.9,1779.9,98831.317
2026-07-07 12:00:00+00:00,63377.8,63868.0,63365.7,63451.9,11307.971,1779.91,1793.77,1779.51,1781.31,225156.682
2026-07-07 13:00:00+00:00,63451.8,63455.4,62960.3,63033.2,13510.125,1781.31,1782.71,1765.19,1768.05,332651.56
2026-07-07 14:00:00+00:00,63033.3,63617.8,62638.0,63536.5,19586.851,1768.04,1792.44,1760.01,1788.76,384496.091
2026-07-07 15:00:00+00:00,63536.5,64096.0,63349.4,63910.0,15827.862,1788.77,1802.86,1782.25,1796.66,314489.988
2026-07-07 16:00:00+00:00,63910.0,64234.1,63780.3,63962.4,8485.483,1796.67,1812.85,1791.39,1801.41,245275.824
2026-07-07 17:00:00+00:00,63962.4,64211.0,63868.2,64164.7,4437.323,1801.41,1809.74,1797.53,1809.67,122834.896
2026-07-07 18:00:00+00:00,64164.6,64168.8,63646.5,63653.8,6767.564,1809.68,1809.72,1785.01,1785.6,216154.218
2026-07-07 19:00:00+00:00,63653.6,63873.2,63351.4,63794.9,8996.679,1785.59,1791.48,1771.02,1789.59,273477.734
2026-07-07 20:00:00+00:00,63794.9,63874.6,63588.5,63668.3,2860.895,1789.59,1792.27,1780.43,1783.32,76133.929
2026-07-07 21:00:00+00:00,63668.4,63839.9,63264.0,63399.5,5782.613,1783.31,1788.61,1770.0,1772.84,128846.906
2026-07-07 22:00:00+00:00,63399.5,63635.4,63177.0,63514.9,3966.559,1772.85,1777.9,1764.5,1774.42,127308.499
2026-07-07 23:00:00+00:00,63514.9,63679.5,63288.0,63335.4,2329.733,1774.42,1780.39,1767.49,1770.67,67268.671
2026-07-08 00:00:00+00:00,63335.4,63740.2,63274.1,63585.9,3564.601,1770.67,1784.16,1769.03,1779.72,112270.274
2026-07-08 01:00:00+00:00,63585.9,63624.0,62883.6,63003.7,8120.007,1779.72,1780.14,1748.62,1755.11,327636.286
2026-07-08 02:00:00+00:00,63003.7,63037.1,62466.9,62951.3,13015.007,1755.1,1758.83,1740.4,1756.89,274999.143
2026-07-08 03:00:00+00:00,62951.4,63067.9,62666.0,62741.0,4155.352,1756.9,1763.14,1748.29,1750.78,130497.805
2026-07-08 04:00:00+00:00,62741.0,62873.3,62643.6,62767.3,3191.098,1750.78,1757.32,1748.34,1755.59,81671.963
2026-07-08 05:00:00+00:00,62766.9,62851.2,62520.4,62613.8,4053.867,1755.58,1759.0,1749.72,1753.34,66645.393
2026-07-08 06:00:00+00:00,62613.8,62718.2,62434.9,62628.5,5098.065,1753.34,1754.5,1745.51,1751.01,112465.241
2026-07-08 07:00:00+00:00,62628.5,62867.7,62519.3,62854.1,5614.701,1751.0,1756.6,1744.3,1755.74,132273.195
2026-07-08 08:00:00+00:00,62854.1,62921.8,61821.0,61989.8,24133.055,1755.74,1757.96,1724.31,1734.76,611429.527
2026-07-08 09:00:00+00:00,61989.8,62142.9,61708.2,62031.7,11392.528,1734.76,1740.45,1729.17,1735.3,166742.305
2026-07-08 10:00:00+00:00,62031.8,62164.7,61876.0,62149.8,5056.481,1735.3,1741.78,1731.76,1738.67,92610.708
2026-07-08 11:00:00+00:00,62149.9,62366.0,62025.2,62270.0,5367.666,1738.67,1751.14,1735.2,1747.36,203730.917
2026-07-08 12:00:00+00:00,62270.0,62394.1,61933.0,61933.9,5991.213,1747.35,1750.68,1737.28,1737.79,156169.99
2026-07-08 13:00:00+00:00,61933.9,62073.6,61615.0,61923.0,12545.108,1737.78,1743.59,1730.27,1736.98,251232.938
2026-07-08 14:00:00+00:00,61922.9,62151.9,61686.7,61865.5,10860.112,1736.97,1740.32,1721.41,1728.88,357072.517
2026-07-08 15:00:00+00:00,61865.6,61900.5,61520.0,61674.5,9713.099,1728.88,1729.75,1712.45,1722.08,343509.355
2026-07-08 16:00:00+00:00,61674.6,62129.8,61666.0,62086.4,7113.853,1722.08,1737.7,1722.07,1735.61,199680.196
2026-07-08 17:00:00+00:00,62086.3,62372.7,62005.2,62086.5,6899.963,1735.6,1745.8,1729.93,1732.28,185717.322
2026-07-08 18:00:00+00:00,62086.4,62331.0,62014.1,62158.8,3724.733,1732.28,1740.48,1729.16,1736.69,99780.734
2026-07-08 19:00:00+00:00,62158.9,62270.4,62043.0,62251.9,2519.071,1736.69,1740.98,1732.54,1740.34,78366.898
2026-07-08 20:00:00+00:00,62251.9,62287.1,62051.2,62076.2,2354.879,1740.35,1740.7,1733.73,1735.72,56921.808
2026-07-08 21:00:00+00:00,62076.2,62226.4,61926.9,62162.4,4462.192,1735.73,1739.29,1730.52,1737.39,60531.167
2026-07-08 22:00:00+00:00,62162.4,62331.8,62144.4,62303.5,2226.252,1737.39,1742.79,1735.8,1740.5,42270.393
2026-07-08 23:00:00+00:00,62303.5,62320.6,62139.3,62255.3,1922.822,1740.51,1744.14,1737.84,1742.68,48627.352
2026-07-09 00:00:00+00:00,62255.1,62284.4,62025.4,62101.8,3023.797,1742.67,1743.99,1736.17,1737.4,64154.783
2026-07-09 01:00:00+00:00,62101.8,62620.2,61796.1,61882.2,10363.949,1737.4,1755.28,1728.84,1731.0,230257.352
2026-07-09 02:00:00+00:00,61882.2,62098.0,61666.0,61753.7,4989.881,1731.0,1738.9,1722.66,1726.51,153531.372
2026-07-09 03:00:00+00:00,61753.8,62042.7,61693.1,61943.1,3408.734,1726.52,1733.8,1720.53,1729.9,107848.289
2026-07-09 04:00:00+00:00,61943.2,62427.7,61929.0,62420.4,5177.524,1729.89,1743.07,1729.41,1741.69,101113.883
2026-07-09 05:00:00+00:00,62420.3,62599.6,62204.9,62565.8,7762.964,1741.68,1748.88,1736.72,1748.69,144342.853
2026-07-09 06:00:00+00:00,62565.8,62958.0,62452.1,62934.0,10744.759,1748.69,1754.96,1745.02,1754.51,175090.578
2026-07-09 07:00:00+00:00,62933.9,63286.5,62774.5,62973.7,11947.227,1754.51,1762.52,1749.9,1752.47,190376.629
2026-07-09 08:00:00+00:00,62973.6,63083.9,62822.8,62872.6,4400.093,1752.47,1758.3,1750.0,1753.56,87934.135
2026-07-09 09:00:00+00:00,62872.6,62980.4,62753.1,62925.0,3618.009,1753.56,1755.76,1748.54,1755.0,75066.316
2026-07-09 10:00:00+00:00,62925.0,63030.5,62653.8,62757.2,3716.851,1755.0,1756.77,1743.18,1745.46,93539.349
2026-07-09 11:00:00+00:00,62757.2,62804.8,62583.4,62756.0,5140.324,1745.47,1747.79,1740.26,1743.17,105606.403
2026-07-09 12:00:00+00:00,62755.9,62934.3,62428.5,62583.3,19486.3,1743.18,1746.68,1733.98,1740.79,253882.246
2026-07-09 13:00:00+00:00,62583.3,63215.0,62490.2,62999.9,9489.196,1740.79,1751.52,1735.0,1746.33,227508.746
2026-07-09 14:00:00+00:00,63000.0,63117.9,62620.1,62982.5,7113.788,1746.34,1749.26,1732.49,1742.42,220930.513
2026-07-09 15:00:00+00:00,62982.4,63233.0,62782.5,62835.4,6941.238,1742.42,1748.56,1736.53,1738.61,125545.301
2026-07-09 16:00:00+00:00,62835.4,62969.3,62525.2,62670.7,5324.178,1738.61,1743.0,1731.1,1738.2,120013.986
2026-07-09 17:00:00+00:00,62670.7,63146.0,62640.2,63114.7,5492.868,1738.21,1751.83,1737.62,1747.76,133903.59
2026-07-09 18:00:00+00:00,63114.8,63484.9,63041.9,63199.8,10034.92,1747.75,1759.65,1746.53,1750.7,202110.508
2026-07-09 19:00:00+00:00,63199.9,63365.0,63130.0,63222.9,2981.368,1750.71,1752.44,1746.0,1747.81,63471.586
2026-07-09 20:00:00+00:00,63222.9,63300.0,63148.1,63288.7,1854.485,1747.81,1749.69,1744.05,1747.94,55648.37
2026-07-09 21:00:00+00:00,63288.8,63371.7,63162.7,63248.9,1886.986,1747.94,1750.35,1744.25,1747.41,30669.938
2026-07-09 22:00:00+00:00,63249.0,63395.9,63180.9,63186.1,2732.059,1747.41,1750.37,1745.33,1746.6,34255.213
2026-07-09 23:00:00+00:00,63186.2,63299.9,63032.2,63197.0,3222.795,1746.6,1748.31,1740.65,1744.25,55442.517
2026-07-10 00:00:00+00:00,63197.1,63239.2,62897.0,63085.3,4961.377,1744.26,1745.86,1736.61,1742.25,92111.596
2026-07-10 01:00:00+00:00,63085.3,63938.8,62931.7,63726.6,11961.053,1742.26,1776.97,1737.24,1767.0,318335.948
2026-07-10 02:00:00+00:00,63726.7,64022.0,63662.6,63935.0,7618.357,1767.0,1774.43,1763.73,1772.11,170125.132
2026-07-10 03:00:00+00:00,63935.0,64019.7,63789.0,63917.2,4041.922,1772.11,1779.38,1768.44,1775.41,122953.746
2026-07-10 04:00:00+00:00,63917.3,64168.0,63826.4,64019.3,6097.263,1775.4,1779.91,1770.94,1773.9,102227.956
2026-07-10 05:00:00+00:00,64019.2,64185.0,63915.0,64090.0,4203.902,1773.89,1779.35,1771.51,1778.16,99294.613
2026-07-10 06:00:00+00:00,64089.9,64138.7,63804.4,63832.8,4672.326,1778.15,1779.21,1768.29,1770.28,136932.596
2026-07-10 07:00:00+00:00,63832.8,63980.0,63765.5,63956.1,4743.281,1770.28,1776.74,1767.71,1772.5,76782.173
2026-07-10 08:00:00+00:00,63956.1,64387.9,63949.1,64211.4,12036.605,1772.5,1788.97,1771.66,1783.21,213994.433
2026-07-10 09:00:00+00:00,64211.5,64459.9,64065.7,64360.4,8387.949,1783.21,1794.2,1780.3,1791.85,163472.492
2026-07-10 10:00:00+00:00,64360.4,64478.3,64244.6,64374.0,4417.956,1791.85,1803.24,1788.62,1796.07,195020.148
2026-07-10 11:00:00+00:00,64374.0,64450.3,64309.0,64394.2,2719.427,1796.07,1801.75,1793.48,1800.64,130841.523
2026-07-10 12:00:00+00:00,64394.2,64587.9,64236.3,64258.9,6480.494,1800.63,1806.82,1791.84,1793.17,172959.881
2026-07-10 13:00:00+00:00,64258.9,64680.0,64127.0,64453.7,9691.781,1793.16,1811.23,1792.65,1803.06,215136.183
2026-07-10 14:00:00+00:00,64453.6,64491.8,63768.0,63897.9,13660.447,1803.06,1803.98,1774.83,1784.26,410527.982
2026-07-10 15:00:00+00:00,63897.9,64196.1,63875.5,64018.7,5262.22,1784.27,1796.1,1783.07,1790.49,148257.581
2026-07-10 16:00:00+00:00,64018.7,64208.1,63802.4,64118.9,4431.076,1790.48,1798.86,1785.01,1796.66,111067.695
2026-07-10 17:00:00+00:00,64118.9,64139.6,63803.6,63804.0,2988.902,1796.66,1798.37,1787.35,1787.44,98704.909
2026-07-10 18:00:00+00:00,63804.1,63990.0,63718.1,63792.0,2758.665,1787.45,1793.07,1779.35,1784.17,102477.118
2026-07-10 19:00:00+00:00,63792.0,64029.9,63755.8,63900.4,3498.343,1784.17,1796.43,1783.43,1791.85,116523.012
2026-07-10 20:00:00+00:00,63900.4,63909.2,63619.9,63820.0,6698.936,1791.85,1793.64,1788.57,1789.28,63776.236
2026-07-10 21:00:00+00:00,63820.1,64086.4,63813.6,63987.6,2417.892,1789.28,1796.17,1788.88,1793.51,44132.192
2026-07-10 22:00:00+00:00,63987.7,64142.7,63953.9,64089.9,2814.802,1793.5,1795.9,1792.08,1794.28,33810.624
2026-07-10 23:00:00+00:00,64089.8,64176.9,63989.2,64129.5,2223.081,1794.28,1797.4,1791.56,1796.03,44583.348
2026-07-11 00:00:00+00:00,64129.5,64137.1,64000.0,64090.1,1731.884,1796.03,1796.36,1788.7,1792.57,46189.432
2026-07-11 01:00:00+00:00,64090.1,64288.7,63969.9,63979.2,2766.132,1792.57,1798.86,1787.68,1788.22,75871.175
2026-07-11 02:00:00+00:00,63979.1,64137.8,63950.1,64130.5,1433.009,1788.22,1795.42,1785.0,1794.93,55912.84
2026-07-11 03:00:00+00:00,64130.5,64169.1,64037.4,64117.2,1351.12,1794.93,1797.63,1791.66,1795.65,47476.969
2026-07-11 04:00:00+00:00,64117.2,64182.0,64047.2,64123.4,1026.864,1795.66,1799.91,1794.5,1795.84,36641.0
2026-07-11 05:00:00+00:00,64123.4,64198.8,64085.2,64141.6,1652.038,1795.85,1802.59,1794.28,1798.6,57749.729
2026-07-11 06:00:00+00:00,64141.6,64250.0,64091.6,64186.7,1422.943,1798.61,1802.76,1793.84,1798.4,65402.783
2026-07-11 07:00:00+00:00,64186.7,64224.0,64120.6,64132.6,1227.267,1798.39,1801.18,1797.28,1799.07,41216.605
2026-07-11 08:00:00+00:00,64132.6,64280.0,64123.0,64239.6,1627.259,1799.07,1802.99,1798.57,1800.72,36661.448
2026-07-11 09:00:00+00:00,64239.6,64272.7,64129.0,64143.0,1347.449,1800.72,1801.89,1794.24,1794.75,49523.828
2026-07-11 10:00:00+00:00,64143.1,64185.0,64110.2,64163.9,1266.216,1794.75,1798.61,1794.51,1797.63,42177.645
2026-07-11 11:00:00+00:00,64163.9,64192.8,64146.3,64176.0,761.804,1797.62,1800.13,1796.39,1799.6,32935.206
2026-07-11 12:00:00+00:00,64176.1,64207.0,64112.0,64168.4,1196.286,1799.6,1800.78,1797.52,1799.44,26544.918
2026-07-11 13:00:00+00:00,64168.5,64245.4,64144.4,64213.9,1495.498,1799.44,1808.0,1798.17,1801.97,83084.515
2026-07-11 14:00:00+00:00,64213.9,64497.4,64213.9,64321.0,4280.166,1801.96,1818.9,1801.63,1809.81,238466.637
2026-07-11 15:00:00+00:00,64321.0,64461.4,63668.8,64139.0,11703.971,1809.81,1827.8,1807.7,1814.12,411667.16
2026-07-11 16:00:00+00:00,64139.1,64245.3,64050.4,64148.2,2521.736,1814.11,1823.49,1809.7,1822.45,164602.489
2026-07-11 17:00:00+00:00,64148.1,64375.8,64133.4,64289.8,2299.591,1822.45,1829.52,1817.41,1823.76,123369.714
2026-07-11 18:00:00+00:00,64289.8,64368.6,64258.1,64299.7,1059.229,1823.77,1829.41,1822.85,1825.33,92267.669
2026-07-11 19:00:00+00:00,64299.7,64313.1,64205.7,64262.0,899.66,1825.33,1826.43,1818.5,1823.72,79313.988
2026-07-11 20:00:00+00:00,64261.9,64438.9,64261.9,64353.2,1218.353,1823.72,1827.9,1823.17,1825.32,37934.714
2026-07-11 21:00:00+00:00,64353.3,64404.7,64310.0,64325.5,906.265,1825.32,1828.53,1821.84,1823.03,38677.149
2026-07-11 22:00:00+00:00,64325.5,64405.2,64110.5,64169.1,2214.267,1823.03,1823.41,1808.0,1812.88,147665.654
2026-07-11 23:00:00+00:00,64169.1,64223.2,63776.0,63783.0,6265.888,1812.88,1814.96,1785.01,1786.7,330316.259
2026-07-12 00:00:00+00:00,63783.1,63884.9,63657.4,63802.9,4816.995,1786.69,1790.48,1778.26,1788.23,227246.213
2026-07-12 01:00:00+00:00,63802.9,64146.2,63783.0,64106.0,3478.097,1788.23,1807.73,1787.23,1805.85,203998.445
2026-07-12 02:00:00+00:00,64106.0,64112.7,64002.0,64049.2,1748.455,1805.86,1806.74,1802.14,1804.19,64582.632
2026-07-12 03:00:00+00:00,64049.2,64217.8,64002.9,64201.8,2142.993,1804.18,1814.58,1801.25,1810.83,103180.899
2026-07-12 04:00:00+00:00,64201.9,64238.0,63912.5,63974.3,2506.065,1810.84,1811.85,1803.21,1805.06,77414.983
2026-07-12 05:00:00+00:00,63974.2,63998.6,63867.0,63938.0,1922.293,1805.07,1806.46,1800.27,1802.29,54935.447
2026-07-12 06:00:00+00:00,63938.0,63938.0,63602.8,63728.7,5247.13,1802.3,1802.3,1788.12,1794.27,161491.626
2026-07-12 07:00:00+00:00,63728.6,63879.0,63708.2,63856.4,1638.415,1794.27,1798.3,1793.31,1797.98,56777.789
2026-07-12 08:00:00+00:00,63856.4,64083.7,63854.1,63951.6,2612.699,1797.97,1808.3,1797.8,1804.28,107173.25
2026-07-12 09:00:00+00:00,63951.6,64024.4,63730.7,63930.0,3030.6,1804.29,1805.0,1795.4,1801.58,84276.122
2026-07-12 10:00:00+00:00,63930.1,63930.1,63807.3,63838.9,1174.004,1801.57,1801.92,1798.09,1798.66,65912.576
2026-07-12 11:00:00+00:00,63838.9,64012.8,63796.3,63993.8,1872.65,1798.66,1805.98,1795.51,1802.99,72809.604
2026-07-12 12:00:00+00:00,63993.8,64118.5,63946.0,63998.4,2403.082,1802.99,1808.9,1802.16,1806.17,63817.964
2026-07-12 13:00:00+00:00,63998.5,64073.4,63959.3,63997.3,1262.062,1806.16,1808.93,1804.42,1805.03,41315.966
2026-07-12 14:00:00+00:00,63997.3,64271.9,63928.0,64175.0,2804.565,1805.02,1823.32,1803.07,1818.73,155110.269
2026-07-12 15:00:00+00:00,64175.0,64238.9,64091.5,64149.9,2903.188,1818.72,1826.2,1815.66,1819.95,218738.211
2026-07-12 16:00:00+00:00,64150.0,64184.8,64013.0,64146.8,2987.458,1819.95,1823.43,1816.38,1820.85,99900.339
2026-07-12 17:00:00+00:00,64146.7,64146.8,63983.1,64050.3,1096.969,1820.85,1821.46,1813.69,1817.43,60264.619
2026-07-12 18:00:00+00:00,64050.2,64126.6,63985.1,64124.6,1249.778,1817.43,1821.74,1814.28,1820.78,60413.099
2026-07-12 19:00:00+00:00,64124.7,64248.0,64114.9,64201.9,1298.912,1820.78,1822.72,1817.68,1820.58,32218.616
2026-07-12 20:00:00+00:00,64202.0,64227.4,64141.6,64168.5,878.789,1820.57,1823.4,1817.87,1820.42,31019.184
2026-07-12 21:00:00+00:00,64168.5,64207.4,63856.3,63889.6,2630.665,1820.41,1822.73,1810.5,1811.53,77060.724
2026-07-12 22:00:00+00:00,63889.5,63895.8,63634.1,63855.0,6060.141,1811.53,1811.53,1796.5,1804.03,212527.899
2026-07-12 23:00:00+00:00,63855.0,63883.6,63693.0,63750.0,2325.941,1804.02,1808.49,1800.02,1805.92,79490.6
2026-07-13 00:00:00+00:00,63749.9,64411.8,63538.0,64041.8,16536.408,1805.92,1848.0,1803.31,1825.6,718791.494
2026-07-13 01:00:00+00:00,64041.8,64044.0,63366.0,63382.1,12315.44,1825.6,1829.34,1804.42,1805.74,298120.948
2026-07-13 02:00:00+00:00,63382.1,63527.6,63204.0,63344.8,7882.245,1805.74,1814.52,1798.0,1806.12,245929.477
2026-07-13 03:00:00+00:00,63344.9,63362.4,62705.0,62780.2,15709.528,1806.12,1806.13,1773.46,1779.76,552099.158
2026-07-13 04:00:00+00:00,62780.1,62884.8,62592.1,62649.8,6758.166,1779.77,1784.34,1775.28,1777.92,138380.551
2026-07-13 05:00:00+00:00,62649.7,62880.0,62434.9,62764.1,8371.052,1777.93,1785.72,1772.0,1780.87,197347.004
2026-07-13 06:00:00+00:00,62764.1,62848.2,62675.0,62766.6,2684.94,1780.87,1782.78,1775.0,1776.96,91892.75
2026-07-13 07:00:00+00:00,62766.6,63030.0,62719.4,62952.7,6413.166,1776.96,1790.5,1775.29,1786.74,157925.382
2026-07-13 08:00:00+00:00,62952.8,63260.0,62902.5,63174.9,5653.085,1786.74,1792.49,1782.82,1789.21,108396.892
2026-07-13 09:00:00+00:00,63174.9,63179.3,63064.4,63074.0,3292.544,1789.2,1789.57,1783.86,1784.8,60513.477
2026-07-13 10:00:00+00:00,63074.0,63130.9,62834.4,62844.6,9350.106,1784.8,1785.9,1776.01,1778.75,106773.047
2026-07-13 11:00:00+00:00,62844.7,63116.1,62844.7,62881.3,4701.727,1778.75,1783.92,1778.75,1779.9,72372.725
2026-07-13 12:00:00+00:00,62881.4,62970.7,62531.0,62597.9,8803.456,1779.9,1782.77,1766.06,1771.35,292896.204
2026-07-13 13:00:00+00:00,62597.9,62752.4,62141.2,62300.1,18486.59,1771.34,1775.65,1761.86,1770.61,285759.134
2026-07-13 14:00:00+00:00,62300.1,62777.0,62061.3,62770.3,15429.637,1770.61,1781.42,1761.63,1780.94,333068.149
2026-07-13 15:00:00+00:00,62770.2,62965.0,62543.5,62596.6,9348.486,1780.94,1785.97,1773.99,1775.9,149011.242
2026-07-13 16:00:00+00:00,62596.7,62614.5,62183.9,62258.0,8644.969,1775.9,1780.2,1766.19,1771.05,163182.685
2026-07-13 17:00:00+00:00,62258.0,62347.2,61877.0,61877.0,8894.99,1771.05,1775.37,1751.72,1752.69,304477.019
2026-07-13 18:00:00+00:00,61877.1,62077.6,61806.0,61997.3,7281.929,1752.7,1766.69,1748.0,1763.99,227640.586
2026-07-13 19:00:00+00:00,61997.4,62267.0,61962.5,62258.0,4034.752,1764.0,1774.33,1763.54,1773.86,103180.805
2026-07-13 20:00:00+00:00,62257.9,62299.0,62020.0,62179.3,3539.601,1773.86,1776.44,1760.57,1766.25,119963.474
2026-07-13 21:00:00+00:00,62179.3,62192.1,61868.0,62034.1,3364.102,1766.25,1766.36,1751.42,1760.8,100909.891
2026-07-13 22:00:00+00:00,62034.0,62199.0,61883.1,61897.9,3177.324,1760.8,1767.73,1755.55,1757.43,92520.129
2026-07-13 23:00:00+00:00,61897.9,62333.4,61854.5,62307.0,5107.98,1757.43,1777.73,1755.57,1776.0,162091.126
2026-07-14 00:00:00+00:00,62307.0,62639.3,62240.9,62520.7,5906.236,1776.0,1788.26,1772.52,1785.24,183992.562
2026-07-14 01:00:00+00:00,62520.7,62614.2,62427.0,62505.2,3019.814,1785.24,1793.9,1782.3,1783.96,175005.015
2026-07-14 02:00:00+00:00,62505.2,62610.0,62286.9,62516.8,3512.258,1783.97,1788.08,1774.15,1781.84,135108.08
2026-07-14 03:00:00+00:00,62516.8,62576.2,62279.0,62538.2,3341.315,1781.85,1783.43,1773.55,1782.99,69652.465
2026-07-14 04:00:00+00:00,62538.3,62744.4,62511.0,62713.6,3346.574,1783.0,1788.92,1781.51,1784.9,108078.013
2026-07-14 05:00:00+00:00,62713.6,62848.0,62669.4,62699.9,3751.791,1784.91,1792.77,1783.56,1786.24,108072.671
2026-07-14 06:00:00+00:00,62699.9,62752.0,62537.0,62600.1,3174.255,1786.24,1786.77,1781.02,1782.49,45440.094
2026-07-14 07:00:00+00:00,62600.1,62633.0,62489.7,62529.7,2683.89,1782.5,1785.89,1778.4,1780.0,84010.615
2026-07-14 08:00:00+00:00,62529.7,62780.0,62458.3,62680.1,3017.401,1780.0,1788.87,1777.61,1785.11,81962.488
2026-07-14 09:00:00+00:00,62680.1,62721.2,62502.3,62604.2,2286.405,1785.11,1788.83,1781.89,1785.29,80816.31
2026-07-14 10:00:00+00:00,62604.2,62880.0,62577.5,62767.5,3460.434,1785.29,1804.53,1785.2,1799.56,331111.96
2026-07-14 11:00:00+00:00,62767.6,62896.0,62680.7,62810.3,3168.243,1799.57,1802.22,1794.8,1797.04,134019.274
2026-07-14 12:00:00+00:00,62810.3,63956.0,62756.5,63935.2,42323.953,1797.03,1866.94,1793.34,1860.7,1155555.388
2026-07-14 13:00:00+00:00,63935.2,64162.2,63666.0,63802.8,18520.356,1860.7,1882.65,1854.01,1870.52,813617.172
2026-07-14 14:00:00+00:00,63802.8,64310.0,63550.0,64277.3,13029.805,1870.52,1884.06,1858.33,1880.17,396920.832
2026-07-14 15:00:00+00:00,64277.2,64950.0,64163.6,64727.5,25734.552,1880.17,1887.99,1871.53,1874.38,344609.367
2026-07-14 16:00:00+00:00,64727.4,64879.0,64589.3,64703.9,8467.888,1874.37,1876.59,1867.6,1873.03,161500.243
2026-07-14 17:00:00+00:00,64704.0,64704.0,64200.0,64597.5,14211.303,1873.03,1873.04,1860.0,1870.87,175099.035
2026-07-14 18:00:00+00:00,64597.5,64631.6,64448.7,64544.0,2451.479,1870.87,1876.2,1867.36,1873.9,77000.267
2026-07-14 19:00:00+00:00,64544.0,64687.9,64456.3,64543.0,2680.106,1873.91,1881.09,1873.5,1875.86,99378.136
2026-07-14 20:00:00+00:00,64543.1,64576.4,64390.4,64538.6,2370.521,1875.85,1877.69,1873.07,1874.62,55854.905
2026-07-14 21:00:00+00:00,64538.6,64877.7,64496.2,64650.0,3377.629,1874.61,1879.0,1873.43,1875.44,62282.132
2026-07-14 22:00:00+00:00,64649.9,65130.0,64485.4,64837.1,12393.571,1875.44,1896.86,1871.07,1881.09,332420.416
2026-07-14 23:00:00+00:00,64837.2,65040.3,64750.0,65014.7,4645.404,1881.09,1892.49,1877.72,1891.12,98957.643
2026-07-15 00:00:00+00:00,65014.6,65043.3,64743.6,64798.1,4489.662,1891.12,1892.5,1877.02,1880.71,139598.737
2026-07-15 01:00:00+00:00,64798.1,64830.2,64618.8,64643.7,3480.114,1880.7,1881.24,1865.59,1869.33,164176.284
2026-07-15 02:00:00+00:00,64643.7,64732.6,64456.7,64473.0,3174.884,1869.34,1872.36,1863.32,1863.62,89162.98
2026-07-15 03:00:00+00:00,64473.1,64820.1,64473.0,64760.8,2866.928,1863.63,1878.33,1863.5,1875.32,116310.434
2026-07-15 04:00:00+00:00,64760.9,64868.0,64686.6,64723.5,2176.426,1875.31,1879.85,1872.38,1875.65,73548.757
2026-07-15 05:00:00+00:00,64723.6,64941.7,64580.0,64920.5,2716.995,1875.65,1882.86,1870.53,1881.71,89876.568
2026-07-15 06:00:00+00:00,64920.5,65260.0,64784.7,64784.7,8661.145,1881.72,1891.54,1874.16,1874.82,243302.098
2026-07-15 07:00:00+00:00,64784.8,64850.0,64450.9,64528.0,6827.282,1874.81,1876.37,1863.57,1869.13,198028.788
2026-07-15 08:00:00+00:00,64528.0,64785.8,64528.0,64745.0,3889.073,1869.13,1878.9,1869.08,1878.29,91108.831
2026-07-15 09:00:00+00:00,64744.9,64899.9,64626.2,64644.6,3146.199,1878.3,1885.66,1878.09,1879.08,120807.873
2026-07-15 10:00:00+00:00,64644.6,64826.8,64582.7,64633.0,2611.385,1879.08,1885.63,1874.0,1877.17,91050.265
2026-07-15 11:00:00+00:00,64633.0,64728.7,64585.6,64707.5,1873.463,1877.17,1885.0,1876.51,1883.64,78897.15
2026-07-15 12:00:00+00:00,64707.4,65241.3,64568.8,65133.7,12263.474,1883.63,1929.75,1878.47,1926.73,730267.548
2026-07-15 13:00:00+00:00,65133.7,65550.5,64852.5,65090.2,18067.99,1926.73,1946.75,1916.4,1924.7,911972.327
2026-07-15 14:00:00+00:00,65090.2,65497.0,65033.5,65364.8,10429.982,1924.7,1934.87,1918.16,1932.48,339456.697
2026-07-15 15:00:00+00:00,65364.8,65589.7,65230.0,65391.6,7683.692,1932.48,1938.0,1924.67,1930.97,208421.589
2026-07-15 16:00:00+00:00,65391.5,65438.0,64752.0,65089.5,14894.086,1930.97,1932.09,1903.37,1918.82,381316.986
2026-07-15 17:00:00+00:00,65089.6,65148.2,64939.5,65023.1,8953.781,1918.83,1930.8,1918.52,1927.18,153939.536
2026-07-15 18:00:00+00:00,65023.1,65130.0,64817.1,64837.4,3429.166,1927.19,1936.51,1921.88,1923.82,168983.458
2026-07-15 19:00:00+00:00,64837.4,64967.9,64708.0,64942.0,2826.502,1923.81,1928.47,1918.2,1923.2,106273.02
2026-07-15 20:00:00+00:00,64942.1,65030.5,64869.8,64939.9,1207.369,1923.2,1930.0,1918.64,1922.65,63674.742
2026-07-15 21:00:00+00:00,64939.9,64985.9,64756.7,64800.0,1958.445,1922.66,1924.99,1918.67,1921.29,35622.004
2026-07-15 22:00:00+00:00,64800.0,64949.7,64739.0,64831.5,2140.517,1921.28,1927.34,1917.3,1922.46,73439.195
2026-07-15 23:00:00+00:00,64831.6,64912.5,64660.0,64721.4,2455.054,1922.47,1926.28,1913.91,1916.91,83112.091
2026-07-16 00:00:00+00:00,64721.4,64814.7,64464.0,64554.3,4878.987,1916.91,1924.2,1910.74,1914.06,143655.46
2026-07-16 01:00:00+00:00,64554.3,64807.9,64362.2,64698.6,4747.944,1914.06,1925.41,1907.07,1921.84,118183.869
2026-07-16 02:00:00+00:00,64698.6,64705.0,64550.0,64616.1,1791.299,1921.85,1925.98,1917.91,1924.44,62791.215
2026-07-16 03:00:00+00:00,64616.1,64723.3,64521.0,64593.0,2045.084,1924.44,1928.34,1916.05,1917.94,98269.13
2026-07-16 04:00:00+00:00,64593.0,64667.0,64512.0,64610.9,2014.066,1917.94,1920.13,1912.74,1917.63,71545.616
2026-07-16 05:00:00+00:00,64610.9,64974.5,64573.4,64897.9,6259.94,1917.63,1926.98,1916.31,1924.79,89924.728
2026-07-16 06:00:00+00:00,64898.0,64951.2,64603.4,64750.0,3438.699,1924.8,1928.69,1914.5,1921.88,109124.593
2026-07-16 07:00:00+00:00,64749.9,64750.0,64005.6,64200.0,12271.054,1921.89,1921.89,1904.05,1909.91,220213.814
2026-07-16 08:00:00+00:00,64200.1,64340.0,63843.1,64096.7,14623.947,1909.91,1912.19,1873.63,1885.3,795192.497
2026-07-16 09:00:00+00:00,64096.6,64155.9,63985.1,64063.8,3330.267,1885.3,1888.4,1879.07,1883.63,145445.726
2026-07-16 10:00:00+00:00,64063.9,64241.3,64047.7,64186.9,2653.349,1883.63,1890.88,1882.76,1887.57,116163.297
2026-07-16 11:00:00+00:00,64187.0,64245.6,64057.2,64226.6,2957.306,1887.57,1887.61,1878.1,1884.15,142383.74
2026-07-16 12:00:00+00:00,64226.6,64226.6,63833.0,63938.1,6794.898,1884.15,1884.23,1866.53,1871.73,296731.843
2026-07-16 13:00:00+00:00,63938.2,64458.7,63930.1,64354.4,11289.067,1871.73,1889.5,1870.0,1881.94,358679.101
2026-07-16 14:00:00+00:00,64354.3,64844.3,64300.1,64510.0,12450.661,1881.93,1892.56,1873.0,1882.85,310230.682
2026-07-16 15:00:00+00:00,64510.0,64874.7,64281.6,64677.7,8163.41,1882.86,1894.25,1870.11,1880.9,294698.456
2026-07-16 16:00:00+00:00,64677.7,64687.6,64299.4,64448.4,5409.449,1880.9,1882.42,1873.56,1878.09,117085.425
2026-07-16 17:00:00+00:00,64448.4,64453.1,63958.0,64045.6,7575.592,1878.09,1878.67,1860.0,1868.3,232062.798
2026-07-16 18:00:00+00:00,64045.5,64306.8,64022.3,64217.1,3448.519,1868.3,1879.0,1867.25,1875.16,101405.627
2026-07-16 19:00:00+00:00,64217.0,64277.7,64120.2,64241.6,1749.703,1875.15,1877.13,1870.3,1874.83,54121.662
2026-07-16 20:00:00+00:00,64241.7,64249.9,64075.1,64090.1,1258.646,1874.83,1874.99,1870.77,1871.01,51629.408
2026-07-16 21:00:00+00:00,64090.1,64217.6,64077.3,64135.9,1257.933,1871.01,1880.56,1871.01,1878.0,68524.503
2026-07-16 22:00:00+00:00,64136.0,64221.3,63922.6,63939.5,3705.96,1877.99,1880.97,1867.08,1868.2,95707.709
2026-07-16 23:00:00+00:00,63939.6,63978.6,63712.6,63801.0,6353.682,1868.19,1869.94,1855.38,1863.73,220028.585
2026-07-17 00:00:00+00:00,63801.1,63890.4,63580.0,63862.9,6331.479,1863.73,1866.15,1845.85,1865.0,244135.278
2026-07-17 01:00:00+00:00,63862.9,64041.6,63435.6,63510.8,8486.817,1865.0,1870.44,1847.0,1850.22,202907.966
2026-07-17 02:00:00+00:00,63510.7,63628.0,63358.0,63457.5,5328.647,1850.22,1854.7,1842.1,1847.31,189648.932
2026-07-17 03:00:00+00:00,63457.5,63693.2,63450.1,63538.1,3554.461,1847.31,1859.31,1846.43,1851.75,147027.53
2026-07-17 04:00:00+00:00,63538.0,63560.0,63281.0,63460.0,5069.199,1851.75,1852.37,1843.01,1849.28,109480.814
2026-07-17 05:00:00+00:00,63460.1,63460.1,62754.6,62807.3,15626.008,1849.29,1849.29,1820.39,1823.21,397270.301
2026-07-17 06:00:00+00:00,62807.4,62961.7,62655.0,62915.4,10696.868,1823.22,1835.81,1819.9,1831.57,256167.081
2026-07-17 07:00:00+00:00,62915.5,62947.1,62761.3,62792.9,4831.261,1831.58,1832.86,1825.35,1827.37,104679.219
2026-07-17 08:00:00+00:00,62792.8,62905.0,62611.0,62857.5,6784.932,1827.37,1831.77,1820.1,1829.18,145828.532
2026-07-17 09:00:00+00:00,62857.4,63039.8,62831.8,62962.2,4213.74,1829.19,1835.35,1828.32,1834.19,87323.374
2026-07-17 10:00:00+00:00,62962.3,63165.9,62962.2,63146.9,4237.483,1834.19,1839.54,1833.29,1835.9,114231.82
2026-07-17 11:00:00+00:00,63146.9,63337.4,63031.3,63273.2,5404.24,1835.91,1842.65,1832.29,1838.32,107708.418
2026-07-17 12:00:00+00:00,63273.1,63320.0,63037.0,63073.9,5253.453,1838.33,1839.45,1826.49,1827.6,123976.335
2026-07-17 13:00:00+00:00,63073.9,63155.8,62505.1,63128.6,16457.338,1827.6,1828.34,1802.46,1824.72,551476.092
2026-07-17 14:00:00+00:00,63128.7,63496.0,63051.4,63142.5,11255.645,1824.73,1833.19,1816.19,1821.16,284873.894
2026-07-17 15:00:00+00:00,63142.5,63432.5,62817.0,63432.4,9297.664,1821.16,1830.67,1809.38,1830.2,245281.136
2026-07-17 16:00:00+00:00,63432.4,63681.3,63272.4,63553.7,9059.142,1830.2,1839.88,1825.7,1835.07,242985.579
2026-07-17 17:00:00+00:00,63553.7,64194.6,63553.7,64011.8,12832.426,1835.07,1855.9,1835.07,1842.88,288962.015
2026-07-17 18:00:00+00:00,64011.8,64356.7,63855.8,64220.1,8585.457,1842.88,1849.0,1834.0,1846.08,153737.059
2026-07-17 19:00:00+00:00,64220.1,64226.1,63943.5,64121.4,4380.552,1846.08,1846.24,1834.85,1842.81,86547.619
2026-07-17 20:00:00+00:00,64121.4,64165.7,63928.9,64086.1,3417.904,1842.81,1845.26,1836.11,1842.04,64564.658
2026-07-17 21:00:00+00:00,64086.2,64188.2,64031.6,64070.6,1550.761,1842.03,1845.75,1839.8,1840.68,40204.686
2026-07-17 22:00:00+00:00,64070.6,64117.5,63891.6,63952.8,1753.78,1840.68,1843.03,1836.71,1839.2,39484.849
2026-07-17 23:00:00+00:00,63952.7,63985.0,63860.0,63909.9,1443.556,1839.19,1843.61,1834.2,1841.08,49656.652
2026-07-18 00:00:00+00:00,63909.9,63991.0,63859.6,63881.6,1490.455,1841.08,1844.2,1839.0,1839.99,36221.295
2026-07-18 01:00:00+00:00,63881.6,63980.0,63862.0,63929.2,1280.563,1839.98,1842.7,1838.47,1841.81,29601.95
2026-07-18 02:00:00+00:00,63929.2,64014.9,63900.0,63931.5,1347.221,1841.8,1845.99,1840.28,1841.12,49738.457
2026-07-18 03:00:00+00:00,63931.6,63995.8,63900.0,63989.5,1220.595,1841.11,1845.64,1840.61,1845.23,32036.111
2026-07-18 04:00:00+00:00,63989.5,63992.8,63915.0,63946.3,780.402,1845.23,1845.44,1841.54,1843.91,25468.491
2026-07-18 05:00:00+00:00,63946.3,63973.3,63894.3,63936.3,1075.625,1843.9,1848.93,1842.25,1845.13,57611.201
2026-07-18 06:00:00+00:00,63936.3,63979.0,63914.1,63954.1,888.648,1845.12,1847.11,1842.1,1844.0,31347.789
2026-07-18 07:00:00+00:00,63954.2,64000.0,63952.8,63980.1,1583.413,1844.0,1845.1,1842.13,1843.42,26103.756
2026-07-18 08:00:00+00:00,63980.0,63997.8,63930.4,63977.2,1367.761,1843.41,1848.67,1841.31,1846.73,55221.422
2026-07-18 09:00:00+00:00,63977.2,63985.0,63912.0,63961.2,1041.152,1846.73,1847.23,1842.01,1844.13,33119.955
2026-07-18 10:00:00+00:00,63961.1,63990.0,63957.3,63981.2,581.795,1844.12,1845.94,1842.51,1844.73,28419.458
2026-07-18 11:00:00+00:00,63981.2,64073.2,63981.2,64033.3,1101.39,1844.73,1846.0,1843.55,1844.7,18784.264
2026-07-18 12:00:00+00:00,64033.2,64237.7,64019.4,64181.4,3668.169,1844.7,1849.71,1839.19,1844.12,104931.052
2026-07-18 13:00:00+00:00,64181.5,64185.4,63925.2,64081.3,3187.123,1844.11,1844.12,1836.36,1840.74,71314.817
2026-07-18 14:00:00+00:00,64081.2,64167.2,64065.8,64099.0,1539.936,1840.74,1845.55,1839.66,1844.98,60125.023
2026-07-18 15:00:00+00:00,64099.0,64135.6,64000.0,64090.0,1415.443,1844.98,1845.31,1841.0,1843.15,33267.081
2026-07-18 16:00:00+00:00,64090.0,64298.6,64054.5,64278.2,3832.348,1843.14,1846.48,1840.61,1845.21,54644.178
2026-07-18 17:00:00+00:00,64278.3,64466.0,64250.3,64450.0,5266.335,1845.22,1852.75,1842.48,1851.77,96418.578
2026-07-18 18:00:00+00:00,64450.0,64666.0,64424.5,64477.3,4442.025,1851.78,1867.0,1848.95,1856.7,199959.987
2026-07-18 19:00:00+00:00,64477.4,64566.0,64445.5,64526.3,1721.549,1856.69,1860.46,1854.74,1857.4,65729.458
2026-07-18 20:00:00+00:00,64526.4,64738.2,64467.2,64665.5,3210.202,1857.4,1862.98,1854.31,1856.32,62915.69
2026-07-18 21:00:00+00:00,64665.5,64819.2,64584.2,64697.6,3096.293,1856.32,1862.28,1854.77,1859.99,60222.516
2026-07-18 22:00:00+00:00,64697.5,64837.4,64680.6,64774.4,2034.289,1859.98,1864.74,1858.92,1862.57,49278.014
2026-07-18 23:00:00+00:00,64774.3,64818.1,64677.7,64806.7,2054.006,1862.56,1863.33,1859.0,1861.75,30195.361
2026-07-19 00:00:00+00:00,64806.7,64878.8,64750.0,64756.5,2842.165,1861.75,1862.85,1858.22,1860.5,45484.1
2026-07-19 01:00:00+00:00,64756.5,64771.8,64750.0,64750.0,2790.617,1860.5,1860.63,1857.51,1858.39,35309.366
2026-07-19 02:00:00+00:00,64750.0,64948.8,64672.4,64795.4,5032.332,1858.39,1876.91,1857.54,1870.78,181518.563
2026-07-19 03:00:00+00:00,64795.5,64815.8,64594.6,64686.8,2849.995,1870.77,1872.25,1863.0,1866.33,78469.202
2026-07-19 04:00:00+00:00,64686.8,64775.2,64580.4,64692.2,1668.466,1866.33,1869.56,1863.35,1866.46,40113.863
2026-07-19 05:00:00+00:00,64692.2,64789.8,64643.4,64695.1,1325.774,1866.47,1869.65,1864.75,1867.72,37186.455
2026-07-19 06:00:00+00:00,64695.0,64737.7,64670.0,64682.3,934.088,1867.72,1870.73,1867.25,1868.4,32653.755
2026-07-19 07:00:00+00:00,64682.2,64759.3,64643.4,64692.2,1918.387,1868.41,1871.2,1866.0,1869.35,39292.539
2026-07-19 08:00:00+00:00,64692.1,64723.5,64600.0,64678.1,2064.203,1869.35,1874.75,1866.87,1872.99,55717.768
2026-07-19 09:00:00+00:00,64678.2,64694.0,64467.2,64495.2,3177.976,1873.0,1873.26,1864.55,1865.45,75153.511
2026-07-19 10:00:00+00:00,64495.1,64677.7,64454.6,64561.4,2700.58,1865.45,1878.76,1863.2,1871.65,106454.809
2026-07-19 11:00:00+00:00,64561.4,64610.0,64415.0,64445.7,2748.941,1871.64,1878.19,1869.0,1870.49,98161.324
2026-07-19 12:00:00+00:00,64445.7,64445.7,64259.5,64417.5,4959.504,1870.49,1873.74,1863.35,1869.58,135647.861
2026-07-19 13:00:00+00:00,64417.4,64497.9,64273.4,64453.0,2219.753,1869.59,1872.99,1865.1,1871.05,56571.544
2026-07-19 14:00:00+00:00,64453.0,64633.0,64389.0,64561.1,2455.842,1871.04,1878.5,1867.76,1873.93,97351.29
2026-07-19 15:00:00+00:00,64561.0,64594.7,64466.6,64545.2,1616.379,1873.93,1875.33,1868.2,1870.12,60772.378
2026-07-19 16:00:00+00:00,64545.3,64624.8,64474.2,64510.7,1470.209,1870.12,1872.87,1865.1,1865.9,54790.373
2026-07-19 17:00:00+00:00,64510.7,64733.0,64365.7,64520.0,3957.134,1865.9,1873.15,1855.84,1866.35,159412.427
2026-07-19 18:00:00+00:00,64520.0,64529.1,64262.9,64399.8,3442.309,1866.35,1866.95,1850.95,1860.31,146162.649
2026-07-19 19:00:00+00:00,64399.8,64442.2,64319.5,64438.1,1085.17,1860.32,1862.19,1853.8,1861.46,46934.38
2026-07-19 20:00:00+00:00,64438.1,64534.3,64438.0,64515.9,1059.316,1861.47,1866.53,1861.34,1866.48,40569.931
2026-07-19 21:00:00+00:00,64516.0,64539.0,64305.0,64393.7,1677.019,1866.48,1867.74,1856.39,1861.2,57378.607
2026-07-19 22:00:00+00:00,64393.6,64874.9,64319.3,64642.7,6743.994,1861.21,1876.46,1856.01,1869.61,186366.836
2026-07-19 23:00:00+00:00,64642.8,64748.1,64534.9,64694.7,2054.877,1869.61,1874.22,1863.87,1871.49,77304.825
2026-07-20 00:00:00+00:00,64694.8,65084.6,64380.0,64526.0,9897.467,1871.49,1891.2,1861.02,1871.29,374283.475
2026-07-20 01:00:00+00:00,64526.0,65011.0,64470.0,64594.7,5478.733,1871.29,1889.44,1864.63,1868.48,232925.794
2026-07-20 02:00:00+00:00,64594.7,64940.0,64551.6,64800.1,4762.318,1868.47,1882.55,1866.76,1878.12,183332.904
2026-07-20 03:00:00+00:00,64800.1,64887.0,64610.2,64839.4,2578.628,1878.13,1881.42,1869.81,1878.88,101703.354
2026-07-20 04:00:00+00:00,64839.3,64843.4,64503.0,64511.3,3108.675,1878.88,1879.25,1867.32,1868.0,120030.799
2026-07-20 05:00:00+00:00,64511.4,64536.1,64046.0,64101.7,9123.542,1868.0,1869.12,1850.4,1854.51,240986.015
2026-07-20 06:00:00+00:00,64101.8,64198.3,63736.1,63890.0,10191.102,1854.51,1859.09,1841.84,1848.71,232618.46
2026-07-20 07:00:00+00:00,63890.0,64285.5,63865.0,64250.0,5480.1,1848.71,1864.81,1848.11,1863.11,165906.209
2026-07-20 08:00:00+00:00,64250.0,64337.0,63858.1,64031.4,8326.137,1863.11,1867.95,1853.2,1859.96,197568.183
2026-07-20 09:00:00+00:00,64031.4,64260.0,63984.5,64176.6,3055.595,1859.95,1866.88,1856.93,1863.43,79003.509
2026-07-20 10:00:00+00:00,64176.6,64393.2,64137.0,64280.5,3345.929,1863.44,1871.92,1861.88,1867.98,78014.749
2026-07-20 11:00:00+00:00,64280.5,65048.3,64237.1,64970.8,13005.77,1867.97,1896.21,1866.94,1892.43,412630.917
2026-07-20 12:00:00+00:00,64970.8,64982.0,64571.0,64627.2,10164.095,1892.43,1892.95,1870.67,1872.43,288142.826
2026-07-20 13:00:00+00:00,64627.1,64737.5,64174.5,64315.0,9833.494,1872.43,1879.77,1856.34,1861.58,307243.753
2026-07-20 14:00:00+00:00,64315.0,64550.0,64034.3,64393.0,7606.114,1861.59,1871.17,1852.66,1867.41,212801.263
2026-07-20 15:00:00+00:00,64393.0,65688.0,64386.8,65570.1,26658.588,1867.42,1905.0,1866.47,1901.58,489810.228
2026-07-20 16:00:00+00:00,65570.1,65615.5,65301.8,65478.6,10648.534,1901.58,1906.38,1892.62,1898.55,302096.706
2026-07-20 17:00:00+00:00,65478.6,65642.0,65313.9,65560.0,6542.949,1898.55,1909.63,1894.64,1906.94,186655.116
2026-07-20 18:00:00+00:00,65560.0,65788.0,65168.0,65215.8,11084.442,1906.94,1917.92,1896.41,1898.53,294320.83
2026-07-20 19:00:00+00:00,65215.7,65256.1,65011.4,65119.3,7696.738,1898.53,1900.37,1888.62,1897.69,156052.552
2026-07-20 20:00:00+00:00,65119.3,65435.3,65030.2,65344.7,4390.078,1897.68,1906.11,1895.2,1903.96,77529.381
2026-07-20 21:00:00+00:00,65344.8,65416.4,65241.6,65258.5,1872.846,1903.97,1906.76,1900.8,1901.41,45377.073
2026-07-20 22:00:00+00:00,65258.4,65258.5,65061.2,65118.7,2625.107,1901.42,1901.71,1893.33,1894.75,80741.195
2026-07-20 23:00:00+00:00,65118.8,65244.9,65098.8,65224.8,2029.166,1894.75,1904.19,1894.23,1903.5,67965.447
2026-07-21 00:00:00+00:00,65224.7,65561.0,65115.3,65538.9,4344.322,1903.51,1917.23,1899.44,1914.05,132413.488
2026-07-21 01:00:00+00:00,65538.8,65634.4,65202.1,65205.1,4372.902,1914.04,1917.69,1906.08,1906.55,98756.282
2026-07-21 02:00:00+00:00,65205.1,65479.5,65145.1,65386.4,3325.329,1906.55,1924.58,1903.58,1916.45,129590.834
2026-07-21 03:00:00+00:00,65386.4,65572.2,65380.0,65539.5,3014.818,1916.45,1927.96,1916.05,1925.81,161963.187
2026-07-21 04:00:00+00:00,65539.5,65723.0,65453.5,65494.2,4594.005,1925.81,1931.0,1921.8,1923.7,128102.886
2026-07-21 05:00:00+00:00,65494.2,65927.9,65460.1,65724.9,6383.305,1923.7,1935.41,1920.9,1929.64,137594.574
2026-07-21 06:00:00+00:00,65724.8,65970.0,65604.8,65892.4,5914.487,1929.63,1939.14,1926.82,1934.07,167682.28
2026-07-21 07:00:00+00:00,65892.5,66240.0,65828.2,66166.9,10295.944,1934.07,1939.51,1932.35,1933.29,122300.39
2026-07-21 08:00:00+00:00,66166.8,66337.8,66103.4,66200.0,9095.828,1933.29,1953.64,1930.66,1939.0,426659.162
2026-07-21 09:00:00+00:00,66199.9,66320.4,66110.0,66261.2,3769.983,1939.01,1942.7,1935.55,1941.1,157498.217
2026-07-21 10:00:00+00:00,66261.3,66390.0,66145.5,66161.1,6340.189,1941.09,1945.98,1930.72,1932.99,146983.346
2026-07-21 11:00:00+00:00,66161.0,66333.0,66117.1,66317.9,3759.054,1933.0,1936.46,1925.28,1934.85,171426.191
2026-07-21 12:00:00+00:00,66317.9,66618.0,66236.0,66527.7,7956.073,1934.86,1944.58,1931.98,1941.75,175280.4
2026-07-21 13:00:00+00:00,66527.7,66777.0,66290.4,66748.8,11900.874,1941.75,1943.7,1926.18,1939.53,202586.395
2026-07-21 14:00:00+00:00,66748.7,66924.1,66609.0,66804.3,13494.794,1939.53,1943.3,1926.76,1930.9,195637.537
2026-07-21 15:00:00+00:00,66804.3,66804.4,66487.9,66648.5,6212.963,1930.9,1931.74,1922.58,1930.89,171443.937
2026-07-21 16:00:00+00:00,66648.5,66736.7,66428.5,66507.1,4088.719,1930.89,1934.58,1920.67,1925.57,134570.075
2026-07-21 17:00:00+00:00,66507.1,66537.1,65939.0,66181.1,12541.97,1925.57,1927.7,1912.44,1917.94,179072.591
2026-07-21 18:00:00+00:00,66181.1,66333.0,66071.2,66287.5,4476.6,1917.94,1922.27,1913.6,1919.24,95478.547
2026-07-21 19:00:00+00:00,66287.6,66467.4,66230.0,66409.5,3604.885,1919.23,1925.28,1917.32,1922.4,79256.913
2026-07-21 20:00:00+00:00,66409.5,66465.6,66326.3,66373.8,1670.198,1922.39,1925.34,1920.33,1922.26,52919.054
2026-07-21 21:00:00+00:00,66373.8,66380.8,66261.7,66352.4,2220.28,1922.26,1925.76,1918.63,1923.1,51587.104
2026-07-21 22:00:00+00:00,66352.4,66352.6,66172.0,66271.2,2432.153,1923.1,1923.1,1916.98,1919.75,51787.827
2026-07-21 23:00:00+00:00,66271.3,66544.8,66200.0,66522.4,3085.24,1919.75,1931.01,1915.51,1929.29,117155.804
2026-07-22 00:00:00+00:00,66522.3,66711.0,66503.9,66591.7,4924.6,1929.29,1943.98,1928.12,1938.55,233883.125
2026-07-22 01:00:00+00:00,66591.8,66629.3,66253.0,66399.9,3861.949,1938.55,1939.98,1927.1,1932.8,103188.244
2026-07-22 02:00:00+00:00,66399.9,66513.8,66264.9,66283.2,2039.117,1932.81,1935.77,1925.83,1929.35,58917.67
2026-07-22 03:00:00+00:00,66283.2,66343.4,66141.7,66176.7,2975.392,1929.34,1935.45,1925.8,1927.65,68640.366
2026-07-22 04:00:00+00:00,66176.6,66399.0,66161.4,66349.3,1913.639,1927.66,1938.5,1927.1,1935.79,66674.906
2026-07-22 05:00:00+00:00,66349.2,66349.3,65909.1,65954.5,7960.255,1935.79,1935.98,1917.15,1918.49,147320.369
2026-07-22 06:00:00+00:00,65954.4,66000.0,65800.1,65906.8,6026.171,1918.48,1920.01,1912.22,1916.49,120884.36
2026-07-22 07:00:00+00:00,65906.7,65941.5,65668.6,65813.4,6294.319,1916.49,1918.0,1909.32,1913.26,127126.249
2026-07-22 08:00:00+00:00,65813.4,66140.5,65813.4,65953.5,5831.709,1913.27,1924.21,1912.86,1920.26,112779.041
2026-07-22 09:00:00+00:00,65953.4,66053.2,65816.4,65896.4,3223.673,1920.27,1925.87,1918.39,1923.57,92175.982
2026-07-22 10:00:00+00:00,65896.3,66077.3,65861.4,66016.2,7121.677,1923.57,1932.9,1922.27,1929.88,114102.05
2026-07-22 11:00:00+00:00,66016.2,66057.9,65872.1,65981.4,3175.036,1929.89,1930.68,1921.37,1926.42,82281.86
2026-07-22 12:00:00+00:00,65981.3,65986.0,65505.0,65604.2,7832.203,1926.42,1926.63,1912.28,1916.09,117310.743
2026-07-22 13:00:00+00:00,65604.1,65956.0,65531.7,65924.9,8594.386,1916.1,1942.0,1915.84,1939.05,300318.387
2026-07-22 14:00:00+00:00,65924.9,66190.4,65556.3,65770.2,10598.179,1939.05,1958.75,1921.77,1932.4,485295.462
2026-07-22 15:00:00+00:00,65770.2,66100.0,65770.0,66014.8,6873.918,1932.39,1951.87,1932.0,1942.06,311191.235
2026-07-22 16:00:00+00:00,66014.8,66363.6,65877.0,66199.7,7769.463,1942.07,1955.8,1934.01,1949.0,284437.067
2026-07-22 17:00:00+00:00,66199.8,66249.3,65912.6,65997.5,3809.016,1949.0,1949.45,1933.85,1937.7,159697.246
2026-07-22 18:00:00+00:00,65997.5,66052.8,65701.2,65860.5,4340.972,1937.7,1939.28,1922.0,1929.61,203816.182
2026-07-22 19:00:00+00:00,65860.6,65924.0,65650.2,65891.1,3197.039,1929.62,1931.19,1919.7,1924.01,87858.244
2026-07-22 20:00:00+00:00,65891.2,65954.3,65753.0,65887.8,2320.046,1924.01,1929.49,1921.63,1925.79,56998.37
2026-07-22 21:00:00+00:00,65887.8,66103.1,65853.2,66034.5,2201.826,1925.78,1938.8,1925.68,1937.7,60794.561
2026-07-22 22:00:00+00:00,66034.5,66046.0,65891.8,66013.8,1660.556,1937.7,1938.25,1929.54,1937.34,69388.001
2026-07-22 23:00:00+00:00,66013.9,66116.5,65808.5,66082.0,2265.474,1937.33,1937.5,1922.37,1933.31,123005.286
2026-07-23 00:00:00+00:00,66082.0,66284.1,66020.0,66023.8,4469.351,1933.31,1940.66,1931.04,1931.04,94676.968
2026-07-23 01:00:00+00:00,66023.8,66180.0,65715.9,65793.8,5399.416,1931.04,1935.68,1925.51,1927.27,77968.45
2026-07-23 02:00:00+00:00,65793.7,65808.9,65616.3,65777.4,3027.886,1927.28,1928.56,1920.74,1926.5,69644.362
2026-07-23 03:00:00+00:00,65777.4,65788.2,65548.0,65626.8,3847.55,1926.51,1926.98,1916.49,1919.46,108828.512
2026-07-23 04:00:00+00:00,65626.7,65710.0,65558.0,65585.3,2534.037,1919.46,1925.0,1917.58,1918.78,76524.903
2026-07-23 05:00:00+00:00,65585.4,65764.8,65543.1,65663.9,2512.364,1918.79,1927.79,1917.15,1921.92,75585.883
2026-07-23 06:00:00+00:00,65663.9,65793.7,65593.9,65763.2,2021.415,1921.92,1925.88,1920.04,1924.4,46138.975
2026-07-23 07:00:00+00:00,65763.3,65763.3,65313.7,65405.3,8530.657,1924.4,1924.4,1911.44,1914.61,175062.793
2026-07-23 08:00:00+00:00,65405.3,65637.2,65383.6,65605.9,3577.763,1914.62,1926.49,1913.39,1925.53,113682.487
2026-07-23 09:00:00+00:00,65605.8,65732.3,65573.8,65607.9,3031.028,1925.53,1930.74,1922.37,1923.1,134516.528
2026-07-23 10:00:00+00:00,65607.9,65756.6,65555.1,65704.2,2837.969,1923.1,1929.35,1920.95,1927.04,65954.107
2026-07-23 11:00:00+00:00,65704.1,65709.4,65511.0,65525.4,2374.826,1927.05,1928.19,1923.36,1924.65,56010.322
2026-07-23 12:00:00+00:00,65525.4,65557.8,64927.3,65138.0,15552.526,1924.64,1926.93,1893.17,1903.5,472351.506
2026-07-23 13:00:00+00:00,65138.0,65215.3,64839.1,64858.6,14102.63,1903.5,1908.0,1894.1,1897.69,294884.812
2026-07-23 14:00:00+00:00,64858.7,65197.0,64801.0,64884.6,11702.687,1897.69,1906.24,1890.72,1895.42,238750.651
2026-07-23 15:00:00+00:00,64884.7,65003.6,64696.2,64940.4,10141.344,1895.42,1897.0,1882.0,1894.49,409921.954
2026-07-23 16:00:00+00:00,64940.4,64940.5,64688.0,64731.4,4677.967,1894.49,1894.7,1883.45,1886.98,205689.405
2026-07-23 17:00:00+00:00,64731.5,64877.6,64636.0,64654.4,4543.014,1886.98,1891.34,1872.95,1877.73,196154.764
2026-07-23 18:00:00+00:00,64654.4,64924.9,64654.3,64842.5,3309.665,1877.73,1883.48,1875.0,1880.3,123244.106
2026-07-23 19:00:00+00:00,64842.5,64908.1,64670.0,64820.7,3454.039,1880.3,1882.67,1868.18,1874.74,150662.457
2026-07-23 20:00:00+00:00,64820.7,65176.0,64809.7,65117.7,5482.38,1874.74,1887.98,1873.93,1885.0,97113.225
2026-07-23 21:00:00+00:00,65117.6,65183.1,64979.9,65137.4,2461.061,1884.99,1887.95,1879.62,1881.64,58397.705
2026-07-23 22:00:00+00:00,65137.4,65193.5,64976.7,65158.2,3003.047,1881.64,1883.3,1873.0,1882.43,82866.821
2026-07-23 23:00:00+00:00,65158.2,65189.5,65018.8,65069.6,2173.156,1882.43,1883.8,1874.62,1877.42,49203.359
2026-07-24 00:00:00+00:00,65069.6,65084.0,64733.2,64953.1,4831.001,1877.42,1878.18,1858.0,1870.66,260220.237
2026-07-24 01:00:00+00:00,64953.0,65146.4,64912.4,65053.2,3089.748,1870.66,1876.98,1869.54,1871.96,88964.565
2026-07-24 02:00:00+00:00,65053.2,65164.8,64890.5,65091.8,3231.376,1871.96,1877.86,1863.68,1868.84,89259.403
2026-07-24 03:00:00+00:00,65091.8,65436.8,65045.0,65425.4,7118.962,1868.83,1881.07,1867.46,1879.71,123597.074
2026-07-24 04:00:00+00:00,65425.5,65440.0,65235.4,65281.9,3917.507,1879.7,1881.17,1873.84,1875.05,53960.665
2026-07-24 05:00:00+00:00,65282.0,65365.9,65213.0,65282.3,1810.83,1875.04,1881.42,1872.47,1880.15,106749.314
2026-07-24 06:00:00+00:00,65282.4,65490.0,65245.6,65441.6,3572.79,1880.14,1887.57,1878.02,1887.28,140240.793
2026-07-24 07:00:00+00:00,65441.6,65780.0,65338.0,65470.0,12855.234,1887.28,1909.32,1887.27,1895.0,474376.982
2026-07-24 08:00:00+00:00,65470.1,65477.2,65274.5,65274.6,3662.526,1895.0,1895.0,1885.18,1887.07,98241.525
2026-07-24 09:00:00+00:00,65274.6,65290.7,64919.7,65088.1,7663.998,1887.06,1887.89,1875.95,1887.07,146349.071
2026-07-24 10:00:00+00:00,65088.2,65132.2,64878.0,64927.8,3324.749,1887.08,1887.91,1879.29,1882.8,57188.452
2026-07-24 11:00:00+00:00,64927.7,65073.6,64821.9,65045.7,4034.095,1882.8,1883.78,1875.22,1883.03,103864.975
2026-07-24 12:00:00+00:00,65045.7,65110.1,64707.5,64746.6,4732.922,1883.02,1885.2,1871.0,1871.89,130121.557
2026-07-24 13:00:00+00:00,64746.5,64774.5,63882.3,64129.1,29360.681,1871.9,1874.62,1847.0,1856.83,520370.014
2026-07-24 14:00:00+00:00,64129.1,64170.0,63666.0,64031.4,18282.036,1856.82,1862.3,1846.17,1861.92,318953.313
2026-07-24 15:00:00+00:00,64031.3,64305.8,63824.3,64065.1,15421.724,1861.91,1868.71,1853.0,1861.28,238297.372
2026-07-24 16:00:00+00:00,64065.1,64176.5,63854.3,63930.4,5378.185,1861.28,1865.26,1852.56,1856.74,120332.457
2026-07-24 17:00:00+00:00,63930.3,64177.9,63882.6,64154.9,3685.779,1856.75,1865.71,1854.21,1865.69,91106.237
2026-07-24 18:00:00+00:00,64154.9,64262.3,64104.1,64242.8,3081.464,1865.68,1865.81,1857.68,1861.76,72744.079
2026-07-24 19:00:00+00:00,64242.7,64266.9,64113.4,64199.5,2530.206,1861.75,1863.97,1856.97,1862.74,50166.896
2026-07-24 20:00:00+00:00,64199.5,64260.1,64105.0,64139.6,2090.567,1862.75,1864.51,1857.3,1860.05,49085.347
2026-07-24 21:00:00+00:00,64139.6,64195.1,64098.7,64112.2,1832.95,1860.04,1860.88,1856.1,1856.69,43307.631
2026-07-24 22:00:00+00:00,64112.2,64187.6,64098.7,64132.7,1039.951,1856.69,1860.82,1855.75,1858.75,32029.724
2026-07-24 23:00:00+00:00,64132.8,64155.0,64102.2,64116.5,988.191,1858.75,1860.98,1858.13,1860.57,22767.498
2026-07-25 00:00:00+00:00,64116.5,64155.0,64005.4,64049.6,6490.967,1860.58,1863.86,1855.81,1859.36,76506.485
2026-07-25 01:00:00+00:00,64049.6,64135.0,63977.0,64039.2,2142.025,1859.35,1862.77,1855.96,1859.27,40202.157
2026-07-25 02:00:00+00:00,64039.1,64072.3,63988.4,64010.5,1372.173,1859.27,1860.89,1857.41,1858.58,22995.782
2026-07-25 03:00:00+00:00,64010.5,64073.7,63988.4,64052.9,1221.84,1858.58,1859.7,1854.27,1857.83,28826.613
2026-07-25 04:00:00+00:00,64053.0,64181.0,64052.9,64146.9,1255.783,1857.84,1861.84,1857.65,1860.44,24169.322
2026-07-25 05:00:00+00:00,64147.0,64166.6,63940.7,63990.1,1755.924,1860.43,1862.2,1856.0,1857.57,33686.386
2026-07-25 06:00:00+00:00,63990.0,64032.0,63933.2,63982.9,1842.202,1857.57,1859.41,1853.44,1857.64,48543.398
2026-07-25 07:00:00+00:00,63982.9,64005.5,63966.8,63972.9,1138.406,1857.65,1857.91,1854.99,1855.11,19484.15
2026-07-25 08:00:00+00:00,63973.0,63973.1,63760.5,63844.3,3567.434,1855.1,1855.33,1850.26,1852.89,63650.093
2026-07-25 09:00:00+00:00,63844.4,64000.0,63794.2,63973.9,2160.102,1852.89,1858.19,1850.74,1857.5,40409.343
2026-07-25 10:00:00+00:00,63973.8,64039.7,63959.3,64039.6,1751.971,1857.5,1858.5,1855.71,1857.72,27332.041
2026-07-25 11:00:00+00:00,64039.6,64078.5,64014.7,64031.3,1213.513,1857.72,1859.38,1856.56,1857.05,23986.615
2026-07-25 12:00:00+00:00,64031.2,64088.2,64006.2,64088.2,1166.645,1857.04,1859.78,1856.05,1859.51,25204.11
2026-07-25 13:00:00+00:00,64088.1,64236.8,64072.2,64136.9,2768.49,1859.5,1871.73,1859.11,1866.38,162079.173
2026-07-25 14:00:00+00:00,64136.8,64187.4,64079.2,64177.7,1570.678,1866.37,1868.52,1864.06,1867.88,48403.08
2026-07-25 15:00:00+00:00,64177.7,64243.6,64135.5,64150.0,1961.221,1867.88,1870.68,1866.3,1867.03,50418.59
2026-07-25 16:00:00+00:00,64150.1,64219.0,64092.2,64180.9,1548.05,1867.04,1870.23,1863.54,1867.19,54148.097
2026-07-25 17:00:00+00:00,64180.8,64330.2,64162.1,64236.6,2620.615,1867.19,1874.43,1867.17,1872.29,87663.278
2026-07-25 18:00:00+00:00,64236.7,64417.1,64236.7,64391.4,2559.51,1872.29,1876.42,1871.37,1874.39,61782.403
2026-07-25 19:00:00+00:00,64391.3,64410.0,64351.4,64359.6,1546.182,1874.38,1875.63,1873.16,1873.8,27548.861
2026-07-25 20:00:00+00:00,64359.7,64367.8,64282.9,64303.9,1212.571,1873.8,1873.97,1869.65,1871.26,33903.021
2026-07-25 21:00:00+00:00,64304.0,64407.1,64233.0,64318.5,1521.137,1871.26,1875.26,1866.59,1871.7,46425.008
2026-07-25 22:00:00+00:00,64318.6,64393.0,64318.5,64377.6,868.254,1871.69,1876.25,1871.41,1875.01,27029.945
2026-07-25 23:00:00+00:00,64377.7,64393.4,64331.9,64338.1,991.941,1875.01,1875.43,1872.63,1873.92,22227.469
2026-07-26 00:00:00+00:00,64338.0,64482.7,64317.9,64482.6,1921.435,1873.93,1880.93,1873.0,1880.18,62423.111
2026-07-26 01:00:00+00:00,64482.7,64514.1,64422.6,64434.3,1584.646,1880.17,1880.95,1876.94,1877.8,42294.491
2026-07-26 02:00:00+00:00,64434.3,64500.0,64394.0,64490.6,1140.605,1877.79,1880.87,1876.01,1880.1,27992.886
2026-07-26 03:00:00+00:00,64490.6,64553.9,64453.2,64518.8,1560.582,1880.09,1883.17,1878.02,1881.4,46665.509
2026-07-26 04:00:00+00:00,64518.9,64566.0,64452.9,64493.1,1510.232,1881.4,1888.67,1878.97,1885.38,84159.313
2026-07-26 05:00:00+00:00,64493.2,64493.2,64359.3,64386.0,2022.339,1885.38,1886.6,1881.44,1882.52,49568.546
2026-07-26 06:00:00+00:00,64386.0,64428.7,64256.4,64408.9,3152.044,1882.53,1884.55,1877.24,1884.07,74298.935
2026-07-26 07:00:00+00:00,64409.0,64439.1,64313.5,64341.2,1444.629,1884.07,1885.52,1879.62,1880.85,41692.864
2026-07-26 08:00:00+00:00,64341.3,64467.5,64320.2,64450.1,1158.466,1880.85,1881.76,1878.27,1880.57,35731.125
2026-07-26 09:00:00+00:00,64450.0,64525.2,64450.0,64512.3,1615.264,1880.57,1884.91,1880.49,1882.99,42399.716
2026-07-26 10:00:00+00:00,64512.3,64557.3,64472.4,64490.9,1709.222,1882.99,1887.0,1881.07,1885.24,39404.631
2026-07-26 11:00:00+00:00,64491.0,64507.2,64470.0,64481.4,968.837,1885.23,1887.0,1883.76,1884.99,37741.931
2026-07-26 12:00:00+00:00,64481.5,64639.0,64405.9,64434.2,3951.26,1885.0,1893.0,1884.71,1885.49,119359.81
2026-07-26 13:00:00+00:00,64434.2,64548.3,64379.7,64491.8,2041.798,1885.48,1888.0,1880.66,1885.71,82498.679
2026-07-26 14:00:00+00:00,64491.9,64748.3,64491.8,64687.2,5026.726,1885.71,1899.9,1885.7,1897.82,217477.247
2026-07-26 15:00:00+00:00,64687.2,64819.3,64640.0,64733.6,3665.271,1897.82,1917.45,1897.03,1913.75,330536.148
2026-07-26 16:00:00+00:00,64733.5,64909.0,64670.1,64700.0,4283.747,1913.76,1927.9,1907.99,1915.5,275826.396
2026-07-26 17:00:00+00:00,64700.0,64769.1,64639.9,64663.2,2119.427,1915.5,1917.16,1909.81,1910.55,90985.814
2026-07-26 18:00:00+00:00,64663.3,64749.4,64634.0,64706.8,1135.743,1910.56,1916.14,1910.17,1913.72,42635.218
2026-07-26 19:00:00+00:00,64706.8,64729.4,64638.8,64665.5,791.484,1913.73,1915.19,1911.21,1913.42,30158.006
2026-07-26 20:00:00+00:00,64665.6,64676.2,64606.3,64621.3,748.268,1913.43,1913.93,1910.55,1912.85,27540.734
2026-07-26 21:00:00+00:00,64621.2,64897.1,64621.2,64821.7,1929.004,1912.86,1930.44,1912.85,1925.23,117187.261
2026-07-26 22:00:00+00:00,64821.7,65480.0,64821.7,65384.7,13652.278,1925.24,1953.61,1925.24,1949.12,396561.731
2026-07-26 23:00:00+00:00,65384.7,65555.0,65245.6,65375.1,6629.856,1949.11,1966.97,1945.3,1953.79,362816.737
2026-07-27 00:00:00+00:00,65375.2,65398.8,65033.0,65106.0,5619.723,1953.8,1954.83,1938.53,1941.68,174240.675
2026-07-27 01:00:00+00:00,65106.0,65196.7,64872.0,65179.8,5474.232,1941.68,1947.89,1935.29,1947.58,144920.972
2026-07-27 02:00:00+00:00,65179.9,65254.4,65088.0,65145.7,2410.619,1947.58,1948.58,1940.77,1942.52,97221.912
2026-07-27 03:00:00+00:00,65145.6,65344.0,65143.5,65261.5,2331.283,1942.52,1951.65,1941.43,1948.92,71704.218
2026-07-27 04:00:00+00:00,65261.5,65484.6,65216.0,65257.2,3606.45,1948.92,1962.5,1947.66,1952.6,208532.305
2026-07-27 05:00:00+00:00,65257.2,65468.2,65251.0,65434.3,2052.379,1952.61,1969.99,1951.66,1964.5,147809.652
2026-07-27 06:00:00+00:00,65434.2,65722.5,65377.5,65388.0,6825.399,1964.51,1982.0,1962.56,1967.5,279511.749
2026-07-27 07:00:00+00:00,65388.0,65421.3,65190.0,65195.9,4161.868,1967.51,1970.75,1958.89,1963.58,135496.385
2026-07-27 08:00:00+00:00,65196.0,65234.0,65092.3,65133.0,3777.889,1963.59,1967.99,1961.0,1963.4,111681.615
2026-07-27 09:00:00+00:00,65132.9,65315.7,65066.3,65234.4,3233.697,1963.39,1967.81,1955.46,1964.33,144070.698
2026-07-27 10:00:00+00:00,65234.5,65412.8,65202.1,65314.7,2361.136,1964.33,1971.62,1962.74,1966.66,86378.349
2026-07-27 11:00:00+00:00,65314.7,65314.8,65061.1,65073.1,2731.686,1966.66,1966.66,1957.1,1958.76,82446.354
2026-07-27 12:00:00+00:00,65073.1,65240.2,64811.0,65065.0,8493.576,1958.77,1963.64,1941.8,1956.56,272109.453
2026-07-27 13:00:00+00:00,65065.0,65689.6,64885.3,65189.4,16449.888,1956.57,1977.58,1949.75,1960.13,392517.662
2026-07-27 14:00:00+00:00,65189.4,65409.3,64418.9,64663.4,18708.373,1960.12,1965.81,1917.9,1931.28,727953.955
2026-07-27 15:00:00+00:00,64663.4,64750.0,64374.4,64517.1,9045.046,1931.28,1936.97,1923.25,1926.77,206950.057
2026-07-27 16:00:00+00:00,64517.2,64941.7,64479.0,64871.0,6852.718,1926.77,1946.12,1921.43,1939.76,236797.76
2026-07-27 17:00:00+00:00,64871.0,65069.4,64761.7,64994.3,4101.367,1939.76,1945.37,1934.12,1942.81,92488.111
2026-07-27 18:00:00+00:00,64994.2,65034.9,64727.3,64854.7,3642.72,1942.81,1943.72,1928.1,1938.22,119707.028
2026-07-27 19:00:00+00:00,64854.7,65056.8,64782.0,64959.2,2642.628,1938.23,1954.48,1936.87,1947.42,170270.249
2026-07-27 20:00:00+00:00,64959.2,65030.8,64873.6,64940.4,1671.359,1947.43,1949.64,1942.57,1945.94,53287.413
2026-07-27 21:00:00+00:00,64940.3,64940.4,64762.1,64790.2,1614.505,1945.94,1949.43,1939.27,1941.23,57149.702
2026-07-27 22:00:00+00:00,64790.3,64790.3,63755.3,63755.4,16449.15,1941.24,1941.29,1890.72,1892.47,425052.83
2026-07-27 23:00:00+00:00,63755.5,63903.6,63567.0,63720.8,13574.042,1892.47,1895.16,1881.16,1891.44,312660.929
2026-07-28 00:00:00+00:00,63720.7,63794.3,63439.1,63453.1,7909.745,1891.43,1893.33,1875.25,1877.8,232707.497
2026-07-28 01:00:00+00:00,63453.1,63500.0,63021.0,63195.9,13354.768,1877.8,1881.72,1865.0,1874.89,268218.153
2026-07-28 02:00:00+00:00,63195.9,63269.8,63069.8,63148.2,4990.923,1874.89,1879.6,1870.41,1874.77,104848.093
2026-07-28 03:00:00+00:00,63148.1,63342.8,63131.9,63310.1,4066.35,1874.76,1882.49,1872.05,1880.35,113490.515
2026-07-28 04:00:00+00:00,63310.0,63333.3,63187.2,63323.5,4684.392,1880.35,1881.74,1875.43,1878.32,89682.929
2026-07-28 05:00:00+00:00,63323.5,63588.0,63294.9,63417.4,5443.976,1878.32,1888.58,1877.26,1882.03,119463.743
2026-07-28 06:00:00+00:00,63417.5,63642.2,63365.4,63609.4,3804.782,1882.04,1888.02,1877.46,1887.61,94783.428
2026-07-28 07:00:00+00:00,63609.4,63635.4,63421.0,63476.8,3883.873,1887.62,1888.08,1879.74,1882.75,70941.201
2026-07-28 08:00:00+00:00,63476.8,63513.9,63370.1,63401.7,2415.759,1882.75,1884.81,1879.01,1883.59,78911.229
2026-07-28 09:00:00+00:00,63401.6,63557.0,63337.7,63367.8,4377.904,1883.6,1884.06,1873.35,1875.29,106874.463
2026-07-28 10:00:00+00:00,63367.8,63532.1,63263.5,63439.6,7147.337,1875.3,1879.99,1872.58,1877.93,110741.366
2026-07-28 11:00:00+00:00,63439.6,63569.0,63322.6,63430.8,3763.568,1877.93,1881.42,1870.66,1875.69,144405.644
2026-07-28 12:00:00+00:00,63430.7,63548.8,63355.4,63520.1,3288.693,1875.7,1892.79,1873.57,1891.59,220626.994
2026-07-28 13:00:00+00:00,63520.1,63568.6,62660.1,63078.9,16804.472,1891.58,1895.82,1855.82,1872.97,583485.938
2026-07-28 14:00:00+00:00,63078.9,63521.0,62937.0,63384.1,10759.073,1872.97,1892.35,1866.45,1887.84,355161.539
2026-07-28 15:00:00+00:00,63384.0,64014.2,63231.9,63899.4,15235.464,1887.84,1923.79,1883.61,1919.28,666936.386
2026-07-28 16:00:00+00:00,63899.5,64084.5,63746.4,64020.0,5705.085,1919.27,1928.31,1913.38,1924.86,230729.052
2026-07-28 17:00:00+00:00,64019.9,64020.0,63477.2,63666.0,6338.588,1924.85,1924.86,1890.89,1900.89,389091.253
2026-07-28 18:00:00+00:00,63666.0,63824.0,63646.6,63710.8,2521.312,1900.89,1914.51,1900.5,1910.32,149798.208
2026-07-28 19:00:00+00:00,63710.8,63882.4,63650.1,63882.4,2666.007,1910.32,1921.36,1910.31,1921.34,119103.342
2026-07-28 20:00:00+00:00,63882.4,63993.2,63850.4,63890.8,3090.519,1921.34,1923.0,1915.27,1917.6,95880.766
2026-07-28 21:00:00+00:00,63890.7,64047.9,63863.8,63950.1,2344.876,1917.61,1928.9,1917.5,1923.09,78250.115
2026-07-28 22:00:00+00:00,63950.1,64000.0,63739.8,63754.6,3276.39,1923.09,1926.43,1909.22,1911.09,122838.842
2026-07-28 23:00:00+00:00,63754.6,63934.3,63526.0,63903.6,6400.006,1911.09,1922.44,1903.03,1921.13,178376.819
2026-07-29 00:00:00+00:00,63903.6,64175.0,63846.0,63927.5,5771.301,1921.13,1927.98,1915.75,1916.33,136341.5
2026-07-29 01:00:00+00:00,63927.5,63978.7,63657.8,63682.5,4706.938,1916.33,1917.42,1904.0,1904.6,130008.436
2026-07-29 02:00:00+00:00,63682.5,64110.5,63630.0,63955.0,5422.055,1904.59,1919.2,1899.2,1910.12,164913.277
2026-07-29 03:00:00+00:00,63955.0,63984.7,63684.7,63727.0,4992.94,1910.12,1912.37,1890.13,1891.95,177259.209
2026-07-29 04:00:00+00:00,63727.0,63950.0,63569.5,63944.2,4296.721,1891.96,1905.74,1883.38,1904.62,270085.531
2026-07-29 05:00:00+00:00,63944.3,64071.1,63866.4,64045.3,3574.698,1904.63,1914.33,1902.55,1911.81,113802.371
2026-07-29 06:00:00+00:00,64045.3,64444.0,64004.7,64407.7,9275.804,1911.82,1921.3,1908.08,1919.47,160496.16
2026-07-29 07:00:00+00:00,64407.8,64544.0,64376.1,64539.0,5453.408,1919.48,1926.5,1913.2,1924.14,165652.861
2026-07-29 08:00:00+00:00,64539.1,64556.6,64251.0,64391.2,5688.224,1924.13,1924.74,1911.06,1914.43,131190.353
2026-07-29 09:00:00+00:00,64391.2,64715.9,64353.2,64660.7,5905.262,1914.43,1924.11,1914.14,1921.47,93391.821
2026-07-29 10:00:00+00:00,64660.8,64691.4,64381.2,64444.0,4695.38,1921.47,1921.87,1907.66,1911.19,117244.509
2026-07-29 11:00:00+00:00,64444.0,64565.2,64388.0,64480.0,2928.166,1911.2,1916.3,1909.31,1914.32,89627.149
2026-07-29 12:00:00+00:00,64479.9,64480.0,64175.4,64248.2,4373.432,1914.31,1914.31,1902.07,1904.44,111777.407
2026-07-29 13:00:00+00:00,64248.2,64639.9,64113.6,64634.6,10594.764,1904.43,1910.89,1894.64,1908.41,250336.607
2026-07-29 14:00:00+00:00,64634.6,64688.0,64019.0,64078.1,8887.439,1908.4,1910.85,1890.15,1894.29,248041.077
2026-07-29 15:00:00+00:00,64078.2,64170.7,63857.4,63940.2,6804.924,1894.3,1897.86,1886.28,1891.13,182942.266
2026-07-29 16:00:00+00:00,63940.2,64131.9,63600.0,63786.6,10205.123,1891.13,1898.99,1886.48,1894.42,128888.116
2026-07-29 17:00:00+00:00,63786.6,64287.3,63680.1,64247.5,7085.746,1894.42,1917.09,1893.58,1915.53,225590.739
2026-07-29 18:00:00+00:00,64247.4,64703.9,63742.9,64484.5,24784.012,1915.53,1935.0,1892.79,1919.59,714242.791
2026-07-29 19:00:00+00:00,64484.4,64575.7,63483.9,63564.1,14295.245,1919.6,1922.0,1880.95,1887.91,474423.705
2026-07-29 20:00:00+00:00,63564.0,63721.0,63336.0,63487.9,9804.197,1887.93,1891.13,1876.6,1883.11,238200.342
2026-07-29 21:00:00+00:00,63487.8,63831.8,63234.0,63831.1,9361.784,1883.12,1897.88,1870.26,1897.44,188666.869
2026-07-29 22:00:00+00:00,63831.2,64108.4,63831.1,63916.9,8261.334,1897.44,1910.87,1897.28,1906.43,175799.455
2026-07-29 23:00:00+00:00,63916.9,64044.4,63868.0,63958.9,2807.402,1906.44,1912.5,1901.66,1909.68,92162.965
2026-07-30 00:00:00+00:00,63958.9,64098.2,63576.4,63673.7,6274.187,1909.68,1914.21,1892.99,1897.35,147199.532
2026-07-30 01:00:00+00:00,63673.7,64355.9,63662.6,64245.3,6840.859,1897.35,1921.91,1896.65,1916.28,253586.176
2026-07-30 02:00:00+00:00,64245.2,64393.0,64139.0,64163.7,3764.311,1916.29,1919.43,1909.5,1910.4,106590.571
2026-07-30 03:00:00+00:00,64163.7,64282.8,64109.0,64134.0,2384.038,1910.39,1914.7,1906.81,1909.4,79255.027
2026-07-30 04:00:00+00:00,64134.0,64152.3,63980.0,63998.5,2650.287,1909.4,1910.34,1900.8,1901.39,79118.82
2026-07-30 05:00:00+00:00,63998.6,64156.4,63881.0,64013.6,3410.62,1901.38,1908.95,1899.23,1905.53,103163.299
2026-07-30 06:00:00+00:00,64013.5,64054.8,63930.0,63974.6,1486.362,1905.53,1906.16,1898.57,1900.45,53114.824
2026-07-30 07:00:00+00:00,63974.6,64121.9,63913.6,63981.9,3159.857,1900.45,1907.51,1899.38,1902.38,86313.035
2026-07-30 08:00:00+00:00,63981.9,64334.6,63950.0,64280.4,4231.718,1902.39,1917.49,1899.5,1914.27,137425.669
2026-07-30 09:00:00+00:00,64280.4,64618.1,64257.1,64550.0,6694.068,1914.28,1924.42,1913.29,1917.48,129960.226
2026-07-30 10:00:00+00:00,64550.0,64612.5,64538.2,64548.9,3675.459,1917.49,1921.09,1915.45,1917.5,79566.67
2026-07-30 11:00:00+00:00,64548.9,64870.0,64515.1,64766.8,7542.228,1917.5,1925.59,1915.77,1922.3,107194.488
2026-07-30 12:00:00+00:00,64766.9,65015.6,64765.6,64892.6,9133.871,1922.3,1926.89,1918.67,1924.16,142693.909
2026-07-30 13:00:00+00:00,64892.7,65157.0,64663.0,64995.9,14010.887,1924.16,1936.52,1916.1,1928.73,299284.123
2026-07-30 14:00:00+00:00,64995.8,65015.3,64588.4,64649.0,9678.971,1928.73,1929.37,1912.1,1916.47,301185.456
2026-07-30 15:00:00+00:00,64649.1,64861.4,64571.4,64694.2,4737.528,1916.48,1923.33,1913.52,1917.96,114688.947
2026-07-30 16:00:00+00:00,64694.2,64933.0,64694.2,64785.1,3285.643,1917.96,1925.23,1915.0,1918.46,100848.94
2026-07-30 17:00:00+00:00,64785.1,64957.2,64738.1,64842.4,2494.063,1918.47,1924.59,1915.27,1919.89,64767.229
2026-07-30 18:00:00+00:00,64842.4,64871.1,64657.4,64668.9,1921.207,1919.89,1921.89,1914.0,1915.36,53537.163
2026-07-30 19:00:00+00:00,64668.9,64875.0,64668.8,64778.6,1965.073,1915.36,1928.8,1915.01,1922.95,115328.353
2026-07-30 20:00:00+00:00,64778.5,64909.0,64723.4,64750.0,2723.326,1922.96,1926.66,1919.0,1920.77,66433.128
2026-07-30 21:00:00+00:00,64750.0,64780.8,64678.2,64706.5,1435.863,1920.78,1923.79,1916.24,1917.68,46779.968
2026-07-30 22:00:00+00:00,64706.6,64995.0,64636.3,64827.4,3686.525,1917.68,1932.75,1915.12,1924.92,119192.061
2026-07-30 23:00:00+00:00,64827.3,65062.9,64698.5,64750.0,5668.781,1924.91,1936.57,1916.67,1917.31,219896.256
2026-07-31 00:00:00+00:00,64750.0,64878.0,64663.7,64698.5,2973.54,1917.31,1921.25,1914.0,1916.09,110161.111
2026-07-31 01:00:00+00:00,64698.5,65391.3,64444.0,64535.1,16749.679,1916.09,1936.0,1905.87,1909.39,386519.743
2026-07-31 02:00:00+00:00,64535.2,64593.3,64177.9,64271.9,9560.756,1909.38,1911.24,1900.53,1903.14,170134.287
2026-07-31 03:00:00+00:00,64272.0,64410.4,64138.0,64344.0,5854.658,1903.13,1910.63,1898.16,1907.82,121095.771
2026-07-31 04:00:00+00:00,64344.0,64425.6,64210.0,64281.6,3166.071,1907.82,1908.47,1902.19,1904.82,62456.373
2026-07-31 05:00:00+00:00,64281.6,64396.7,64242.5,64334.4,2568.023,1904.82,1908.24,1900.5,1905.35,76663.618
2026-07-31 06:00:00+00:00,64334.3,64476.8,64179.9,64208.5,4155.684,1905.34,1910.53,1899.33,1901.75,86698.591
2026-07-31 07:00:00+00:00,64208.4,64217.0,63835.6,63909.1,11234.331,1901.75,1901.75,1883.18,1888.92,287364.925
2026-07-31 08:00:00+00:00,63909.1,63950.0,63777.7,63801.9,6279.775,1888.93,1892.21,1887.22,1889.48,112626.197
2026-07-31 09:00:00+00:00,63801.8,63820.0,63601.2,63689.0,5255.291,1889.48,1890.29,1880.2,1882.69,109178.269
2026-07-31 10:00:00+00:00,63689.1,63923.4,63577.0,63886.1,5345.605,1882.69,1889.09,1876.68,1886.24,146933.64
2026-07-31 11:00:00+00:00,63886.2,63982.2,63755.1,63779.4,3656.002,1886.24,1888.92,1881.6,1883.55,70063.672
2026-07-31 12:00:00+00:00,63779.4,63804.1,63595.3,63727.4,5013.922,1883.55,1883.86,1872.54,1881.85,233149.116
2026-07-31 13:00:00+00:00,63727.4,63807.5,63216.2,63248.1,15778.254,1881.85,1889.72,1863.78,1866.22,405650.505
2026-07-31 14:00:00+00:00,63248.0,63291.6,62410.5,62663.8,37380.196,1866.22,1869.8,1847.28,1859.21,800020.384
2026-07-31 15:00:00+00:00,62663.9,62749.7,62458.0,62695.4,9158.832,1859.21,1865.65,1853.59,1861.94,214599.914
2026-07-31 16:00:00+00:00,62695.3,62913.4,62680.1,62849.4,6323.225,1861.94,1866.5,1860.0,1863.74,104185.235
2026-07-31 17:00:00+00:00,62849.4,63270.1,62780.8,63215.6,6762.001,1863.73,1877.4,1862.54,1874.12,137361.763
2026-07-31 18:00:00+00:00,63215.6,63275.7,62935.1,63064.9,5633.135,1874.12,1875.88,1864.14,1870.89,85886.6
2026-07-31 19:00:00+00:00,63065.0,63133.0,62906.3,62947.2,2889.931,1870.88,1873.14,1864.7,1867.4,56513.608
2026-07-31 20:00:00+00:00,62947.1,63003.0,62901.0,62928.7,2268.918,1867.41,1870.0,1860.53,1861.64,78250.258
2026-07-31 21:00:00+00:00,62928.7,63037.0,62814.1,62924.7,2820.424,1861.63,1864.26,1858.58,1861.17,61961.514
2026-07-31 22:00:00+00:00,62924.8,62996.7,62835.0,62916.7,2306.85,1861.16,1864.58,1857.89,1860.62,40740.002
2026-07-31 23:00:00+00:00,62916.8,62990.0,62825.0,62859.9,1829.832,1860.62,1864.06,1860.06,1861.68,36692.537
2026-09-01 00:00:00+00:00,78549.6,78868.7,78519.7,78618.0,3754.815,2466.52,2476.44,2464.32,2470.75,63434.825
2026-09-01 01:00:00+00:00,78617.9,78766.7,78331.3,78375.7,3625.381,2470.75,2475.19,2454.8,2461.77,84817.204
2026-09-01 02:00:00+00:00,78375.6,78427.8,78150.0,78420.7,4062.857,2461.76,2464.59,2453.03,2463.83,85957.26
2026-09-01 03:00:00+00:00,78420.8,78847.0,78353.1,78653.9,3725.553,2463.84,2481.95,2462.18,2471.39,102637.881
2026-09-01 04:00:00+00:00,78654.0,78911.2,78624.3,78695.9,2947.741,2471.4,2477.61,2467.33,2468.94,56462.281
2026-09-01 05:00:00+00:00,78696.0,79196.0,78696.0,79149.8,5451.519,2468.94,2484.6,2467.86,2483.51,82963.471
2026-09-01 06:00:00+00:00,79149.8,79149.8,78705.8,78705.8,3592.661,2483.51,2483.51,2470.68,2470.69,62444.6
2026-09-01 07:00:00+00:00,78705.8,78774.5,78467.6,78600.2,4341.28,2470.68,2476.46,2465.37,2471.44,70382.924
2026-09-01 08:00:00+00:00,78600.3,78627.4,77777.0,77850.0,12469.853,2471.44,2472.54,2443.55,2447.09,232405.332
2026-09-01 09:00:00+00:00,77850.1,78012.1,77747.0,77875.5,5335.547,2447.08,2454.14,2442.12,2451.1,115022.022
2026-09-01 10:00:00+00:00,77875.4,78157.1,77710.4,77988.0,5870.699,2451.1,2462.55,2447.2,2455.78,90403.201
2026-09-01 11:00:00+00:00,77988.1,78166.7,77844.0,78056.4,2851.441,2455.79,2462.78,2451.05,2457.87,77649.025
2026-09-01 12:00:00+00:00,78056.4,78123.9,77682.4,77960.9,4985.047,2457.88,2458.09,2435.45,2445.22,163104.937
2026-09-01 13:00:00+00:00,77961.0,78177.8,77366.0,78039.0,13205.706,2445.21,2448.93,2421.0,2442.99,321908.172
2026-09-01 14:00:00+00:00,78039.0,78396.9,78011.8,78136.5,8571.094,2443.0,2456.49,2440.94,2448.24,244743.147
2026-09-01 15:00:00+00:00,78136.4,78136.4,77688.0,77877.3,7870.955,2448.23,2453.84,2432.68,2447.9,166703.917
2026-09-01 16:00:00+00:00,77877.4,77942.8,77244.3,77559.4,10184.272,2447.9,2448.64,2416.41,2431.68,259565.532
2026-09-01 17:00:00+00:00,77559.3,77695.3,77210.0,77239.9,5917.561,2431.68,2438.68,2413.77,2417.3,172967.237
2026-09-01 18:00:00+00:00,77239.9,77295.5,76368.0,77119.9,21962.736,2417.3,2421.04,2381.7,2411.8,532324.748
2026-09-01 19:00:00+00:00,77119.9,77450.0,77072.2,77286.3,5944.045,2411.79,2423.62,2411.07,2417.99,175411.714
2026-09-01 20:00:00+00:00,77286.3,77443.9,77200.0,77415.0,2599.081,2417.98,2421.83,2411.88,2420.23,74381.715
2026-09-01 21:00:00+00:00,77415.1,77497.2,76883.6,77180.4,4901.712,2420.24,2422.46,2398.13,2414.27,145023.113
2026-09-01 22:00:00+00:00,77180.5,77333.0,76989.9,77240.1,3107.015,2414.27,2417.69,2404.08,2411.85,80565.049
2026-09-01 23:00:00+00:00,77240.1,77604.3,77176.0,77400.1,4079.261,2411.85,2427.0,2409.49,2417.46,98480.464
2026-09-02 00:00:00+00:00,77400.2,77485.0,77093.4,77179.5,3330.762,2417.45,2421.09,2404.44,2407.68,99140.429
2026-09-02 01:00:00+00:00,77179.5,77343.4,76682.3,76983.0,6433.319,2407.68,2413.98,2384.37,2398.01,192336.184
2026-09-02 02:00:00+00:00,76983.0,77320.3,76913.4,77299.9,4801.314,2398.0,2410.22,2393.59,2408.96,124968.66
2026-09-02 03:00:00+00:00,77299.9,77767.8,77280.6,77534.3,6626.342,2408.96,2423.61,2407.6,2413.34,124375.894
2026-09-02 04:00:00+00:00,77534.3,77578.5,77265.6,77526.0,2767.678,2413.34,2415.42,2404.3,2414.15,72913.157
2026-09-02 05:00:00+00:00,77526.0,77735.0,77394.6,77618.5,4092.709,2414.15,2424.97,2408.31,2421.31,94162.529
2026-09-02 06:00:00+00:00,77618.6,77689.1,77416.0,77578.2,3424.906,2421.31,2424.56,2413.81,2419.55,88468.354
2026-09-02 07:00:00+00:00,77578.2,77731.7,77435.4,77444.9,2378.462,2419.56,2429.33,2416.2,2416.65,70681.415
2026-09-02 08:00:00+00:00,77444.8,77518.2,76706.0,76819.7,8841.883,2416.65,2419.49,2388.46,2392.11,194149.089
2026-09-02 09:00:00+00:00,76819.6,77031.0,76435.5,76716.6,9965.2,2392.11,2399.16,2365.36,2375.43,411114.952
2026-09-02 10:00:00+00:00,76716.7,76723.8,76151.9,76639.2,9246.072,2375.44,2375.98,2355.12,2371.5,257076.693
2026-09-02 11:00:00+00:00,76639.1,76810.2,76325.0,76788.6,7367.366,2371.51,2382.25,2366.05,2380.58,164621.146
2026-09-02 12:00:00+00:00,76788.6,77029.2,76573.2,76573.2,7462.504,2380.59,2389.45,2375.78,2376.55,167364.31
2026-09-02 13:00:00+00:00,76573.3,77420.7,76573.2,77115.0,12779.216,2376.55,2419.2,2376.55,2402.3,389619.885
2026-09-02 14:00:00+00:00,77115.0,77478.8,76971.5,77023.7,8536.867,2402.3,2410.2,2391.65,2393.39,169579.542
2026-09-02 15:00:00+00:00,77023.7,77357.1,76702.6,77249.9,10364.069,2393.4,2398.6,2378.0,2390.15,285664.05
2026-09-02 16:00:00+00:00,77250.0,77546.7,77131.5,77131.6,8126.735,2390.16,2404.39,2383.41,2385.27,230257.887
2026-09-02 17:00:00+00:00,77131.6,77370.0,76914.3,77350.0,5590.817,2385.28,2393.34,2371.06,2392.58,191137.36
2026-09-02 18:00:00+00:00,77350.0,77493.8,77251.5,77341.0,3710.538,2392.59,2398.97,2389.2,2394.05,86656.006
2026-09-02 19:00:00+00:00,77341.0,77385.0,77077.7,77301.3,5007.922,2394.04,2395.88,2382.23,2392.15,74769.765
2026-09-02 20:00:00+00:00,77301.3,77489.9,77171.0,77364.4,3714.302,2392.15,2399.0,2385.66,2392.65,68821.374
2026-09-02 21:00:00+00:00,77364.3,77400.2,77200.0,77252.1,2217.97,2392.64,2394.37,2388.18,2389.18,28377.912
2026-09-02 22:00:00+00:00,77252.1,77252.1,76983.0,76996.5,3072.078,2389.18,2389.18,2377.12,2378.79,73415.14
2026-09-02 23:00:00+00:00,76996.4,77340.0,76973.4,77300.0,2250.428,2378.79,2392.86,2376.26,2390.91,52011.323
2026-09-03 00:00:00+00:00,77300.0,77365.7,76939.5,77025.1,4334.173,2390.91,2394.98,2378.12,2378.66,84627.717
2026-09-03 01:00:00+00:00,77025.1,77516.0,76927.3,77321.0,6257.057,2378.66,2393.84,2367.85,2385.72,172132.544
2026-09-03 02:00:00+00:00,77321.0,77887.9,77200.1,77783.4,7578.57,2385.71,2408.8,2381.18,2405.0,169248.563
2026-09-03 03:00:00+00:00,77783.3,77850.0,77596.3,77665.3,4169.969,2404.99,2410.0,2398.6,2402.39,85440.385
2026-09-03 04:00:00+00:00,77665.3,77795.0,77508.9,77748.0,3618.754,2402.39,2407.75,2395.24,2407.55,104994.832
2026-09-03 05:00:00+00:00,77747.9,77799.3,77053.8,77777.3,8332.777,2407.56,2409.33,2377.44,2403.87,257106.826
2026-09-03 06:00:00+00:00,77777.4,77819.9,77654.5,77795.4,2955.251,2403.86,2409.29,2399.51,2407.33,90238.053
2026-09-03 07:00:00+00:00,77795.5,78144.7,77559.4,77627.3,8106.062,2407.32,2418.82,2394.07,2397.33,228587.79
2026-09-03 08:00:00+00:00,77627.4,78032.0,77627.4,77807.6,5007.205,2397.33,2412.23,2397.33,2402.65,113686.548
2026-09-03 09:00:00+00:00,77807.6,77942.8,77577.0,77578.0,3363.624,2402.65,2406.85,2392.28,2392.65,80359.75
2026-09-03 10:00:00+00:00,77578.0,77743.2,77422.8,77707.1,4622.839,2392.65,2397.81,2388.37,2395.74,95813.91
2026-09-03 11:00:00+00:00,77707.1,77976.0,77676.7,77909.7,4014.579,2395.73,2410.49,2394.5,2406.12,120475.029
2026-09-03 12:00:00+00:00,77909.7,78750.4,77854.0,78616.5,15048.405,2406.12,2426.22,2404.35,2422.35,228364.078
2026-09-03 13:00:00+00:00,78616.5,78964.0,78418.3,78802.2,13290.623,2422.35,2435.35,2414.88,2428.75,261880.344
2026-09-03 14:00:00+00:00,78802.2,80555.0,78665.8,80508.4,33653.131,2428.75,2489.0,2424.27,2488.32,601790.767
2026-09-03 15:00:00+00:00,80508.4,81333.4,80320.9,81316.7,30261.143,2488.33,2516.64,2478.44,2515.99,574180.008
2026-09-03 16:00:00+00:00,81316.7,81333.1,80588.0,80937.3,14449.521,2516.0,2518.0,2487.3,2493.29,298212.301
2026-09-03 17:00:00+00:00,80937.3,81159.8,80851.7,81006.9,6323.696,2493.3,2505.73,2490.8,2499.36,122874.786
2026-09-03 18:00:00+00:00,81006.8,81333.0,80843.8,81226.6,8234.777,2499.37,2514.44,2497.31,2511.92,129841.683
2026-09-03 19:00:00+00:00,81226.7,81771.7,81132.5,81722.9,14032.458,2511.93,2528.31,2506.22,2517.03,241735.195
2026-09-03 20:00:00+00:00,81722.8,81750.0,81350.0,81420.2,7073.272,2517.02,2517.34,2501.11,2503.82,105379.978
2026-09-03 21:00:00+00:00,81420.2,82282.8,81245.5,81547.0,17264.386,2503.82,2525.75,2499.09,2510.13,149720.951
2026-09-03 22:00:00+00:00,81547.0,81570.0,80861.1,81109.1,11531.621,2510.14,2511.57,2488.55,2495.52,140520.743
2026-09-03 23:00:00+00:00,81109.2,81310.4,81033.7,81230.7,6211.737,2495.53,2508.22,2494.14,2506.42,106861.275
2026-09-04 00:00:00+00:00,81230.7,81393.8,80921.1,80936.9,10393.859,2506.42,2514.95,2499.69,2500.49,165042.849
2026-09-04 01:00:00+00:00,80936.9,81064.0,80719.9,80935.3,6264.42,2500.5,2508.87,2496.05,2505.88,90828.936
2026-09-04 02:00:00+00:00,80935.3,80935.4,80614.0,80800.0,5159.258,2505.88,2507.0,2497.14,2506.99,58659.456
2026-09-04 03:00:00+00:00,80800.0,81016.2,80761.3,80808.0,5076.745,2507.0,2516.52,2503.52,2503.73,106004.4
2026-09-04 04:00:00+00:00,80808.1,81267.6,80776.1,81040.4,5868.18,2503.74,2524.63,2501.12,2508.48,205276.818
2026-09-04 05:00:00+00:00,81040.4,81121.5,80818.0,80952.8,4741.085,2508.48,2515.61,2503.19,2507.94,106530.402
2026-09-04 06:00:00+00:00,80952.7,81060.9,80538.6,80763.9,4971.945,2507.94,2518.0,2498.2,2506.65,138404.964
2026-09-04 07:00:00+00:00,80763.9,80940.1,80611.8,80628.0,4469.315,2506.66,2515.24,2503.1,2503.53,115995.069
2026-09-04 08:00:00+00:00,80628.0,81211.1,80458.0,81113.6,10875.305,2503.53,2536.0,2502.24,2526.43,307202.227
2026-09-04 09:00:00+00:00,81113.6,81288.7,80890.3,81018.0,6153.662,2526.44,2547.0,2517.87,2520.0,328614.051
2026-09-04 10:00:00+00:00,81018.0,81168.0,80790.9,81150.0,4620.549,2520.01,2527.23,2513.58,2525.0,100613.054
2026-09-04 11:00:00+00:00,81150.0,81377.7,81041.2,81188.0,5039.894,2525.0,2526.86,2519.0,2521.89,68574.64
2026-09-04 12:00:00+00:00,81188.0,81324.2,79126.0,79423.8,48023.398,2521.88,2531.4,2431.93,2450.12,1027599.514
2026-09-04 13:00:00+00:00,79423.9,79670.0,78913.4,79342.9,20576.928,2450.12,2462.97,2434.17,2451.02,383854.054
2026-09-04 14:00:00+00:00,79342.8,79545.7,78618.1,78874.0,16811.845,2451.03,2457.52,2430.67,2438.84,236733.252
2026-09-04 15:00:00+00:00,78874.1,79518.5,78755.1,79384.8,9215.841,2438.84,2458.24,2436.5,2450.95,141324.332
2026-09-04 16:00:00+00:00,79384.9,79838.1,79334.1,79709.2,7024.875,2450.96,2463.9,2448.35,2459.15,128203.929
2026-09-04 17:00:00+00:00,79709.2,79718.2,79347.9,79430.1,5033.953,2459.15,2459.64,2442.0,2444.07,97918.603
2026-09-04 18:00:00+00:00,79430.0,79632.0,79430.0,79576.1,2423.404,2444.06,2451.0,2443.54,2449.47,50985.418
2026-09-04 19:00:00+00:00,79576.1,79776.1,79576.1,79754.7,3408.44,2449.47,2456.82,2449.47,2454.67,60470.513
2026-09-04 20:00:00+00:00,79754.8,79825.5,79623.9,79656.2,2526.95,2454.71,2457.68,2449.4,2450.15,43397.821
2026-09-04 21:00:00+00:00,79656.3,79770.8,79460.9,79584.7,3036.304,2450.16,2455.8,2448.29,2450.7,38725.727
2026-09-04 22:00:00+00:00,79584.8,79679.9,79577.5,79600.3,1859.392,2450.7,2453.26,2449.39,2449.99,24806.804
2026-09-04 23:00:00+00:00,79600.3,79723.5,79544.0,79616.1,1287.858,2450.0,2454.72,2448.66,2454.57,22578.529
2026-09-05 00:00:00+00:00,79616.2,79682.9,79518.3,79542.7,1604.559,2454.56,2455.36,2450.36,2450.95,27727.028
2026-09-05 01:00:00+00:00,79542.7,79675.1,79492.0,79492.1,2271.923,2450.96,2455.0,2450.37,2450.71,30400.168
2026-09-05 02:00:00+00:00,79492.1,79584.1,79435.4,79530.0,1563.849,2450.72,2452.3,2448.47,2452.27,23171.29
2026-09-05 03:00:00+00:00,79530.1,79589.5,79474.3,79543.9,777.192,2452.27,2455.2,2450.0,2451.57,27308.046
2026-09-05 04:00:00+00:00,79543.9,79553.6,79458.8,79460.0,1171.924,2451.57,2451.99,2447.28,2448.01,31795.865
2026-09-05 05:00:00+00:00,79460.0,79564.1,79405.2,79540.0,1625.409,2448.02,2451.3,2443.69,2450.04,47981.528
2026-09-05 06:00:00+00:00,79540.1,79676.9,79534.1,79603.0,1822.101,2450.05,2453.89,2449.34,2452.47,26911.67
2026-09-05 07:00:00+00:00,79603.0,79722.1,79600.0,79673.0,1456.419,2452.48,2458.31,2452.07,2456.23,51772.578
2026-09-05 08:00:00+00:00,79673.0,79684.7,79520.0,79617.5,1429.195,2456.23,2456.5,2452.13,2455.64,32435.814
2026-09-05 09:00:00+00:00,79617.5,79714.5,79570.8,79594.6,1388.061,2455.64,2459.27,2455.46,2457.56,40293.38
2026-09-05 10:00:00+00:00,79594.7,79640.0,79551.9,79581.2,1665.324,2457.56,2457.64,2452.56,2453.11,34691.83
2026-09-05 11:00:00+00:00,79581.3,79652.9,79562.7,79577.4,1442.038,2453.12,2455.2,2451.74,2452.6,28991.072
2026-09-05 12:00:00+00:00,79577.5,79734.3,79572.8,79666.0,1990.261,2452.59,2460.99,2452.11,2457.71,57681.574
2026-09-05 13:00:00+00:00,79666.0,79722.7,79500.0,79573.9,1895.172,2457.72,2461.01,2447.88,2452.91,85497.608
2026-09-05 14:00:00+00:00,79573.8,79719.9,79573.8,79672.3,1279.253,2452.92,2457.7,2452.8,2456.11,28501.501
2026-09-05 15:00:00+00:00,79672.2,79783.6,79637.6,79760.2,1688.229,2456.12,2458.92,2454.52,2458.65,36523.574
2026-09-05 16:00:00+00:00,79760.2,80167.0,79712.0,80001.5,5951.489,2458.66,2473.67,2457.7,2470.06,146929.588
2026-09-05 17:00:00+00:00,80001.5,80121.0,79925.1,80030.0,4059.157,2470.06,2484.98,2469.8,2480.13,183748.71
2026-09-05 18:00:00+00:00,80030.1,80052.9,79892.6,79959.2,2014.075,2480.13,2481.39,2475.06,2479.49,50396.011
2026-09-05 19:00:00+00:00,79959.2,79959.2,79674.4,79719.9,2490.831,2479.49,2481.66,2471.69,2476.54,82775.776
2026-09-05 20:00:00+00:00,79719.9,79812.0,79653.0,79702.2,2531.958,2476.55,2482.88,2474.01,2476.49,67005.008
2026-09-05 21:00:00+00:00,79702.2,79910.6,79683.0,79872.4,1449.71,2476.5,2492.58,2475.49,2487.97,62240.329
2026-09-05 22:00:00+00:00,79872.4,79908.4,79708.9,79757.7,1971.598,2487.98,2490.0,2477.75,2479.93,57519.29
2026-09-05 23:00:00+00:00,79757.7,79878.8,79666.9,79797.7,2169.692,2479.92,2482.77,2476.37,2479.17,47707.199
2026-09-06 00:00:00+00:00,79797.8,79909.0,79788.2,79832.8,1427.568,2479.18,2491.64,2478.13,2489.03,54688.149
2026-09-06 01:00:00+00:00,79832.7,80028.8,79832.7,79915.0,2539.752,2489.02,2507.2,2488.01,2504.67,163057.854
2026-09-06 02:00:00+00:00,79915.0,79988.6,79829.8,79872.1,1600.237,2504.66,2510.41,2499.17,2502.32,99887.563
2026-09-06 03:00:00+00:00,79872.0,80080.4,79850.5,79991.0,1760.648,2502.31,2513.64,2499.04,2508.57,103404.963
2026-09-06 04:00:00+00:00,79991.0,79991.1,79790.1,79824.0,1680.233,2508.57,2509.0,2496.99,2503.24,63489.646
2026-09-06 05:00:00+00:00,79824.0,80085.2,79748.9,79959.9,2576.027,2503.24,2523.52,2500.0,2512.43,154788.11
2026-09-06 06:00:00+00:00,79960.0,79960.0,79628.4,79737.9,3219.064,2512.43,2512.59,2502.0,2504.63,71090.753
2026-09-06 07:00:00+00:00,79737.8,79832.6,79523.6,79766.2,3699.694,2504.62,2506.5,2477.77,2495.61,201280.104
2026-09-06 08:00:00+00:00,79766.2,79856.0,79714.5,79809.7,1866.2,2495.6,2499.2,2490.6,2494.37,57136.751
2026-09-06 09:00:00+00:00,79809.6,79961.9,79765.5,79851.9,2250.124,2494.37,2502.86,2492.29,2497.99,76961.238
2026-09-06 10:00:00+00:00,79852.0,79997.9,79851.9,79964.3,1106.37,2497.99,2501.85,2496.36,2500.52,47501.637
2026-09-06 11:00:00+00:00,79964.2,79968.6,79844.3,79878.4,1434.984,2500.52,2503.46,2498.33,2500.62,44366.578
2026-09-06 12:00:00+00:00,79878.3,79973.6,79814.9,79882.0,1650.613,2500.62,2504.4,2496.06,2499.45,53153.187
2026-09-06 13:00:00+00:00,79881.9,79936.9,79719.9,79794.4,2506.234,2499.45,2499.76,2482.46,2493.61,127781.011
2026-09-06 14:00:00+00:00,79794.4,79815.8,79125.3,79507.3,7551.449,2493.6,2493.94,2459.0,2477.18,309848.683
2026-09-06 15:00:00+00:00,79507.4,79695.0,79337.0,79677.8,2832.188,2477.18,2481.51,2468.51,2478.43,91663.42
2026-09-06 16:00:00+00:00,79677.8,79764.3,79566.6,79649.9,2054.354,2478.43,2486.88,2473.94,2483.33,70660.834
2026-09-06 17:00:00+00:00,79649.9,79743.1,79542.6,79708.0,1544.766,2483.33,2493.96,2479.12,2490.16,90381.327
2026-09-06 18:00:00+00:00,79708.0,79940.0,79708.0,79912.1,1843.853,2490.17,2499.5,2490.16,2493.14,59033.074
2026-09-06 19:00:00+00:00,79912.0,79912.1,79763.0,79804.7,1221.188,2493.14,2493.45,2488.65,2489.64,32067.83
2026-09-06 20:00:00+00:00,79804.8,79936.1,79740.7,79873.1,1234.409,2489.64,2499.32,2487.6,2498.52,55326.661
2026-09-06 21:00:00+00:00,79873.2,79997.0,79831.4,79902.7,1829.152,2498.52,2514.9,2498.49,2507.2,120908.914
2026-09-06 22:00:00+00:00,79902.7,80058.0,79600.0,80005.4,4040.266,2507.2,2509.81,2485.57,2506.97,110587.095
2026-09-06 23:00:00+00:00,80005.4,80536.1,79964.3,80301.1,7844.906,2506.97,2525.77,2505.55,2513.47,166265.727
2026-09-07 00:00:00+00:00,80301.0,80404.9,80017.1,80122.0,4531.352,2513.47,2521.63,2508.08,2512.0,99432.974
2026-09-07 01:00:00+00:00,80122.0,80205.8,79773.9,79886.9,4309.831,2512.0,2515.4,2498.4,2502.83,102735.338
2026-09-07 02:00:00+00:00,79887.0,80410.8,79755.1,79842.9,5644.794,2502.84,2536.0,2497.33,2510.81,223040.883
2026-09-07 03:00:00+00:00,79842.8,79953.4,79533.4,79560.0,5305.303,2510.81,2515.51,2494.18,2496.01,154986.352
2026-09-07 04:00:00+00:00,79560.0,79695.2,79500.8,79686.0,3840.696,2496.01,2498.56,2490.23,2496.83,88114.123
2026-09-07 05:00:00+00:00,79686.0,79892.9,79620.5,79717.7,3820.271,2496.83,2512.96,2495.84,2503.42,109856.233
2026-09-07 06:00:00+00:00,79717.5,79786.8,79609.1,79617.1,1918.767,2503.42,2509.16,2496.39,2496.86,58184.715
2026-09-07 07:00:00+00:00,79617.1,79655.1,78938.7,79357.7,8939.701,2496.85,2501.09,2472.61,2488.0,218110.159
2026-09-07 08:00:00+00:00,79357.7,79498.3,79348.7,79395.0,3524.074,2488.0,2492.7,2487.41,2490.15,75194.45
2026-09-07 09:00:00+00:00,79395.1,79517.5,79260.0,79278.5,2885.703,2490.15,2496.3,2482.63,2483.38,89538.164
2026-09-07 10:00:00+00:00,79278.5,79423.7,79278.5,79325.7,1840.911,2483.38,2491.26,2483.38,2487.76,63872.388
2026-09-07 11:00:00+00:00,79325.7,79450.0,79230.0,79376.8,1962.298,2487.76,2492.37,2485.33,2487.97,52538.495
2026-09-07 12:00:00+00:00,79376.8,79604.0,79364.8,79567.4,2234.899,2487.97,2506.77,2487.55,2504.38,89356.92
2026-09-07 13:00:00+00:00,79567.5,79613.8,79268.2,79314.4,4140.408,2504.38,2510.76,2494.07,2497.86,129959.912
2026-09-07 14:00:00+00:00,79314.5,79359.5,78913.2,79152.2,8934.611,2497.87,2498.64,2475.11,2489.08,220252.909
2026-09-07 15:00:00+00:00,79152.3,79152.3,78636.0,78786.1,9850.912,2489.07,2489.08,2464.62,2468.99,222381.877
2026-09-07 16:00:00+00:00,78786.2,78996.8,78766.0,78989.3,4041.619,2469.0,2482.01,2468.71,2481.76,107500.308
2026-09-07 17:00:00+00:00,78989.4,79185.0,78974.6,79153.5,3093.456,2481.76,2499.24,2480.96,2494.31,114622.713
2026-09-07 18:00:00+00:00,79153.5,79209.7,79051.2,79158.6,2157.887,2494.32,2496.36,2486.15,2490.69,89849.752
2026-09-07 19:00:00+00:00,79158.5,79391.4,79110.0,79325.3,2435.822,2490.68,2496.73,2488.09,2494.68,35381.203
2026-09-07 20:00:00+00:00,79325.3,79365.0,79131.0,79207.0,1607.354,2494.67,2496.15,2486.02,2494.15,54162.936
2026-09-07 21:00:00+00:00,79206.9,79246.4,79129.2,79129.2,1312.289,2494.15,2495.89,2489.28,2490.08,35459.278
2026-09-07 22:00:00+00:00,79129.3,79189.5,78737.9,78916.3,3839.45,2490.07,2491.0,2474.44,2481.69,97958.87
2026-09-07 23:00:00+00:00,78916.4,79184.0,78895.3,79075.9,2513.509,2481.69,2492.72,2481.08,2488.92,58435.68
2026-09-08 00:00:00+00:00,79075.9,79287.0,78938.0,79286.9,3152.076,2488.91,2494.79,2482.01,2494.49,93043.099
2026-09-08 01:00:00+00:00,79287.0,79439.6,79230.0,79409.0,2626.607,2494.49,2504.53,2492.11,2503.33,82255.242
2026-09-08 02:00:00+00:00,79409.0,79476.0,78890.1,78898.8,3880.612,2503.33,2507.3,2483.35,2483.43,107501.008
2026-09-08 03:00:00+00:00,78898.8,78976.6,78690.3,78880.0,5499.661,2483.42,2487.37,2476.61,2484.91,103628.207
2026-09-08 04:00:00+00:00,78880.0,78904.7,78650.0,78650.0,3498.256,2484.91,2485.16,2477.27,2477.81,59272.481
2026-09-08 05:00:00+00:00,78650.0,78850.0,78507.0,78553.0,6504.728,2477.8,2483.42,2471.38,2472.23,128899.384
2026-09-08 06:00:00+00:00,78553.0,78599.9,78225.8,78292.8,9398.361,2472.24,2476.0,2461.24,2467.28,163483.112
2026-09-08 07:00:00+00:00,78292.8,78577.3,78133.0,78445.0,6465.333,2467.28,2483.96,2466.66,2478.32,120873.676
2026-09-08 08:00:00+00:00,78445.1,78557.4,78253.2,78395.8,4704.266,2478.33,2482.44,2467.75,2476.76,100783.202
2026-09-08 09:00:00+00:00,78395.8,78772.4,78310.6,78728.4,5721.273,2476.75,2494.77,2474.23,2490.82,168098.501
2026-09-08 10:00:00+00:00,78728.3,78969.6,78529.4,78529.4,5465.818,2490.82,2499.61,2479.56,2480.13,136267.053
2026-09-08 11:00:00+00:00,78529.5,78544.5,78255.6,78400.0,5570.744,2480.14,2481.5,2470.21,2473.35,112967.126
2026-09-08 12:00:00+00:00,78400.0,78453.3,78187.3,78419.7,4672.192,2473.36,2474.98,2466.0,2471.72,97399.229
2026-09-08 13:00:00+00:00,78420.0,78512.0,77600.1,77936.5,17471.849,2471.72,2474.47,2440.22,2458.37,438700.945
2026-09-08 14:00:00+00:00,77936.6,78591.9,77817.3,78524.8,10725.378,2458.36,2486.06,2455.69,2484.82,366589.811
2026-09-08 15:00:00+00:00,78524.9,78871.2,78415.0,78870.0,8571.871,2484.82,2501.41,2479.22,2497.77,257483.076
2026-09-08 16:00:00+00:00,78870.1,78966.0,78540.0,78700.0,5350.184,2497.77,2504.71,2485.8,2495.73,178168.942
2026-09-08 17:00:00+00:00,78699.9,78857.0,78458.9,78467.9,3153.262,2495.72,2502.85,2486.42,2487.3,104309.865
2026-09-08 18:00:00+00:00,78467.9,78783.0,78230.5,78399.1,4089.471,2487.31,2508.61,2473.21,2485.68,234418.305
2026-09-08 19:00:00+00:00,78399.2,78495.6,78285.0,78407.3,4453.028,2485.68,2490.65,2475.0,2480.99,120946.419
2026-09-08 20:00:00+00:00,78407.4,78595.7,78366.2,78447.9,2952.651,2480.99,2490.73,2479.19,2481.95,58949.874
2026-09-08 21:00:00+00:00,78447.9,78586.6,78360.2,78458.7,1861.698,2481.96,2486.31,2477.47,2481.91,47769.944
2026-09-08 22:00:00+00:00,78458.7,78658.6,78420.7,78526.1,2475.717,2481.9,2489.28,2480.55,2488.07,40553.483
2026-09-08 23:00:00+00:00,78526.2,78543.5,78375.8,78425.6,1598.117,2488.08,2489.53,2481.67,2483.87,35689.613
2026-09-09 00:00:00+00:00,78425.6,78759.1,78425.6,78746.0,2098.093,2483.87,2496.74,2483.87,2495.54,54287.946
2026-09-09 01:00:00+00:00,78746.0,78860.0,78592.7,78848.9,3846.451,2495.54,2498.94,2488.08,2496.73,71024.655
2026-09-09 02:00:00+00:00,78848.8,78899.0,78645.0,78689.5,2328.82,2496.72,2499.5,2488.55,2492.64,53078.98
2026-09-09 03:00:00+00:00,78689.4,78689.5,78502.0,78593.7,2794.33,2492.64,2492.82,2485.2,2487.79,59018.632
2026-09-09 04:00:00+00:00,78593.7,79186.0,78593.7,79136.0,6299.149,2487.78,2513.2,2487.78,2508.68,194966.931
2026-09-09 05:00:00+00:00,79135.9,79343.7,78802.0,78906.5,9172.012,2508.68,2510.68,2490.0,2495.45,151436.174
2026-09-09 06:00:00+00:00,78906.5,79259.9,78823.2,79125.5,3574.498,2495.46,2504.73,2491.45,2500.05,63107.837
2026-09-09 07:00:00+00:00,79125.5,79376.4,79119.3,79246.0,3327.556,2500.06,2517.03,2498.7,2509.49,163706.114
2026-09-09 08:00:00+00:00,79246.0,79737.3,79231.5,79660.5,8162.202,2509.5,2522.75,2509.39,2519.0,155346.54
2026-09-09 09:00:00+00:00,79660.5,79680.3,78856.3,78913.1,7779.952,2519.0,2519.55,2489.0,2489.13,205731.296
2026-09-09 10:00:00+00:00,78913.1,79149.7,78837.1,78882.4,5291.813,2489.13,2493.08,2480.52,2486.3,179781.928
2026-09-09 11:00:00+00:00,78882.5,79346.8,78690.3,79281.7,6838.202,2486.31,2504.68,2480.79,2499.86,148324.716
2026-09-09 12:00:00+00:00,79281.6,79635.9,79233.8,79566.3,6703.529,2499.86,2511.9,2497.48,2510.66,135287.129
2026-09-09 13:00:00+00:00,79566.4,79648.1,79070.0,79104.5,9515.83,2510.65,2520.58,2498.39,2501.44,285909.782
2026-09-09 14:00:00+00:00,79104.5,79380.0,78845.0,78932.2,12976.334,2501.44,2513.43,2493.12,2498.16,255924.979
2026-09-09 15:00:00+00:00,78932.1,79363.8,78020.0,78570.0,24225.184,2498.16,2511.98,2469.1,2488.97,478479.378
2026-09-09 16:00:00+00:00,78569.9,78942.1,78411.3,78769.6,6657.019,2488.96,2498.5,2483.65,2494.84,119310.242
2026-09-09 17:00:00+00:00,78769.6,78902.3,78616.0,78737.9,4623.279,2494.83,2498.57,2487.03,2492.54,75018.502
2026-09-09 18:00:00+00:00,78737.9,78760.2,78357.8,78383.9,3567.494,2492.54,2494.78,2480.0,2480.15,64347.238
2026-09-09 19:00:00+00:00,78383.9,78549.5,78112.0,78194.4,4726.418,2480.15,2483.84,2460.5,2464.28,175670.644
2026-09-09 20:00:00+00:00,78194.4,78302.8,77884.7,78282.0,5253.397,2464.28,2471.28,2452.51,2470.37,159400.251
2026-09-09 21:00:00+00:00,78281.9,78307.7,77946.9,78109.8,2626.992,2470.37,2471.41,2455.15,2460.58,75518.969
2026-09-09 22:00:00+00:00,78109.8,78160.0,77706.1,77885.1,6918.332,2460.58,2462.14,2440.09,2449.12,196065.143
2026-09-09 23:00:00+00:00,77885.2,78287.1,77880.0,78264.1,3322.127,2449.13,2467.97,2448.87,2466.97,81762.267
2026-09-10 00:00:00+00:00,78264.0,78371.9,78062.3,78137.6,4732.733,2466.96,2470.74,2461.55,2463.76,120752.871
2026-09-10 01:00:00+00:00,78137.5,78482.6,77912.2,78061.0,6268.107,2463.76,2478.3,2454.32,2463.0,126760.583
2026-09-10 02:00:00+00:00,78061.1,78340.0,77951.5,78323.7,3631.35,2463.0,2475.41,2459.0,2473.99,72248.319
2026-09-10 03:00:00+00:00,78323.7,78543.9,78242.6,78297.4,5000.895,2473.99,2478.24,2470.38,2474.34,93720.38
2026-09-10 04:00:00+00:00,78297.4,78410.8,78270.0,78376.2,1931.145,2474.34,2480.3,2473.81,2477.69,60039.017
2026-09-10 05:00:00+00:00,78376.2,78542.0,78245.8,78503.4,4047.712,2477.7,2483.0,2472.79,2481.11,59077.947
2026-09-10 06:00:00+00:00,78503.5,78510.0,78122.2,78388.7,4705.707,2481.11,2483.99,2470.56,2479.25,86390.483
2026-09-10 07:00:00+00:00,78388.8,78393.9,77867.5,78071.1,7062.368,2479.26,2479.26,2462.59,2471.5,99047.463
2026-09-10 08:00:00+00:00,78071.0,78136.2,77991.3,78072.8,2790.982,2471.49,2473.66,2467.85,2470.18,62174.768
2026-09-10 09:00:00+00:00,78072.9,78195.7,77893.6,77964.1,3293.979,2470.19,2476.94,2463.33,2467.65,80726.312
2026-09-10 10:00:00+00:00,77964.1,78017.8,77790.1,77837.0,3227.074,2467.65,2470.91,2461.61,2463.08,54184.811
2026-09-10 11:00:00+00:00,77837.0,78028.8,77651.4,77816.4,5217.409,2463.08,2468.83,2457.15,2461.03,92596.416
2026-09-10 12:00:00+00:00,77816.2,77935.8,76634.3,76859.9,30977.799,2461.04,2465.82,2406.21,2413.44,741129.454
2026-09-10 13:00:00+00:00,76859.9,77207.4,76692.3,77137.6,15292.695,2413.44,2435.51,2403.33,2433.87,473253.142
2026-09-10 14:00:00+00:00,77137.7,77393.9,76922.7,77376.4,8449.721,2433.86,2442.97,2424.11,2442.29,238246.724
2026-09-10 15:00:00+00:00,77376.3,77381.1,77059.1,77218.5,4436.065,2442.29,2443.75,2430.66,2440.01,116536.697
2026-09-10 16:00:00+00:00,77218.6,77280.0,76760.0,77172.0,5962.524,2440.01,2449.93,2430.56,2447.62,148229.25
2026-09-10 17:00:00+00:00,77172.1,77518.6,77092.8,77296.6,5390.151,2447.62,2474.18,2445.88,2464.85,276096.329
2026-09-10 18:00:00+00:00,77296.6,77312.2,76942.6,77222.7,3603.191,2464.85,2468.74,2453.51,2467.37,134476.77
2026-09-10 19:00:00+00:00,77222.7,77270.1,77044.0,77129.1,2212.35,2467.37,2471.41,2459.11,2461.46,127441.127
2026-09-10 20:00:00+00:00,77129.2,77316.0,77070.5,77233.2,1648.077,2461.47,2468.09,2460.0,2460.53,41018.173
2026-09-10 21:00:00+00:00,77233.3,77269.7,77057.7,77113.5,1758.219,2460.53,2462.12,2456.8,2459.27,36915.951
2026-09-10 22:00:00+00:00,77113.6,77182.5,76772.7,76794.1,3356.064,2459.28,2461.0,2442.5,2443.84,88149.961
2026-09-10 23:00:00+00:00,76794.0,76840.8,76402.9,76535.7,7698.571,2443.85,2446.15,2433.35,2437.04,126668.058
2026-09-11 00:00:00+00:00,76535.6,76905.3,76525.0,76881.0,4682.725,2437.03,2457.36,2436.25,2455.46,128113.548
2026-09-11 01:00:00+00:00,76881.0,76979.0,76637.5,76946.8,3638.295,2455.45,2459.52,2444.89,2453.25,89357.563
2026-09-11 02:00:00+00:00,76946.8,76988.0,76738.0,76813.3,2049.846,2453.25,2453.96,2443.09,2445.86,63763.507
2026-09-11 03:00:00+00:00,76813.3,76864.0,76667.0,76860.8,4166.757,2445.86,2447.83,2439.01,2446.2,63722.573
2026-09-11 04:00:00+00:00,76860.9,77166.6,76850.0,77076.5,3283.814,2446.2,2464.0,2445.22,2457.96,128127.019
2026-09-11 05:00:00+00:00,77076.5,77227.4,77029.5,77220.2,2063.793,2457.95,2467.79,2456.4,2467.78,71496.526
2026-09-11 06:00:00+00:00,77220.2,77400.0,77140.2,77263.9,2890.751,2467.78,2470.27,2462.2,2465.9,87999.73
2026-09-11 07:00:00+00:00,77264.0,77373.6,77160.0,77188.1,2734.253,2465.9,2472.74,2465.21,2466.51,70878.709
2026-09-11 08:00:00+00:00,77188.2,77469.3,77100.5,77324.1,3593.318,2466.5,2483.73,2462.56,2475.8,139589.401
2026-09-11 09:00:00+00:00,77324.1,77332.7,76818.1,77001.2,4201.0,2475.81,2476.79,2460.54,2468.39,91413.345
2026-09-11 10:00:00+00:00,77001.1,77129.7,76923.9,76960.1,2755.218,2468.39,2474.36,2461.05,2461.09,55292.599
2026-09-11 11:00:00+00:00,76960.2,77013.9,76699.1,77000.1,4684.815,2461.09,2461.1,2450.75,2457.19,117448.854
2026-09-11 12:00:00+00:00,77000.1,78115.4,76000.3,77992.7,45615.466,2457.19,2514.49,2433.04,2509.74,1047227.442
2026-09-11 13:00:00+00:00,77992.7,79300.7,77211.4,79208.0,30044.956,2509.74,2647.66,2488.76,2628.21,1201055.671
2026-09-11 14:00:00+00:00,79208.0,79859.8,78470.6,78757.7,27936.143,2628.22,2666.0,2590.85,2606.52,945424.212
2026-09-11 15:00:00+00:00,78757.8,78810.6,77263.3,77682.9,17095.235,2606.53,2616.42,2541.39,2558.01,535211.108
2026-09-11 16:00:00+00:00,77682.9,78031.2,77300.0,77873.0,13614.82,2558.01,2582.53,2542.55,2576.38,445804.718
2026-09-11 17:00:00+00:00,77873.0,77924.1,77450.0,77493.9,3621.403,2576.38,2580.93,2562.11,2565.31,125368.716
2026-09-11 18:00:00+00:00,77494.0,77509.1,76837.8,77020.7,9288.589,2565.32,2567.24,2527.2,2536.23,365168.61
2026-09-11 19:00:00+00:00,77020.7,77339.1,76967.0,77250.7,3413.964,2536.24,2547.25,2531.6,2538.3,122447.237
2026-09-11 20:00:00+00:00,77250.6,77495.3,77162.7,77295.6,3803.21,2538.3,2546.6,2521.57,2529.4,143455.183
2026-09-11 21:00:00+00:00,77295.7,77397.0,77038.7,77080.3,1844.726,2529.4,2539.69,2512.12,2515.07,95626.492
2026-09-11 22:00:00+00:00,77080.3,77208.2,76942.7,77110.1,5690.392,2515.07,2522.65,2504.57,2510.64,168533.481
2026-09-11 23:00:00+00:00,77110.0,77195.3,77085.3,77191.1,4591.769,2510.64,2515.63,2507.4,2515.47,65879.538
2026-09-12 00:00:00+00:00,77191.1,77287.9,77170.3,77251.8,2660.518,2515.47,2516.73,2509.49,2509.5,69899.202
2026-09-12 01:00:00+00:00,77251.7,77346.8,77220.0,77236.4,1628.233,2509.49,2516.13,2508.3,2512.46,58979.891
2026-09-12 02:00:00+00:00,77236.3,77293.5,77176.5,77248.4,1463.131,2512.47,2514.82,2511.02,2513.11,40047.128
2026-09-12 03:00:00+00:00,77248.4,77315.0,77195.5,77236.8,971.599,2513.1,2514.99,2508.1,2511.98,48504.771
2026-09-12 04:00:00+00:00,77236.8,77288.8,77185.6,77186.4,1337.865,2511.99,2513.97,2508.58,2511.5,34187.312
2026-09-12 05:00:00+00:00,77186.4,77226.2,77129.0,77177.7,2522.932,2511.51,2512.0,2507.6,2510.61,46644.532
2026-09-12 06:00:00+00:00,77177.7,77327.1,77174.6,77260.1,1080.706,2510.61,2521.62,2509.21,2518.21,74779.766
2026-09-12 07:00:00+00:00,77260.1,77310.0,77223.9,77236.9,1447.57,2518.21,2523.74,2518.2,2522.99,51798.96
2026-09-12 08:00:00+00:00,77236.8,77339.9,77220.8,77325.1,1991.617,2523.0,2535.8,2522.01,2532.29,106567.754
2026-09-12 09:00:00+00:00,77325.1,77350.0,77291.1,77320.0,1482.661,2532.29,2536.35,2528.17,2529.99,79943.034
2026-09-12 10:00:00+00:00,77319.9,77369.3,77271.3,77298.6,1038.811,2530.0,2535.37,2529.99,2532.52,33671.21
2026-09-12 11:00:00+00:00,77298.7,77331.8,77260.0,77325.8,819.137,2532.52,2536.11,2529.51,2535.21,36678.389
2026-09-12 12:00:00+00:00,77325.8,77333.5,77250.3,77294.9,1492.428,2535.21,2535.21,2530.72,2534.39,40293.212
2026-09-12 13:00:00+00:00,77294.9,77364.5,77208.0,77329.2,3042.972,2534.39,2546.11,2532.34,2543.62,131545.966
2026-09-12 14:00:00+00:00,77329.1,77477.4,77329.1,77430.5,1974.437,2543.63,2544.4,2538.05,2538.99,54947.53
2026-09-12 15:00:00+00:00,77430.4,77449.2,77336.7,77343.7,1804.437,2539.0,2541.56,2530.4,2534.0,92460.15
2026-09-12 16:00:00+00:00,77343.7,77384.9,77294.2,77326.1,1267.554,2533.99,2535.32,2529.18,2530.69,48392.956
2026-09-12 17:00:00+00:00,77326.2,77365.6,77140.4,77173.5,2202.127,2530.68,2533.92,2523.51,2524.93,66340.844
2026-09-12 18:00:00+00:00,77173.6,77190.1,77076.4,77105.7,1849.255,2524.94,2526.89,2518.48,2521.58,71536.105
2026-09-12 19:00:00+00:00,77105.7,77157.6,77025.1,77084.1,2715.432,2521.57,2522.1,2513.51,2518.15,69482.712
2026-09-12 20:00:00+00:00,77084.1,77187.9,77084.1,77129.2,1928.037,2518.15,2523.77,2518.14,2519.44,42668.407
2026-09-12 21:00:00+00:00,77129.3,77238.4,77100.3,77218.4,1691.242,2519.44,2527.64,2518.81,2523.01,41509.192
2026-09-12 22:00:00+00:00,77218.3,77275.7,77144.5,77195.3,1233.17,2523.01,2525.12,2519.04,2521.78,31901.827
2026-09-12 23:00:00+00:00,77195.3,77259.1,77192.6,77242.8,1080.809,2521.79,2525.76,2521.33,2524.76,18990.195
2026-09-13 00:00:00+00:00,77242.8,77275.4,77110.7,77239.5,1017.069,2524.77,2526.41,2522.11,2524.22,19240.99
2026-09-13 01:00:00+00:00,77239.5,77321.0,77207.2,77285.5,1855.862,2524.22,2526.71,2521.29,2524.81,37005.836
2026-09-13 02:00:00+00:00,77285.6,77287.0,77208.4,77263.9,1192.75,2524.81,2524.81,2520.01,2520.48,30141.929
2026-09-13 03:00:00+00:00,77263.9,77287.9,77150.9,77162.2,1572.831,2520.49,2521.96,2518.23,2519.76,36088.108
2026-09-13 04:00:00+00:00,77162.3,77227.7,77155.5,77179.0,889.064,2519.76,2522.43,2517.44,2519.23,28174.13
2026-09-13 05:00:00+00:00,77179.0,77290.0,77179.0,77280.7,844.032,2519.23,2523.28,2519.22,2521.59,20975.913
2026-09-13 06:00:00+00:00,77280.7,77291.2,77003.4,77082.0,2358.331,2521.59,2521.98,2508.38,2511.73,70752.599
2026-09-13 07:00:00+00:00,77082.1,77136.4,77052.1,77087.7,1869.584,2511.72,2519.18,2510.65,2516.62,65640.103
2026-09-13 08:00:00+00:00,77087.6,77146.4,76703.5,76767.8,6182.081,2516.61,2518.5,2486.49,2493.25,231626.048
2026-09-13 09:00:00+00:00,76767.8,76872.4,76522.7,76766.3,5849.144,2493.25,2496.43,2468.0,2483.69,304321.639
2026-09-13 10:00:00+00:00,76766.4,76785.4,76594.8,76643.6,2073.834,2483.68,2484.97,2466.37,2471.09,122884.572
2026-09-13 11:00:00+00:00,76643.6,76770.0,76458.9,76752.9,3287.773,2471.09,2481.37,2466.5,2480.13,100266.771
2026-09-13 12:00:00+00:00,76752.9,76834.4,76640.5,76725.7,2701.039,2480.13,2482.52,2473.62,2476.21,75081.451
2026-09-13 13:00:00+00:00,76725.8,76892.1,76514.6,76813.8,3134.72,2476.21,2482.63,2460.3,2477.84,187166.723
2026-09-13 14:00:00+00:00,76813.7,77232.0,76810.6,77175.1,5768.634,2477.83,2494.44,2477.49,2491.3,164909.253
2026-09-13 15:00:00+00:00,77175.1,77178.8,76981.0,77098.0,3095.737,2491.3,2492.33,2480.58,2489.55,79270.469
2026-09-13 16:00:00+00:00,77098.0,77355.2,77083.2,77252.6,3609.366,2489.56,2504.96,2489.16,2503.44,122156.259
2026-09-13 17:00:00+00:00,77252.6,77387.0,77212.8,77295.8,1924.447,2503.45,2512.0,2501.65,2503.99,78403.708
2026-09-13 18:00:00+00:00,77295.8,77355.0,77273.2,77314.2,1258.35,2503.98,2508.6,2503.3,2508.35,32970.675
2026-09-13 19:00:00+00:00,77314.3,77381.5,77186.3,77254.1,1511.24,2508.35,2515.78,2502.31,2505.09,78297.838
2026-09-13 20:00:00+00:00,77254.2,77337.4,77220.1,77312.1,1120.089,2505.09,2514.29,2505.09,2511.98,35228.641
2026-09-13 21:00:00+00:00,77312.3,77427.4,77276.1,77277.3,1413.231,2511.98,2515.68,2507.34,2507.94,39114.789
2026-09-13 22:00:00+00:00,77277.3,77277.4,76619.2,76689.3,9100.477,2507.94,2507.94,2470.11,2474.41,280375.445
2026-09-13 23:00:00+00:00,76689.3,76850.0,76596.1,76805.0,4313.772,2474.4,2481.0,2468.97,2475.48,97519.123
2026-09-14 00:00:00+00:00,76805.0,77059.4,76350.1,76771.5,7330.437,2475.49,2491.32,2461.1,2483.28,201885.944
2026-09-14 01:00:00+00:00,76771.5,77146.7,76609.7,77089.5,4997.528,2483.27,2495.76,2472.23,2492.22,124216.787
2026-09-14 02:00:00+00:00,77089.5,77708.5,76982.1,77583.6,11546.254,2492.22,2512.6,2489.52,2510.0,206413.446
2026-09-14 03:00:00+00:00,77583.6,77840.7,77465.2,77558.7,8332.917,2509.99,2519.27,2506.66,2511.98,144318.358
2026-09-14 04:00:00+00:00,77558.7,77672.2,77498.0,77644.0,4936.383,2511.99,2517.34,2510.03,2513.72,69009.237
2026-09-14 05:00:00+00:00,77644.0,77656.8,77457.8,77579.0,3257.86,2513.73,2515.49,2509.26,2515.48,56163.514
2026-09-14 06:00:00+00:00,77579.0,77864.7,77334.5,77554.2,4886.127,2515.49,2525.99,2506.14,2513.41,156634.253
2026-09-14 07:00:00+00:00,77554.3,77858.6,77480.4,77854.0,2805.48,2513.42,2525.32,2510.09,2521.97,76289.242
2026-09-14 08:00:00+00:00,77854.0,77963.0,77612.4,77700.0,3789.793,2521.98,2534.76,2515.11,2517.67,157211.774
2026-09-14 09:00:00+00:00,77700.0,78343.8,77561.2,78109.3,8861.55,2517.67,2534.26,2510.09,2522.82,187417.832
2026-09-14 10:00:00+00:00,78109.3,78139.4,77856.8,77864.8,3640.099,2522.82,2524.41,2512.14,2512.25,75985.189
2026-09-14 11:00:00+00:00,77864.8,77892.6,77653.2,77745.8,3679.748,2512.26,2515.64,2504.3,2508.4,88546.711
2026-09-14 12:00:00+00:00,77745.9,78048.3,77562.8,77663.8,5391.906,2508.39,2517.5,2502.0,2504.49,123335.505
2026-09-14 13:00:00+00:00,77663.7,78479.0,77441.6,78139.2,15011.532,2504.49,2517.4,2485.77,2499.52,418692.006
2026-09-14 14:00:00+00:00,78139.2,78666.1,78125.6,78479.3,14296.523,2499.51,2515.72,2493.36,2500.38,300768.977
2026-09-14 15:00:00+00:00,78479.3,78646.1,78259.4,78543.1,8210.818,2500.37,2512.45,2494.82,2507.28,184526.643
2026-09-14 16:00:00+00:00,78543.0,78874.1,78379.6,78726.1,7207.966,2507.28,2538.0,2502.91,2528.14,290107.304
2026-09-14 17:00:00+00:00,78726.1,79040.3,78668.7,78911.0,7054.343,2528.14,2534.71,2521.36,2532.44,119672.76
2026-09-14 18:00:00+00:00,78911.0,79298.3,78796.5,79184.8,9019.307,2532.43,2543.27,2528.49,2537.48,168500.828
2026-09-14 19:00:00+00:00,79184.8,79208.1,78914.8,78952.1,5174.685,2537.49,2548.67,2533.08,2538.48,158754.763
2026-09-14 20:00:00+00:00,78952.0,79570.9,78936.7,79065.5,7818.012,2538.49,2614.99,2538.46,2569.67,642591.782
2026-09-14 21:00:00+00:00,79065.5,79085.0,78703.2,78728.2,6153.535,2569.67,2570.66,2537.52,2545.54,310428.216
2026-09-14 22:00:00+00:00,78728.2,78823.4,78455.6,78517.8,5669.249,2545.54,2555.33,2530.51,2532.2,152411.909
2026-09-14 23:00:00+00:00,78517.9,78535.4,78084.6,78153.3,6485.968,2532.2,2533.67,2511.53,2513.93,144747.184
2026-09-15 00:00:00+00:00,78153.0,78223.3,77905.5,77928.5,5124.846,2513.92,2516.32,2505.74,2514.7,137453.406
2026-09-15 01:00:00+00:00,77928.5,78061.6,77709.7,77888.2,7955.222,2514.7,2518.34,2506.61,2514.11,121865.33
2026-09-15 02:00:00+00:00,77888.2,77991.1,77757.2,77878.3,3957.125,2514.1,2518.6,2507.78,2511.01,67733.431
2026-09-15 03:00:00+00:00,77878.3,77878.3,77622.0,77658.6,4966.703,2511.01,2511.01,2493.79,2497.64,146645.699
2026-09-15 04:00:00+00:00,77658.6,77712.9,77511.0,77537.0,5696.983,2497.63,2499.32,2488.08,2489.43,127017.718
2026-09-15 05:00:00+00:00,77537.1,77642.5,77265.8,77590.5,7412.961,2489.42,2496.55,2476.6,2495.0,199915.06
2026-09-15 06:00:00+00:00,77590.6,77691.5,77145.0,77251.5,6198.64,2495.0,2499.36,2480.14,2484.63,119010.048
2026-09-15 07:00:00+00:00,77251.5,77282.9,76848.3,76895.3,9584.585,2484.63,2484.77,2469.0,2472.77,179108.166
2026-09-15 08:00:00+00:00,76895.2,76973.1,76667.3,76964.9,9285.478,2472.77,2476.4,2463.0,2475.77,156224.286
2026-09-15 09:00:00+00:00,76964.9,77029.6,76836.1,76946.8,5299.195,2475.77,2479.2,2471.52,2472.87,93075.134
2026-09-15 10:00:00+00:00,76946.9,77135.3,76839.5,77023.7,5179.85,2472.87,2485.94,2470.26,2482.24,121057.751
2026-09-15 11:00:00+00:00,77023.7,77188.0,76807.2,76899.8,4642.3,2482.25,2487.05,2471.57,2475.15,100362.674
2026-09-15 12:00:00+00:00,76899.9,77099.9,76818.0,76916.1,4522.783,2475.15,2484.89,2473.44,2477.88,91652.655
2026-09-15 13:00:00+00:00,76916.0,77111.9,76065.0,76588.4,20173.982,2477.88,2485.55,2431.05,2452.58,536695.164
2026-09-15 14:00:00+00:00,76588.5,76670.8,75560.0,75907.0,24643.194,2452.58,2457.42,2388.0,2406.73,719402.136
2026-09-15 15:00:00+00:00,75906.9,76570.0,75800.0,76473.6,13702.042,2406.74,2431.57,2396.23,2423.27,354912.647
2026-09-15 16:00:00+00:00,76473.7,76550.6,76227.8,76352.3,4435.518,2423.28,2424.76,2411.34,2421.14,162634.893
2026-09-15 17:00:00+00:00,76352.3,77323.6,76151.3,76931.0,14205.232,2421.14,2448.1,2411.44,2439.91,304188.378
2026-09-15 18:00:00+00:00,76931.0,77174.7,74909.4,75955.6,47511.165,2439.91,2445.99,2357.0,2401.7,1242325.133
2026-09-15 19:00:00+00:00,75955.5,76275.7,75770.5,76149.1,11883.993,2401.7,2419.64,2396.31,2415.49,300484.37
2026-09-15 20:00:00+00:00,76149.2,76209.8,75557.2,75900.0,5052.071,2415.5,2417.38,2393.22,2407.0,171343.507
2026-09-15 21:00:00+00:00,75900.0,75939.2,75350.1,75413.7,4730.163,2407.01,2407.01,2388.13,2389.24,110775.275
2026-09-15 22:00:00+00:00,75413.8,75710.1,75089.1,75632.1,7964.052,2389.24,2401.53,2380.3,2395.77,172266.53
2026-09-15 23:00:00+00:00,75632.0,75915.6,75530.0,75599.9,4109.203,2395.76,2412.0,2395.39,2397.15,144463.371
2026-09-16 00:00:00+00:00,75599.9,75878.1,75538.9,75734.0,3125.499,2397.15,2404.78,2396.29,2397.64,76909.576
2026-09-16 01:00:00+00:00,75734.0,75940.0,75405.5,75465.0,4305.812,2397.64,2406.7,2389.25,2389.65,97626.554
2026-09-16 02:00:00+00:00,75465.1,76096.4,75450.0,75853.1,4562.737,2389.66,2410.23,2386.92,2401.81,95824.524
2026-09-16 03:00:00+00:00,75853.2,76053.8,75731.6,75787.4,3204.974,2401.82,2410.79,2399.0,2400.77,67939.43
2026-09-16 04:00:00+00:00,75787.5,75989.9,75766.3,75825.6,2533.636,2400.77,2409.32,2400.67,2402.5,74391.713
2026-09-16 05:00:00+00:00,75825.7,75956.0,75633.7,75925.3,2687.911,2402.51,2406.2,2391.75,2406.12,105280.49
2026-09-16 06:00:00+00:00,75925.3,76001.0,75780.9,76001.0,2360.665,2406.12,2408.0,2392.05,2405.54,82925.421
2026-09-16 07:00:00+00:00,76001.0,76067.1,75691.1,75726.0,3999.404,2405.53,2410.92,2395.01,2395.53,131407.434
2026-09-16 08:00:00+00:00,75726.1,75726.1,75308.4,75697.8,6768.631,2395.52,2402.28,2381.0,2401.7,179323.934
2026-09-16 09:00:00+00:00,75697.7,75964.1,75688.4,75959.6,4195.627,2401.69,2406.11,2397.83,2404.73,85676.332
2026-09-16 10:00:00+00:00,75959.6,76016.1,75866.0,75960.5,2781.851,2404.72,2406.0,2396.88,2405.42,58884.145
2026-09-16 11:00:00+00:00,75960.4,76274.0,75828.8,76210.2,5374.038,2405.42,2429.0,2401.46,2421.33,211118.157
2026-09-16 12:00:00+00:00,76210.1,76275.4,75751.1,75933.5,5077.388,2421.32,2422.67,2401.78,2405.66,154142.757
2026-09-16 13:00:00+00:00,75933.5,75933.6,75537.5,75615.4,7634.037,2405.65,2405.78,2388.61,2393.0,225261.234
2026-09-16 14:00:00+00:00,75615.5,75802.2,75386.0,75660.9,6515.265,2393.0,2397.78,2375.08,2389.47,276211.93
2026-09-16 15:00:00+00:00,75660.9,75929.4,75512.2,75753.7,4910.08,2389.47,2401.35,2382.73,2391.66,165513.218
2026-09-16 16:00:00+00:00,75753.7,75859.0,75618.4,75734.0,2941.48,2391.67,2398.84,2386.08,2390.71,98467.927
2026-09-16 17:00:00+00:00,75734.1,75899.7,75312.1,75747.6,8076.19,2390.71,2396.0,2368.03,2389.49,256146.822
2026-09-16 18:00:00+00:00,75747.7,76540.0,75025.0,75600.5,44804.097,2389.47,2429.9,2365.0,2397.23,1164348.297
2026-09-16 19:00:00+00:00,75600.6,76153.7,75216.9,76043.5,15688.686,2397.24,2417.77,2375.51,2407.4,377817.845
2026-09-16 20:00:00+00:00,76043.5,76391.6,75983.8,76144.1,5321.539,2407.4,2419.09,2403.64,2410.03,132047.474
2026-09-16 21:00:00+00:00,76144.1,76186.0,75902.3,75938.2,1969.474,2410.02,2412.37,2398.67,2403.61,41081.023
2026-09-16 22:00:00+00:00,75938.2,75956.8,75610.0,75647.1,3408.049,2403.61,2404.7,2386.78,2391.22,117648.405
2026-09-16 23:00:00+00:00,75647.1,76245.3,75608.8,76174.6,4039.145,2391.22,2422.1,2388.64,2417.49,159029.372
2026-09-17 00:00:00+00:00,76174.6,76473.0,76147.2,76301.9,4688.825,2417.5,2427.48,2414.79,2417.58,110198.882
2026-09-17 01:00:00+00:00,76301.9,76749.1,76182.0,76334.8,7775.623,2417.58,2444.39,2412.55,2426.53,194402.706
2026-09-17 02:00:00+00:00,76334.8,76456.4,76015.0,76343.2,5856.22,2426.53,2432.48,2414.99,2427.87,114808.659
2026-09-17 03:00:00+00:00,76343.2,76505.4,76338.2,76401.8,2053.173,2427.88,2438.43,2427.87,2434.77,68693.924
2026-09-17 04:00:00+00:00,76401.8,76555.0,76146.8,76504.4,2942.581,2434.77,2443.41,2423.63,2441.0,83501.272
2026-09-17 05:00:00+00:00,76504.4,76600.0,76272.2,76294.3,2799.445,2441.0,2445.99,2434.64,2435.98,77847.167
2026-09-17 06:00:00+00:00,76294.4,76584.0,76263.8,76448.3,2670.042,2435.98,2445.6,2434.61,2440.37,54462.531
2026-09-17 07:00:00+00:00,76448.3,76657.7,76386.0,76433.1,3452.839,2440.37,2453.33,2439.93,2443.38,139290.764
2026-09-17 08:00:00+00:00,76433.1,76561.2,76350.0,76543.5,2781.654,2443.38,2445.94,2435.9,2444.49,96758.429
2026-09-17 09:00:00+00:00,76543.4,76750.0,76437.1,76438.3,5650.551,2444.49,2448.55,2436.56,2437.24,75896.495
2026-09-17 10:00:00+00:00,76438.3,76442.0,76233.7,76374.9,3649.939,2437.23,2438.0,2428.88,2434.37,81817.306
2026-09-17 11:00:00+00:00,76374.9,76456.7,76140.0,76449.7,3704.941,2434.36,2442.38,2426.52,2441.39,78491.959
2026-09-17 12:00:00+00:00,76449.8,77149.8,76365.1,76698.6,14061.672,2441.39,2479.44,2437.85,2458.83,385991.024
2026-09-17 13:00:00+00:00,76698.7,76852.9,75975.0,76671.5,14193.361,2458.82,2463.98,2431.12,2461.26,285666.286
2026-09-17 14:00:00+00:00,76671.5,77096.7,76357.9,76469.5,12457.958,2461.25,2484.0,2449.08,2460.5,366704.639
2026-09-17 15:00:00+00:00,76469.5,76837.5,76234.0,76751.8,7952.367,2460.51,2477.26,2447.09,2469.46,217867.902
2026-09-17 16:00:00+00:00,76751.8,76785.0,76489.6,76732.7,4035.659,2469.47,2472.8,2453.68,2469.59,135249.484
2026-09-17 17:00:00+00:00,76732.7,76944.1,76555.0,76641.4,5831.621,2469.59,2476.4,2459.0,2461.9,118635.22
2026-09-17 18:00:00+00:00,76641.4,76758.0,76423.8,76539.2,2316.805,2461.9,2462.33,2448.48,2450.76,79438.48
2026-09-17 19:00:00+00:00,76539.3,76649.9,76467.9,76561.1,2197.523,2450.76,2454.41,2443.62,2447.95,67979.389
2026-09-17 20:00:00+00:00,76561.2,76711.0,76456.7,76530.1,1843.037,2447.94,2457.92,2446.11,2452.5,46109.008
2026-09-17 21:00:00+00:00,76530.2,76587.7,76359.4,76376.4,1647.593,2452.51,2455.0,2446.31,2446.31,34448.222
2026-09-17 22:00:00+00:00,76376.5,76425.4,76210.0,76386.5,2841.448,2446.32,2448.91,2436.09,2444.89,93039.557
2026-09-17 23:00:00+00:00,76386.6,76477.6,76350.0,76385.9,1678.351,2444.88,2449.73,2443.24,2446.32,46259.477
2026-09-18 00:00:00+00:00,76385.8,76555.0,76256.0,76553.7,2918.4,2446.33,2447.72,2435.39,2447.2,58103.747
2026-09-18 01:00:00+00:00,76553.7,76739.2,76482.6,76705.0,3411.435,2447.19,2459.14,2444.7,2456.23,86953.297
2026-09-18 02:00:00+00:00,76704.9,77009.3,76603.7,76947.8,5588.813,2456.24,2465.89,2451.37,2461.79,90983.032
2026-09-18 03:00:00+00:00,76947.8,77572.4,76943.6,77349.0,12414.467,2461.8,2484.99,2460.52,2478.19,209939.52
2026-09-18 04:00:00+00:00,77349.1,77545.4,77188.0,77545.4,4757.382,2478.19,2482.2,2469.0,2481.75,118204.205
2026-09-18 05:00:00+00:00,77545.3,77682.0,77405.0,77457.7,7470.871,2481.74,2492.55,2476.13,2479.46,172264.697
2026-09-18 06:00:00+00:00,77457.8,77637.6,77364.4,77561.3,4306.831,2479.45,2486.88,2479.45,2486.11,84981.561
2026-09-18 07:00:00+00:00,77561.3,77818.0,77526.3,77776.1,7393.003,2486.12,2497.77,2484.51,2488.99,154839.187
2026-09-18 08:00:00+00:00,77776.1,78249.9,77627.6,78229.0,10368.798,2488.99,2507.36,2484.35,2504.37,205963.053
2026-09-18 09:00:00+00:00,78228.9,78443.0,77970.0,78168.8,9859.975,2504.36,2521.83,2501.25,2507.21,397098.43
2026-09-18 10:00:00+00:00,78168.8,78329.8,78049.9,78246.8,3915.179,2507.2,2520.47,2506.87,2512.9,127061.566
2026-09-18 11:00:00+00:00,78246.8,78400.0,77988.9,78031.0,5863.637,2512.89,2517.64,2498.58,2507.31,157842.548
2026-09-18 12:00:00+00:00,78031.0,78158.2,77933.9,78004.8,3755.195,2507.32,2510.12,2498.77,2501.47,120412.592
2026-09-18 13:00:00+00:00,78004.9,80486.5,77923.5,80046.5,39508.703,2501.47,2578.55,2492.3,2553.89,746041.286
2026-09-18 14:00:00+00:00,80046.5,80950.0,80043.1,80906.0,33479.548,2553.88,2586.62,2553.8,2581.86,577407.628
2026-09-18 15:00:00+00:00,80905.9,81156.8,80467.5,80688.7,16721.791,2581.86,2598.25,2564.91,2583.25,383811.385
2026-09-18 16:00:00+00:00,80688.7,81242.5,80631.4,80810.0,14460.803,2583.24,2609.63,2577.75,2596.47,381174.72
2026-09-18 17:00:00+00:00,80810.0,80986.3,80532.3,80977.9,7863.235,2596.47,2609.0,2584.04,2606.24,213202.961
2026-09-18 18:00:00+00:00,80978.0,81116.3,80755.0,80904.8,4976.654,2606.24,2626.68,2600.22,2611.92,300217.735
2026-09-18 19:00:00+00:00,80904.8,81386.2,80868.4,81169.1,8263.076,2611.93,2646.94,2610.79,2635.36,324883.489
2026-09-18 20:00:00+00:00,81169.0,81200.0,80898.2,81085.7,4371.994,2635.37,2639.0,2623.33,2630.76,124482.953
2026-09-18 21:00:00+00:00,81085.7,81281.2,81046.5,81202.5,3137.81,2630.77,2639.31,2623.9,2625.85,97199.153
2026-09-18 22:00:00+00:00,81202.5,81341.4,81037.0,81103.9,3084.02,2625.85,2633.67,2616.36,2619.18,105506.852
2026-09-18 23:00:00+00:00,81104.0,81169.9,80814.6,80863.0,2969.712,2619.18,2621.45,2607.07,2611.15,104031.977
2026-09-19 00:00:00+00:00,80863.0,81644.0,80802.6,81640.6,6539.687,2611.14,2625.7,2605.5,2625.69,116909.468
2026-09-19 01:00:00+00:00,81640.6,81732.4,81015.8,81253.0,6093.701,2625.69,2626.91,2600.72,2612.0,151011.611
2026-09-19 02:00:00+00:00,81252.9,81413.0,81223.1,81265.2,1897.216,2612.0,2623.0,2611.0,2622.54,66706.104
2026-09-19 03:00:00+00:00,81265.3,81373.2,81073.2,81100.1,2243.255,2622.53,2631.89,2618.32,2619.08,74065.276
2026-09-19 04:00:00+00:00,81100.0,81196.3,80882.0,80996.6,3107.651,2619.08,2628.47,2610.84,2619.0,102703.325
2026-09-19 05:00:00+00:00,80996.6,81118.9,80977.5,81015.8,1563.467,2619.0,2633.35,2618.73,2627.96,99782.125
2026-09-19 06:00:00+00:00,81015.7,81078.6,80902.0,81027.2,1703.272,2627.96,2629.76,2619.24,2626.68,52989.137
2026-09-19 07:00:00+00:00,81027.2,81232.4,81000.0,81077.0,2206.78,2626.67,2635.33,2622.4,2626.24,67678.446
2026-09-19 08:00:00+00:00,81077.1,81383.8,81040.9,81288.1,2972.412,2626.24,2662.0,2623.14,2644.38,287971.709
2026-09-19 09:00:00+00:00,81288.0,81512.5,81227.0,81303.0,3796.043,2644.37,2659.87,2631.1,2640.01,190193.155
2026-09-19 10:00:00+00:00,81303.1,81309.6,81171.3,81193.3,3003.93,2640.0,2645.0,2636.61,2637.25,50458.868
2026-09-19 11:00:00+00:00,81193.4,81348.5,81181.8,81274.7,1417.84,2637.25,2642.01,2635.09,2638.49,44985.416
2026-09-19 12:00:00+00:00,81274.7,81336.1,81182.5,81306.6,1795.362,2638.5,2643.11,2632.5,2641.01,62346.335
2026-09-19 13:00:00+00:00,81306.7,81327.4,81142.7,81319.1,2000.321,2641.01,2642.01,2626.3,2637.28,85560.216
2026-09-19 14:00:00+00:00,81319.1,81602.9,81302.9,81547.0,4840.897,2637.27,2642.98,2634.21,2637.49,63976.544
2026-09-19 15:00:00+00:00,81547.0,81933.9,81522.8,81609.1,7530.779,2637.48,2652.2,2635.76,2639.99,96882.705
2026-09-19 16:00:00+00:00,81609.0,81879.9,81429.2,81795.1,4014.548,2639.99,2651.46,2634.65,2649.14,93944.258
2026-09-19 17:00:00+00:00,81795.0,81811.5,81400.2,81426.0,3629.874,2649.14,2669.0,2640.76,2644.31,202647.643
2026-09-19 18:00:00+00:00,81426.0,81505.8,81289.3,81397.2,2366.668,2644.31,2646.45,2633.67,2637.77,79436.871
2026-09-19 19:00:00+00:00,81397.2,81429.1,81260.5,81330.5,1408.764,2637.77,2639.5,2631.0,2633.95,58065.245
2026-09-19 20:00:00+00:00,81330.5,81402.6,81037.1,81131.0,2288.372,2633.95,2639.69,2630.63,2634.95,61408.771
2026-09-19 21:00:00+00:00,81130.9,81206.2,80875.0,81070.1,4196.036,2634.96,2638.05,2615.0,2626.71,136151.066
2026-09-19 22:00:00+00:00,81070.1,81244.7,80923.0,81231.3,2340.722,2626.71,2630.55,2618.03,2629.85,67741.05
2026-09-19 23:00:00+00:00,81231.4,81341.4,81182.6,81225.6,2173.902,2629.85,2636.8,2628.18,2631.59,62341.363
2026-09-20 00:00:00+00:00,81225.7,81295.0,81175.1,81252.8,1870.9,2631.58,2631.88,2624.63,2626.05,46043.283
2026-09-20 01:00:00+00:00,81252.8,81265.8,81000.0,81066.0,2347.128,2626.04,2626.23,2612.02,2618.67,97278.519
2026-09-20 02:00:00+00:00,81066.0,81137.1,80230.6,80310.0,12933.98,2618.67,2623.63,2565.01,2572.92,376380.243
2026-09-20 03:00:00+00:00,80309.9,80512.2,80095.9,80467.8,7142.286,2572.93,2590.24,2562.31,2586.59,233760.529
2026-09-20 04:00:00+00:00,80467.9,80514.4,80288.0,80411.9,2288.782,2586.58,2587.63,2575.02,2578.75,80271.5
2026-09-20 05:00:00+00:00,80411.9,80618.0,80384.2,80459.9,3468.499,2578.75,2584.95,2572.42,2577.05,73751.582
2026-09-20 06:00:00+00:00,80460.0,80580.0,80188.0,80280.0,4991.748,2577.06,2584.67,2568.38,2573.16,88172.293
2026-09-20 07:00:00+00:00,80280.0,80400.4,80254.0,80286.3,3077.612,2573.17,2577.37,2570.01,2575.52,70474.117
2026-09-20 08:00:00+00:00,80286.4,80432.5,80127.6,80235.2,2629.09,2575.52,2582.99,2568.68,2573.8,80181.013
2026-09-20 09:00:00+00:00,80235.2,80555.0,80222.1,80437.4,2598.093,2573.8,2586.78,2573.48,2578.85,75889.764
2026-09-20 10:00:00+00:00,80437.4,80489.7,80286.0,80286.1,1994.239,2578.84,2580.63,2569.78,2570.15,63951.932
2026-09-20 11:00:00+00:00,80286.1,80500.0,80247.6,80448.4,2302.305,2570.15,2579.84,2565.66,2577.9,79337.885
2026-09-20 12:00:00+00:00,80448.3,80500.0,80287.7,80457.0,2094.722,2577.9,2581.97,2570.56,2579.03,61554.391
2026-09-20 13:00:00+00:00,80457.0,80640.5,80389.0,80532.9,3010.609,2579.04,2585.33,2575.17,2579.57,68884.009
2026-09-20 14:00:00+00:00,80532.8,80762.2,80377.1,80647.0,3727.831,2579.56,2587.76,2572.03,2584.39,93461.684
2026-09-20 15:00:00+00:00,80646.9,80937.0,80623.1,80871.4,5059.942,2584.39,2615.0,2584.38,2611.68,295139.365
2026-09-20 16:00:00+00:00,80871.4,81472.6,80767.7,81297.8,11175.56,2611.68,2647.72,2605.36,2638.88,325407.121
2026-09-20 17:00:00+00:00,81297.8,81418.0,81025.4,81115.5,5410.804,2638.88,2649.8,2617.16,2625.25,219101.623
2026-09-20 18:00:00+00:00,81115.5,81279.7,80973.9,80998.3,3471.725,2625.24,2639.37,2620.61,2625.16,77978.055
2026-09-20 19:00:00+00:00,80998.4,81264.2,80998.3,81144.0,1879.005,2625.17,2637.94,2624.54,2632.18,56930.005
2026-09-20 20:00:00+00:00,81144.0,81195.6,81034.0,81049.9,1371.044,2632.19,2642.39,2628.69,2633.69,57947.696
2026-09-20 21:00:00+00:00,81050.0,81050.0,80533.6,80897.4,4891.043,2633.69,2634.89,2607.13,2630.0,172072.642
2026-09-20 22:00:00+00:00,80897.4,81256.1,80734.1,81181.2,3669.947,2629.99,2647.0,2622.82,2638.27,125926.364
2026-09-20 23:00:00+00:00,81181.3,81311.0,81090.0,81143.9,3302.836,2638.27,2647.62,2630.55,2643.71,94235.095
2026-09-21 00:00:00+00:00,81144.0,81815.5,81135.1,81573.3,11910.397,2643.71,2708.0,2642.66,2688.1,640407.803
2026-09-21 01:00:00+00:00,81573.1,82099.9,80819.4,80964.3,15290.906,2688.1,2700.73,2642.37,2648.1,370647.153
2026-09-21 02:00:00+00:00,80964.3,81488.7,80909.7,81280.0,7034.507,2648.1,2668.46,2642.6,2660.76,165888.085
2026-09-21 03:00:00+00:00,81279.9,81549.0,81211.0,81403.7,2531.479,2660.76,2673.53,2656.81,2664.99,89848.203
2026-09-21 04:00:00+00:00,81403.7,81481.5,81199.9,81365.5,2378.238,2665.0,2669.36,2652.55,2662.7,83343.231
2026-09-21 05:00:00+00:00,81365.5,81765.5,81271.0,81520.0,4060.532,2662.71,2674.95,2657.49,2664.27,91973.727
2026-09-21 06:00:00+00:00,81520.0,81857.1,81356.0,81609.0,5580.807,2664.27,2677.64,2653.0,2661.89,107926.278
2026-09-21 07:00:00+00:00,81609.1,81700.0,81433.2,81699.9,3337.296,2661.89,2664.67,2645.38,2660.81,115417.53
2026-09-21 08:00:00+00:00,81700.0,84275.5,81697.2,83717.3,40829.826,2660.8,2716.15,2660.04,2695.38,503411.239
2026-09-21 09:00:00+00:00,83717.3,85285.0,83660.4,84626.0,35913.342,2695.38,2748.6,2691.1,2719.63,674733.373
2026-09-21 10:00:00+00:00,84625.9,84800.8,84100.3,84400.1,13667.001,2719.64,2726.44,2706.0,2714.74,223280.736
2026-09-21 11:00:00+00:00,84400.2,84882.2,84350.8,84849.9,8298.469,2714.74,2729.0,2712.19,2724.23,173296.827
2026-09-21 12:00:00+00:00,84849.9,85449.0,84773.4,85277.7,14764.555,2724.23,2740.01,2717.1,2733.92,251497.342
2026-09-21 13:00:00+00:00,85277.7,85803.1,84724.9,85430.0,21081.782,2733.92,2744.51,2717.06,2731.22,348244.486
2026-09-21 14:00:00+00:00,85430.0,86099.3,85007.0,85808.8,24396.512,2731.23,2758.0,2710.71,2735.14,471533.602
2026-09-21 15:00:00+00:00,85808.7,86340.0,85750.0,85877.5,17483.631,2735.13,2764.27,2726.85,2753.99,403747.008
2026-09-21 16:00:00+00:00,85877.4,86067.5,85562.1,85910.1,9238.973,2753.99,2768.0,2741.03,2753.25,343609.535
2026-09-21 17:00:00+00:00,85910.2,86067.5,85635.9,85854.2,6976.864,2753.25,2757.11,2733.53,2741.79,203826.902
2026-09-21 18:00:00+00:00,85854.2,86035.8,85723.6,86021.5,5082.883,2741.78,2756.9,2736.67,2756.64,125190.303
2026-09-21 19:00:00+00:00,86021.5,86874.0,85941.6,86454.3,14640.998,2756.65,2775.52,2753.26,2760.51,206994.154
2026-09-21 20:00:00+00:00,86454.2,87385.1,86454.2,86961.4,13367.705,2760.51,2806.76,2760.46,2782.8,411146.504
2026-09-21 21:00:00+00:00,86961.4,86961.5,86517.1,86544.1,4333.966,2782.81,2782.81,2762.56,2767.24,115824.465
2026-09-21 22:00:00+00:00,86544.0,86729.0,86252.9,86419.2,4837.27,2767.24,2783.1,2766.19,2777.66,123063.519
2026-09-21 23:00:00+00:00,86419.2,86666.0,86325.5,86578.7,3667.584,2777.67,2787.44,2765.5,2774.5,106490.09
2026-09-22 00:00:00+00:00,86578.8,86592.8,85815.4,85854.9,9740.17,2774.5,2776.64,2751.28,2753.54,190351.042
2026-09-22 01:00:00+00:00,85855.0,85945.7,85354.4,85588.3,8668.392,2753.54,2755.97,2735.17,2747.61,252114.556
2026-09-22 02:00:00+00:00,85588.3,85840.1,85308.0,85683.5,7013.023,2747.61,2749.57,2734.62,2738.77,119829.107
2026-09-22 03:00:00+00:00,85683.5,85762.2,85268.0,85656.6,6028.972,2738.77,2742.7,2723.23,2738.41,165845.142
2026-09-22 04:00:00+00:00,85656.5,85710.6,85400.0,85424.7,5683.336,2738.4,2742.61,2725.0,2728.45,108117.72
2026-09-22 05:00:00+00:00,85424.8,85571.0,85080.0,85377.2,8947.59,2728.45,2738.26,2714.77,2732.15,162166.239
2026-09-22 06:00:00+00:00,85377.3,85549.1,85216.3,85349.9,4194.412,2732.15,2735.34,2723.65,2729.48,88566.57
2026-09-22 07:00:00+00:00,85350.0,85475.0,85132.0,85324.7,6690.308,2729.49,2733.72,2721.42,2725.48,96080.478
2026-09-22 08:00:00+00:00,85324.7,86365.5,85287.2,86179.1,14266.612,2725.48,2754.65,2720.2,2747.81,260022.132
2026-09-22 09:00:00+00:00,86179.1,86241.1,85643.0,86211.5,9725.767,2747.8,2753.44,2729.01,2749.85,194364.626
2026-09-22 10:00:00+00:00,86211.4,86228.9,85693.6,85856.2,5948.871,2749.86,2751.12,2734.58,2741.08,86499.709
2026-09-22 11:00:00+00:00,85856.1,86110.0,85726.5,85950.1,3736.474,2741.11,2746.7,2733.01,2741.21,75642.191
2026-09-22 12:00:00+00:00,85950.1,86163.4,85739.3,85993.6,4639.926,2741.2,2755.92,2735.0,2755.64,124869.707
2026-09-22 13:00:00+00:00,85993.6,86333.0,85519.5,86309.7,11258.195,2755.64,2764.09,2737.26,2758.06,247571.612
2026-09-22 14:00:00+00:00,86309.7,86431.2,85405.9,86209.1,12225.721,2758.06,2758.8,2714.41,2741.26,380925.667
2026-09-22 15:00:00+00:00,86209.0,86699.9,86078.5,86367.4,8633.133,2741.27,2754.94,2735.52,2742.88,201593.833
2026-09-22 16:00:00+00:00,86367.4,86554.0,86025.0,86378.0,8708.454,2742.89,2749.97,2727.82,2744.69,163536.907
2026-09-22 17:00:00+00:00,86377.9,86615.0,86207.4,86527.5,8817.331,2744.68,2759.0,2742.36,2752.49,154704.704
2026-09-22 18:00:00+00:00,86527.6,86600.0,86187.4,86403.2,6735.952,2752.48,2755.9,2741.63,2751.26,105900.34
2026-09-22 19:00:00+00:00,86403.2,86538.5,86095.8,86146.1,5699.76,2751.27,2762.85,2743.64,2750.26,122121.137
2026-09-22 20:00:00+00:00,86146.2,86331.7,86081.2,86229.9,2502.387,2750.26,2757.74,2746.0,2750.44,65172.105
2026-09-22 21:00:00+00:00,86229.9,86314.0,86129.8,86143.2,1622.441,2750.44,2753.33,2745.55,2745.88,42405.105
2026-09-22 22:00:00+00:00,86143.3,86247.8,85948.5,86080.5,3293.285,2745.87,2759.56,2735.25,2751.89,109059.461
2026-09-22 23:00:00+00:00,86080.6,86473.6,86047.8,86158.6,4677.892,2751.89,2774.08,2747.8,2752.69,171408.145
2026-09-23 00:00:00+00:00,86158.6,86557.7,86089.9,86423.3,4491.46,2752.7,2766.0,2748.42,2759.16,91955.211
2026-09-23 01:00:00+00:00,86423.2,86817.3,86125.0,86320.1,6628.16,2759.16,2774.65,2744.63,2752.68,149264.213
2026-09-23 02:00:00+00:00,86320.1,86593.3,86214.0,86506.0,2768.101,2752.69,2762.0,2744.41,2761.27,72778.816
2026-09-23 03:00:00+00:00,86505.9,86963.4,86388.8,86664.0,4752.536,2761.28,2784.15,2757.03,2772.99,177231.81
2026-09-23 04:00:00+00:00,86663.9,87247.3,86587.9,87115.1,9186.35,2773.0,2787.82,2766.3,2778.26,140605.623
2026-09-23 05:00:00+00:00,87115.1,87115.1,86366.1,86448.5,7305.167,2778.27,2778.88,2753.75,2756.27,154875.591
2026-09-23 06:00:00+00:00,86448.5,86564.7,86311.2,86424.1,4058.09,2756.27,2760.95,2750.4,2753.0,104183.574
2026-09-23 07:00:00+00:00,86424.0,86425.6,85951.2,86100.0,6895.378,2753.01,2753.01,2733.95,2741.99,191922.106
2026-09-23 08:00:00+00:00,86100.0,86232.9,85638.8,85878.1,8138.493,2741.99,2749.25,2725.1,2733.89,164891.044
2026-09-23 09:00:00+00:00,85878.0,86008.8,85691.8,85819.3,5084.869,2733.88,2742.51,2729.64,2732.45,114571.155
2026-09-23 10:00:00+00:00,85819.2,85891.2,85591.4,85879.1,5629.171,2732.44,2737.8,2724.38,2736.95,129599.056
2026-09-23 11:00:00+00:00,85879.2,85932.5,85381.4,85622.8,6818.523,2736.95,2738.72,2715.88,2726.81,221324.389
2026-09-23 12:00:00+00:00,85622.7,85648.5,85200.6,85465.1,8710.917,2726.8,2728.99,2708.0,2720.98,185818.506
2026-09-23 13:00:00+00:00,85465.0,85837.9,85241.1,85755.1,10565.417,2720.98,2722.93,2706.0,2714.97,251274.955
2026-09-23 14:00:00+00:00,85755.0,85908.5,83813.8,84482.5,53133.262,2714.96,2722.7,2645.99,2674.9,1005204.146
2026-09-23 15:00:00+00:00,84482.6,84735.4,83900.3,83961.2,18671.553,2674.9,2683.81,2653.16,2654.63,300154.769
2026-09-23 16:00:00+00:00,83961.1,84317.5,83450.1,84004.4,19438.676,2654.62,2666.66,2633.7,2659.79,326833.942
2026-09-23 17:00:00+00:00,84004.4,84346.5,83665.1,84280.0,9679.688,2659.78,2669.85,2646.53,2667.01,158344.979
2026-09-23 18:00:00+00:00,84280.0,84368.7,84087.3,84281.1,3572.867,2667.01,2671.32,2658.09,2667.83,79103.629
2026-09-23 19:00:00+00:00,84281.2,84524.0,84168.2,84466.9,4323.284,2667.83,2679.48,2663.07,2677.53,109012.999
2026-09-23 20:00:00+00:00,84466.9,84523.8,84178.7,84198.4,2464.316,2677.53,2678.75,2667.72,2669.99,60399.206
2026-09-23 21:00:00+00:00,84198.4,84477.8,84169.4,84372.9,1868.792,2669.99,2678.4,2667.12,2676.29,50003.243
2026-09-23 22:00:00+00:00,84372.9,84638.5,84301.5,84524.1,2802.885,2676.29,2697.83,2675.0,2688.87,129173.247
2026-09-23 23:00:00+00:00,84524.0,84533.3,84304.7,84355.1,2021.799,2688.87,2689.52,2679.76,2683.41,42369.439
2026-09-24 00:00:00+00:00,84355.2,84457.5,84146.6,84278.4,2835.802,2683.41,2691.91,2677.89,2681.28,68524.438
2026-09-24 01:00:00+00:00,84278.3,84441.5,84023.2,84070.7,3829.487,2681.28,2691.28,2673.14,2674.07,94078.955
2026-09-24 02:00:00+00:00,84070.8,84348.4,83708.0,84327.7,6614.633,2674.07,2687.13,2662.76,2684.74,129154.243
2026-09-24 03:00:00+00:00,84327.6,84451.7,83811.0,83902.3,3942.143,2684.75,2689.85,2670.05,2675.48,85551.217
2026-09-24 04:00:00+00:00,83902.4,84018.4,83742.0,84001.9,4680.684,2675.48,2682.57,2668.24,2680.62,79186.119
2026-09-24 05:00:00+00:00,84002.0,84375.0,83920.8,83937.8,4087.039,2680.61,2703.26,2680.3,2681.39,154307.842
2026-09-24 06:00:00+00:00,83937.8,84199.0,83871.5,84070.5,2711.866,2681.38,2689.48,2677.78,2684.77,57030.004
2026-09-24 07:00:00+00:00,84070.4,84561.8,83907.9,84468.0,6564.001,2684.76,2698.8,2678.24,2692.03,124454.086
2026-09-24 08:00:00+00:00,84468.0,84584.6,83122.0,83615.1,16271.256,2692.02,2694.69,2653.0,2668.36,246934.9
2026-09-24 09:00:00+00:00,83615.2,83697.0,82832.0,83231.7,15053.117,2668.36,2672.92,2626.01,2641.3,334044.92
2026-09-24 10:00:00+00:00,83231.6,83530.0,83102.7,83473.5,6763.41,2641.31,2649.08,2632.44,2647.25,151359.179
2026-09-24 11:00:00+00:00,83473.5,83577.7,83350.5,83451.1,3726.806,2647.24,2651.67,2641.85,2646.45,94092.254
2026-09-24 12:00:00+00:00,83451.1,83647.2,83301.0,83561.0,3904.459,2646.45,2653.55,2638.2,2647.6,86161.226
2026-09-24 13:00:00+00:00,83561.0,84302.9,83554.8,84216.9,12161.318,2647.6,2678.03,2647.6,2668.79,253276.725
2026-09-24 14:00:00+00:00,84217.0,84901.6,83327.8,83628.3,20931.497,2668.79,2698.53,2642.0,2656.24,464251.292
2026-09-24 15:00:00+00:00,83628.2,84429.0,83440.4,84374.4,9506.611,2656.24,2684.89,2651.06,2682.25,195493.71
2026-09-24 16:00:00+00:00,84374.4,84883.6,83991.2,84450.7,11439.633,2682.25,2705.98,2664.46,2686.18,365844.176
2026-09-24 17:00:00+00:00,84450.6,84520.0,83932.4,84074.4,4681.165,2686.18,2689.26,2664.75,2668.37,145990.107
2026-09-24 18:00:00+00:00,84074.5,84519.9,83833.4,84437.5,4828.884,2668.36,2693.75,2658.09,2688.94,143310.727
2026-09-24 19:00:00+00:00,84437.5,84622.3,84235.3,84367.9,4685.383,2688.95,2700.0,2681.28,2695.19,118443.999
2026-09-24 20:00:00+00:00,84367.9,84431.6,84125.2,84320.0,3155.082,2695.18,2695.95,2680.18,2686.77,96034.63
2026-09-24 21:00:00+00:00,84320.0,84453.4,84245.2,84304.0,1528.387,2686.78,2691.87,2684.0,2685.42,41809.891
2026-09-24 22:00:00+00:00,84304.0,84330.0,83903.1,84235.4,3463.552,2685.42,2687.41,2673.91,2684.14,51485.467
2026-09-24 23:00:00+00:00,84235.4,84433.3,84221.8,84370.0,1720.604,2684.14,2691.81,2683.65,2686.65,40013.914
2026-09-25 00:00:00+00:00,84370.1,84689.2,84370.0,84560.6,3663.447,2686.65,2696.21,2686.64,2689.44,49096.056
2026-09-25 01:00:00+00:00,84560.6,84763.7,84306.1,84576.6,3988.6,2689.44,2696.99,2681.12,2688.46,74163.788
2026-09-25 02:00:00+00:00,84576.5,84855.0,84139.8,84194.4,6136.926,2688.46,2699.64,2673.22,2675.69,120944.797
2026-09-25 03:00:00+00:00,84194.9,84355.6,84026.0,84201.1,3616.823,2675.69,2680.62,2671.53,2677.66,73361.656
2026-09-25 04:00:00+00:00,84201.0,84263.9,84018.3,84171.5,2359.948,2677.67,2684.73,2670.71,2679.0,55314.488
2026-09-25 05:00:00+00:00,84171.5,84310.6,84050.1,84152.0,1897.582,2679.0,2683.95,2674.0,2678.76,45970.826
2026-09-25 06:00:00+00:00,84152.0,84246.6,83885.7,83999.3,4781.721,2678.76,2682.03,2668.34,2673.14,71858.966
2026-09-25 07:00:00+00:00,83999.2,84059.9,83683.7,83994.7,8188.042,2673.14,2679.8,2666.0,2671.18,81008.448
2026-09-25 08:00:00+00:00,83994.7,84470.5,83973.5,84376.1,4606.043,2671.17,2696.33,2671.17,2689.55,126551.453
2026-09-25 09:00:00+00:00,84376.2,84822.2,84376.1,84533.2,6480.033,2689.54,2719.91,2689.48,2703.33,238153.474
2026-09-25 10:00:00+00:00,84533.2,84844.2,84350.0,84678.3,5149.948,2703.33,2718.66,2691.35,2713.0,164417.748
2026-09-25 11:00:00+00:00,84678.3,85224.0,84520.7,84533.4,11547.933,2712.99,2742.66,2711.83,2716.0,311174.426
2026-09-25 12:00:00+00:00,84533.4,84660.0,83824.2,84427.8,11538.9,2716.0,2722.78,2685.0,2716.34,319197.622
2026-09-25 13:00:00+00:00,84427.7,84528.5,83434.3,83887.9,13066.293,2716.33,2721.36,2678.49,2694.18,338976.37
2026-09-25 14:00:00+00:00,83887.8,83997.6,83130.1,83973.6,14431.579,2694.18,2697.1,2670.26,2694.46,295012.811
2026-09-25 15:00:00+00:00,83973.5,84059.4,83323.6,83767.0,8874.77,2694.46,2697.99,2667.3,2685.71,212665.92
2026-09-25 16:00:00+00:00,83767.0,84090.2,83684.1,83715.9,6968.015,2685.71,2698.0,2680.33,2682.5,176266.571
2026-09-25 17:00:00+00:00,83715.8,83954.9,83585.1,83750.1,2968.723,2682.49,2692.6,2676.39,2684.55,91162.112
2026-09-25 18:00:00+00:00,83750.2,84056.0,83750.2,83931.7,2521.571,2684.55,2698.55,2684.55,2692.37,87137.884
2026-09-25 19:00:00+00:00,83931.7,84040.8,83892.3,83971.4,2057.286,2692.37,2695.48,2689.14,2691.99,50649.103
2026-09-25 20:00:00+00:00,83971.4,84154.9,83792.6,83839.7,3478.763,2691.99,2695.37,2682.47,2683.33,47073.68
2026-09-25 21:00:00+00:00,83839.7,83882.9,83587.0,83747.3,2480.423,2683.33,2684.52,2675.45,2680.11,54166.179
2026-09-25 22:00:00+00:00,83747.3,84097.6,83726.8,84032.8,2038.0,2680.11,2693.48,2678.81,2690.87,39458.3
2026-09-25 23:00:00+00:00,84032.9,84071.5,83968.6,84056.0,1185.465,2690.88,2693.6,2689.49,2690.56,19818.421
2026-09-26 00:00:00+00:00,84056.0,84106.8,83750.0,83869.0,2565.224,2690.56,2693.69,2679.71,2685.95,53536.829
2026-09-26 01:00:00+00:00,83869.0,84050.0,83863.8,84041.4,1545.724,2685.95,2695.17,2685.65,2691.65,42722.905
2026-09-26 02:00:00+00:00,84041.4,84105.6,83949.8,83981.3,1491.858,2691.66,2694.69,2687.75,2689.98,35442.704
2026-09-26 03:00:00+00:00,83981.3,84024.7,83876.4,83908.6,988.513,2689.98,2690.31,2684.67,2686.87,25743.822
2026-09-26 04:00:00+00:00,83908.6,84011.0,83794.2,83947.6,1488.421,2686.87,2690.38,2683.5,2688.33,26403.118
2026-09-26 05:00:00+00:00,83947.6,83978.5,83855.0,83894.5,1059.052,2688.34,2689.23,2684.1,2685.11,26110.332
2026-09-26 06:00:00+00:00,83894.4,83936.3,83836.6,83861.3,839.206,2685.1,2686.36,2681.98,2684.36,36653.624
2026-09-26 07:00:00+00:00,83861.3,84097.9,83861.3,84075.1,1731.874,2684.36,2690.25,2684.36,2689.71,30820.294
2026-09-26 08:00:00+00:00,84075.0,84296.6,83987.7,84167.3,2735.896,2689.72,2696.77,2685.78,2689.72,54393.023
2026-09-26 09:00:00+00:00,84167.4,84172.5,83920.0,83977.9,1964.581,2689.72,2689.84,2678.0,2681.36,78114.104
2026-09-26 10:00:00+00:00,83978.0,84148.4,83978.0,84135.3,1228.432,2681.37,2689.03,2681.2,2686.14,40298.357
2026-09-26 11:00:00+00:00,84135.3,84161.9,84089.9,84134.4,670.539,2686.14,2689.66,2684.16,2688.1,23823.245
2026-09-26 12:00:00+00:00,84134.3,84158.0,84003.2,84009.3,1044.79,2688.1,2691.72,2685.07,2687.77,30472.74
2026-09-26 13:00:00+00:00,84009.3,84087.5,83785.4,83907.3,2545.646,2687.78,2690.49,2680.84,2685.52,49318.444
2026-09-26 14:00:00+00:00,83907.3,84010.0,83875.0,83979.4,994.006,2685.52,2688.43,2684.18,2687.52,21073.965
2026-09-26 15:00:00+00:00,83979.3,84157.5,83958.0,84112.5,1521.46,2687.53,2695.0,2687.36,2691.99,58197.49
2026-09-26 16:00:00+00:00,84112.6,84130.1,84047.2,84070.0,925.762,2691.99,2693.0,2687.92,2690.36,25515.79
2026-09-26 17:00:00+00:00,84070.0,84097.5,83984.9,84097.0,991.846,2690.36,2690.93,2685.3,2689.43,25573.096
2026-09-26 18:00:00+00:00,84096.9,84126.0,83940.0,83970.9,946.227,2689.42,2689.98,2682.3,2683.84,27393.039
2026-09-26 19:00:00+00:00,83970.9,84020.5,83927.5,83985.3,641.136,2683.83,2685.26,2680.88,2683.22,20261.418
2026-09-26 20:00:00+00:00,83985.3,84055.9,83778.4,83995.5,1787.465,2683.22,2684.24,2662.01,2675.51,155946.888
2026-09-26 21:00:00+00:00,83995.5,84229.3,83995.0,84118.6,1607.595,2675.5,2695.0,2674.59,2685.0,92706.861
2026-09-26 22:00:00+00:00,84118.6,84386.6,84118.6,84249.4,2167.847,2684.99,2692.0,2683.29,2687.81,29108.752
2026-09-26 23:00:00+00:00,84249.4,84458.6,84249.4,84403.3,2856.011,2687.81,2695.81,2687.81,2694.97,64411.611
2026-09-27 00:00:00+00:00,84403.2,84411.2,84214.5,84266.8,1385.548,2694.97,2695.54,2688.81,2692.45,33353.028
2026-09-27 01:00:00+00:00,84266.7,84559.6,84242.7,84455.3,1753.752,2692.45,2706.7,2690.08,2700.46,73030.426
2026-09-27 02:00:00+00:00,84455.3,84506.0,84402.4,84414.6,1056.1,2700.45,2705.27,2695.87,2697.0,39036.705
2026-09-27 03:00:00+00:00,84414.6,84483.5,84315.0,84356.2,1045.87,2696.99,2699.85,2694.44,2695.55,24859.606
2026-09-27 04:00:00+00:00,84356.2,84470.8,84259.2,84295.0,1274.472,2695.56,2699.2,2690.09,2691.13,40051.689
2026-09-27 05:00:00+00:00,84295.0,84640.0,84279.8,84437.1,1941.855,2691.14,2712.86,2690.69,2703.82,81322.672
2026-09-27 06:00:00+00:00,84437.1,84593.6,84437.0,84477.1,1431.263,2703.82,2710.81,2703.66,2706.04,42102.921
2026-09-27 07:00:00+00:00,84477.1,84760.5,84441.6,84751.2,3074.658,2706.04,2717.63,2704.21,2717.14,67442.932
2026-09-27 08:00:00+00:00,84751.3,84855.0,84654.7,84753.4,3760.661,2717.15,2722.32,2712.64,2713.21,86924.003
2026-09-27 09:00:00+00:00,84753.4,84922.9,84550.0,84910.4,3022.019,2713.21,2715.92,2705.06,2715.13,75879.447
2026-09-27 10:00:00+00:00,84910.3,85095.0,84750.1,84839.0,4294.78,2715.13,2718.14,2707.36,2709.17,62457.034
2026-09-27 11:00:00+00:00,84839.0,84908.6,84777.0,84857.5,2125.336,2709.17,2710.78,2706.15,2708.84,35523.417
2026-09-27 12:00:00+00:00,84857.4,84995.0,84751.0,84754.4,1615.965,2708.84,2716.38,2706.26,2706.26,36327.29
2026-09-27 13:00:00+00:00,84754.4,85146.4,84588.0,84991.8,6242.264,2706.27,2714.65,2696.76,2708.5,121837.562
2026-09-27 14:00:00+00:00,84991.8,85015.7,84390.6,84488.0,5749.79,2708.5,2709.0,2681.03,2686.71,156304.678
2026-09-27 15:00:00+00:00,84488.1,84608.2,84266.0,84426.9,5350.266,2686.7,2692.64,2680.47,2688.83,84589.621
2026-09-27 16:00:00+00:00,84426.9,84647.1,84318.5,84395.0,2952.433,2688.84,2695.5,2683.37,2685.5,52450.713
2026-09-27 17:00:00+00:00,84394.9,84534.9,84288.5,84534.9,1946.493,2685.5,2690.78,2684.54,2690.0,35344.31
2026-09-27 18:00:00+00:00,84534.8,84793.1,84515.0,84778.3,2402.354,2690.0,2698.77,2688.66,2697.11,49693.238
2026-09-27 19:00:00+00:00,84778.3,84810.8,84615.0,84696.9,2206.879,2697.11,2697.97,2688.88,2690.43,29241.021
2026-09-27 20:00:00+00:00,84696.8,84779.9,84494.7,84507.9,1644.154,2690.44,2695.2,2683.88,2684.84,36669.964
2026-09-27 21:00:00+00:00,84507.8,84686.8,84408.1,84640.7,1975.57,2684.85,2692.29,2672.0,2682.99,67913.719
2026-09-27 22:00:00+00:00,84640.7,84725.6,84092.9,84155.9,4558.603,2683.0,2685.15,2668.06,2674.24,134348.722
2026-09-27 23:00:00+00:00,84155.9,84499.9,84074.3,84432.9,3778.537,2674.23,2689.91,2672.0,2687.36,63863.091
2026-09-28 00:00:00+00:00,84433.0,84966.8,84088.0,84091.6,9103.453,2687.36,2702.98,2670.23,2672.29,191014.752
2026-09-28 01:00:00+00:00,84091.6,84195.7,83567.2,83650.1,9009.704,2672.29,2678.2,2646.41,2655.8,259362.907
2026-09-28 02:00:00+00:00,83650.0,83745.3,83333.8,83381.5,6899.508,2655.8,2661.57,2646.88,2651.7,121449.858
2026-09-28 03:00:00+00:00,83381.5,83497.1,83166.6,83302.6,7094.368,2651.71,2656.6,2638.0,2650.73,119819.295
2026-09-28 04:00:00+00:00,83302.5,83498.6,83191.6,83446.0,3138.137,2650.73,2659.32,2645.31,2657.21,55781.16
2026-09-28 05:00:00+00:00,83446.0,83494.7,82617.8,83140.1,12755.506,2657.21,2659.5,2634.0,2650.1,178239.413
2026-09-28 06:00:00+00:00,83140.1,83255.0,83002.9,83124.9,4427.742,2650.1,2655.62,2644.65,2648.34,71934.767
2026-09-28 07:00:00+00:00,83124.9,83250.0,82870.0,82914.4,4814.805,2648.35,2655.0,2641.0,2642.57,92845.137
2026-09-28 08:00:00+00:00,82914.4,83120.0,82725.5,82931.1,5846.084,2642.56,2651.23,2638.24,2649.49,97966.844
2026-09-28 09:00:00+00:00,82931.0,82979.4,82551.6,82640.0,7128.835,2649.49,2653.36,2635.01,2639.99,143531.479
2026-09-28 10:00:00+00:00,82640.0,83024.6,82640.0,82928.5,4845.694,2639.99,2658.27,2639.99,2655.17,93197.703
2026-09-28 11:00:00+00:00,82928.6,83081.6,82928.6,83054.5,3491.955,2655.17,2668.47,2655.16,2667.87,120349.714
2026-09-28 12:00:00+00:00,83054.5,83609.4,82979.9,83546.5,10260.889,2667.87,2693.23,2663.52,2689.99,291528.807
2026-09-28 13:00:00+00:00,83546.4,83794.9,83270.0,83609.1,8453.471,2689.98,2697.89,2678.96,2689.61,232067.103
2026-09-28 14:00:00+00:00,83609.1,83609.1,82500.1,82990.5,13490.035,2689.61,2689.61,2648.27,2666.18,355907.889
2026-09-28 15:00:00+00:00,82990.6,83369.4,82755.1,83328.4,7858.713,2666.18,2679.68,2652.4,2676.54,220162.276
2026-09-28 16:00:00+00:00,83328.4,84163.3,83205.3,83686.4,13757.607,2676.53,2697.73,2669.62,2686.19,260683.841
2026-09-28 17:00:00+00:00,83686.4,84350.0,83516.8,83832.7,8257.769,2686.2,2720.0,2680.58,2694.56,307686.618
2026-09-28 18:00:00+00:00,83832.8,84009.4,83755.0,84000.1,2348.103,2694.56,2699.1,2686.53,2698.51,70036.864
2026-09-28 19:00:00+00:00,84000.1,84009.4,83066.0,83343.9,5964.979,2698.51,2699.23,2663.27,2672.04,135233.939
2026-09-28 20:00:00+00:00,83344.0,83580.7,83221.3,83500.2,2121.842,2672.05,2685.54,2669.6,2681.95,59037.322
2026-09-28 21:00:00+00:00,83500.1,83625.0,83175.0,83176.0,2312.783,2681.96,2688.62,2672.83,2672.98,47394.553
2026-09-28 22:00:00+00:00,83176.1,83514.3,83057.0,83514.3,2171.933,2672.99,2686.53,2666.58,2686.51,63840.373
2026-09-28 23:00:00+00:00,83514.2,83602.8,83407.9,83461.0,1885.256,2686.51,2693.86,2684.44,2687.55,50068.441
2026-09-29 00:00:00+00:00,83461.1,83588.9,83137.0,83137.0,2986.888,2687.56,2694.64,2675.56,2675.56,62834.567
2026-09-29 01:00:00+00:00,83137.0,83202.9,82724.3,83021.6,6603.318,2675.56,2680.14,2655.0,2664.18,187240.011
2026-09-29 02:00:00+00:00,83021.6,83121.7,82850.9,82935.7,2712.607,2664.19,2666.94,2650.5,2656.41,93558.651
2026-09-29 03:00:00+00:00,82935.8,83184.8,82830.9,83034.1,3004.833,2656.4,2668.51,2654.21,2664.11,84015.586
2026-09-29 04:00:00+00:00,83034.1,83276.1,82983.5,83165.7,1774.225,2664.11,2672.62,2660.48,2666.93,46261.72
2026-09-29 05:00:00+00:00,83165.8,83398.7,82926.2,83398.7,2980.663,2666.92,2676.93,2654.34,2675.4,99630.937
2026-09-29 06:00:00+00:00,83398.7,83978.7,83375.0,83964.9,7395.853,2675.39,2708.32,2675.01,2705.69,292687.867
2026-09-29 07:00:00+00:00,83965.0,84164.0,83833.5,83947.0,5715.722,2705.69,2718.93,2699.15,2711.49,225104.811
2026-09-29 08:00:00+00:00,83947.0,84333.0,83760.5,83842.9,6090.998,2711.49,2734.58,2705.05,2707.58,233713.988
2026-09-29 09:00:00+00:00,83842.9,84288.0,83728.0,84214.3,5435.252,2707.58,2721.67,2701.66,2716.82,131391.014
2026-09-29 10:00:00+00:00,84214.2,84299.9,83941.1,83986.4,3714.348,2716.82,2719.5,2708.45,2713.74,72824.942
2026-09-29 11:00:00+00:00,83986.4,84465.3,83891.1,84310.8,5256.615,2713.74,2738.0,2713.74,2731.13,190747.971
2026-09-29 12:00:00+00:00,84310.9,84450.0,84090.0,84280.5,4946.234,2731.13,2749.17,2727.97,2735.82,213807.569
2026-09-29 13:00:00+00:00,84280.6,84554.9,83971.0,84157.5,7548.319,2735.82,2739.5,2719.52,2725.66,192722.428
2026-09-29 14:00:00+00:00,84157.5,84249.7,83639.4,83709.7,7710.783,2725.66,2731.06,2705.86,2709.72,200867.766
2026-09-29 15:00:00+00:00,83709.7,83721.7,82880.6,83039.2,19700.217,2709.72,2710.66,2666.83,2672.82,500302.643
2026-09-29 16:00:00+00:00,83039.3,83261.7,82851.5,83023.1,7460.986,2672.83,2683.21,2666.0,2674.36,165358.089
2026-09-29 17:00:00+00:00,83023.1,83179.1,82933.9,83042.7,3874.318,2674.36,2679.31,2668.14,2672.4,90614.697
2026-09-29 18:00:00+00:00,83042.7,83673.0,83042.7,83614.1,5771.751,2672.4,2696.9,2672.4,2694.52,142101.917
2026-09-29 19:00:00+00:00,83614.0,83674.0,83371.9,83562.4,3951.725,2694.51,2698.88,2684.81,2688.69,96374.771
2026-09-29 20:00:00+00:00,83562.5,83625.0,83470.2,83580.2,1106.665,2688.69,2693.21,2685.27,2688.18,30356.855
2026-09-29 21:00:00+00:00,83580.2,83580.3,83337.5,83470.3,2458.924,2688.18,2689.08,2675.37,2678.28,67941.282
2026-09-29 22:00:00+00:00,83470.2,83698.0,83470.2,83574.9,2128.59,2678.27,2685.25,2672.24,2680.66,60644.191
2026-09-29 23:00:00+00:00,83575.0,83824.7,83570.3,83624.5,2715.252,2680.66,2687.4,2674.43,2676.94,56200.802
2026-09-30 00:00:00+00:00,83624.5,83696.6,83306.4,83415.9,2473.383,2676.94,2678.79,2666.67,2671.43,88892.492
2026-09-30 01:00:00+00:00,83415.9,83520.0,83299.8,83413.8,1758.963,2671.43,2675.82,2667.2,2671.1,56507.989
2026-09-30 02:00:00+00:00,83414.1,83588.0,83241.2,83348.8,2723.132,2671.09,2677.3,2665.0,2673.39,114046.267
2026-09-30 03:00:00+00:00,83348.8,83393.3,83122.1,83270.0,2340.874,2673.39,2675.47,2666.7,2670.36,41872.173
2026-09-30 04:00:00+00:00,83269.9,83387.9,83159.1,83170.0,1592.603,2670.35,2675.83,2668.59,2668.68,32313.353
2026-09-30 05:00:00+00:00,83170.0,83487.4,83141.6,83347.4,2389.87,2668.68,2679.56,2666.58,2674.03,88610.776
2026-09-30 06:00:00+00:00,83347.3,83395.2,82910.7,83004.0,4465.036,2674.03,2675.69,2656.23,2660.77,127767.279
2026-09-30 07:00:00+00:00,83004.0,83430.0,82901.3,83258.8,4971.506,2660.76,2676.83,2659.08,2673.53,82696.852
2026-09-30 08:00:00+00:00,83258.7,83302.6,82980.0,83022.3,4448.956,2673.54,2673.54,2663.32,2670.15,57259.228
2026-09-30 09:00:00+00:00,83022.3,83779.7,83009.3,83595.8,7168.342,2670.15,2699.99,2669.27,2687.43,198336.097
2026-09-30 10:00:00+00:00,83595.8,83928.8,83595.7,83875.4,6165.647,2687.43,2696.64,2686.65,2694.27,77522.43
2026-09-30 11:00:00+00:00,83875.3,83956.9,83656.4,83883.0,6024.605,2694.26,2699.0,2683.6,2696.42,86096.171
2026-09-30 12:00:00+00:00,83883.0,85491.0,83730.0,85259.8,31506.489,2696.42,2738.0,2690.84,2730.01,505224.128
2026-09-30 13:00:00+00:00,85259.8,85632.7,83963.8,84605.2,34302.067,2730.01,2737.0,2688.0,2708.94,504432.04
2026-09-30 14:00:00+00:00,84605.2,84613.2,83325.1,83762.5,24687.381,2708.94,2712.73,2666.12,2676.61,444444.105
2026-09-30 15:00:00+00:00,83762.4,84266.9,83643.4,84104.9,10946.028,2676.62,2688.33,2670.06,2682.31,194591.338
2026-09-30 16:00:00+00:00,84104.8,84462.6,84093.5,84318.3,5905.389,2682.3,2695.0,2680.53,2694.74,98388.616
2026-09-30 17:00:00+00:00,84318.3,84400.0,83901.2,84000.0,4759.408,2694.74,2697.31,2675.16,2681.61,105758.962
2026-09-30 18:00:00+00:00,84000.1,84059.0,83756.0,83914.1,3115.306,2681.62,2683.65,2672.04,2678.01,82357.773
2026-09-30 19:00:00+00:00,83914.0,83934.7,83453.5,83568.6,6160.541,2678.0,2679.71,2666.66,2668.5,97917.132
2026-09-30 20:00:00+00:00,83568.7,83744.5,83491.3,83636.4,2646.807,2668.5,2681.37,2667.31,2681.29,55331.949
2026-09-30 21:00:00+00:00,83636.4,83786.5,83636.4,83720.0,1283.569,2681.29,2684.78,2680.62,2682.97,27861.035
2026-09-30 22:00:00+00:00,83720.0,83813.8,83536.5,83648.0,1649.349,2682.97,2691.32,2677.14,2685.68,48936.618
2026-09-30 23:00:00+00:00,83647.9,83807.9,83479.5,83576.9,3363.504,2685.68,2693.55,2682.83,2684.68,52789.328
