time,0
2025-11-04 00:00:00+00:00,5000.0
2025-11-04 01:00:00+00:00,5002.009113214422
2025-11-04 02:00:00+00:00,5002.32101460791
2025-11-04 03:00:00+00:00,4998.166499312962
2025-11-04 04:00:00+00:00,4995.6446515152265
2025-11-04 05:00:00+00:00,4962.953795506597
2025-11-04 06:00:00+00:00,4964.547264576696
2025-11-04 07:00:00+00:00,4958.13079173764
2025-11-04 08:00:00+00:00,4969.43640969715
2025-11-04 09:00:00+00:00,4971.353711631044
2025-11-04 10:00:00+00:00,4967.627395010617
2025-11-04 11:00:00+00:00,4980.256130647183
2025-11-04 12:00:00+00:00,4982.304672895775
2025-11-04 13:00:00+00:00,4980.305136952708
2025-11-04 14:00:00+00:00,5000.307829487547
2025-11-04 15:00:00+00:00,4997.451745870583
2025-11-04 16:00:00+00:00,4965.585318107784
2025-11-04 17:00:00+00:00,4953.450576459083
2025-11-04 18:00:00+00:00,4899.233610812647
2025-11-04 19:00:00+00:00,4896.429444273756
2025-11-04 20:00:00+00:00,4896.429444273756
2025-11-04 21:00:00+00:00,4896.429444273756
2025-11-04 22:00:00+00:00,4896.429444273756
2025-11-04 23:00:00+00:00,4896.429444273756
2025-11-05 00:00:00+00:00,4896.429444273756
2025-11-05 01:00:00+00:00,4896.429444273756
2025-11-05 02:00:00+00:00,4896.429444273756
2025-11-05 03:00:00+00:00,4896.429444273756
2025-11-05 04:00:00+00:00,4896.429444273756
2025-11-05 05:00:00+00:00,4896.429444273756
2025-11-05 06:00:00+00:00,4896.429444273756
2025-11-05 07:00:00+00:00,4891.700512494193
2025-11-05 08:00:00+00:00,4877.043177884079
2025-11-05 09:00:00+00:00,4874.129620635212
2025-11-05 10:00:00+00:00,4874.129620635212
2025-11-05 11:00:00+00:00,4874.129620635212
2025-11-05 12:00:00+00:00,4873.353706776382
2025-11-05 13:00:00+00:00,4877.238343382026
2025-11-05 14:00:00+00:00,4863.127602747865
2025-11-05 15:00:00+00:00,4887.093477651402
2025-11-05 16:00:00+00:00,4911.095099774922
2025-11-05 17:00:00+00:00,4910.242933242416
2025-11-05 18:00:00+00:00,4919.089582154578
2025-11-05 19:00:00+00:00,4922.200315642078
2025-11-05 20:00:00+00:00,4923.281627349729
2025-11-05 21:00:00+00:00,4920.583667946703
2025-11-05 22:00:00+00:00,4906.564290570342
2025-11-05 23:00:00+00:00,4902.6937207315195
2025-11-06 00:00:00+00:00,4895.010082564595
2025-11-06 01:00:00+00:00,4901.357669371018
2025-11-06 02:00:00+00:00,4914.163859279702
2025-11-06 03:00:00+00:00,4914.4647002595575
2025-11-06 04:00:00+00:00,4919.506599759734
2025-11-06 05:00:00+00:00,4893.753532241253
2025-11-06 06:00:00+00:00,4887.268106555013
2025-11-06 07:00:00+00:00,4886.970957576258
2025-11-06 08:00:00+00:00,4889.887464552442
2025-11-06 09:00:00+00:00,4897.772542856184
2025-11-06 10:00:00+00:00,4897.980047665535
2025-11-06 11:00:00+00:00,4899.826123607671
2025-11-06 12:00:00+00:00,4879.292714134438
2025-11-06 13:00:00+00:00,4891.720808400393
2025-11-06 14:00:00+00:00,4874.825282839878
2025-11-06 15:00:00+00:00,4856.717125834171
2025-11-06 16:00:00+00:00,4866.328869498383
2025-11-06 17:00:00+00:00,4882.733196282684
2025-11-06 18:00:00+00:00,4884.194517540447
2025-11-06 19:00:00+00:00,4890.142855119673
2025-11-06 20:00:00+00:00,4887.282714094865
2025-11-06 21:00:00+00:00,4896.495778156592
2025-11-06 22:00:00+00:00,4884.498726643109
2025-11-06 23:00:00+00:00,4882.911854459318
2025-11-07 00:00:00+00:00,4887.273784143133
2025-11-07 01:00:00+00:00,4885.465234234011
2025-11-07 02:00:00+00:00,4893.045593743618
2025-11-07 03:00:00+00:00,4891.5777437335455
2025-11-07 04:00:00+00:00,4883.908903329045
2025-11-07 05:00:00+00:00,4894.7080082562425
2025-11-07 06:00:00+00:00,4895.540804311615
2025-11-07 07:00:00+00:00,4892.603678437368
2025-11-07 08:00:00+00:00,4892.603678437368
2025-11-07 09:00:00+00:00,4892.603678437368
2025-11-07 10:00:00+00:00,4892.603678437368
2025-11-07 11:00:00+00:00,4892.603678437368
2025-11-07 12:00:00+00:00,4880.459850427809
2025-11-07 13:00:00+00:00,4877.15043127767
2025-11-07 14:00:00+00:00,4901.379323858214
2025-11-07 15:00:00+00:00,4908.253773203993
2025-11-07 16:00:00+00:00,4907.836753576872
2025-11-07 17:00:00+00:00,4935.680864429968
2025-11-07 18:00:00+00:00,4932.664690234236
2025-11-07 19:00:00+00:00,4936.599386090975
2025-11-07 20:00:00+00:00,4930.192540845861
2025-11-07 21:00:00+00:00,4930.44792753923
2025-11-07 22:00:00+00:00,4940.431617992033
2025-11-07 23:00:00+00:00,4940.980548158305
2025-11-08 00:00:00+00:00,4933.736218055601
2025-11-08 01:00:00+00:00,4931.238125115082
2025-11-08 02:00:00+00:00,4925.1749773052525
2025-11-08 03:00:00+00:00,4909.654003333021
2025-11-08 04:00:00+00:00,4905.336163839064
2025-11-08 05:00:00+00:00,4919.021816141799
2025-11-08 06:00:00+00:00,4906.9605431020045
2025-11-08 07:00:00+00:00,4908.19791672851
2025-11-08 08:00:00+00:00,4905.395856002694
2025-11-08 09:00:00+00:00,4915.269550554035
2025-11-08 10:00:00+00:00,4912.685334903518
2025-11-08 11:00:00+00:00,4921.356137832194
2025-11-08 12:00:00+00:00,4929.013279771266
2025-11-08 13:00:00+00:00,4931.992748805868
2025-11-08 14:00:00+00:00,4930.229667700606
2025-11-08 15:00:00+00:00,4944.104075447466
2025-11-08 16:00:00+00:00,4953.618141901932
2025-11-08 17:00:00+00:00,4934.677685452136
2025-11-08 18:00:00+00:00,4935.392136289896
2025-11-08 19:00:00+00:00,4941.676865450711
2025-11-08 20:00:00+00:00,4937.729837797569
2025-11-08 21:00:00+00:00,4936.713915485864
2025-11-08 22:00:00+00:00,4936.788125770373
2025-11-08 23:00:00+00:00,4940.7607009203975
2025-11-09 00:00:00+00:00,4940.3170509443735
2025-11-09 01:00:00+00:00,4934.792788865705
2025-11-09 02:00:00+00:00,4948.548074962895
2025-11-09 03:00:00+00:00,4943.398247024202
2025-11-09 04:00:00+00:00,4945.875406287646
2025-11-09 05:00:00+00:00,4928.637630750077
2025-11-09 06:00:00+00:00,4924.579880957634
2025-11-09 07:00:00+00:00,4916.727499938489
2025-11-09 08:00:00+00:00,4918.311206989229
2025-11-09 09:00:00+00:00,4925.0267739734845
2025-11-09 10:00:00+00:00,4929.993985274267
2025-11-09 11:00:00+00:00,4919.664846433986
2025-11-09 12:00:00+00:00,4905.989508898096
2025-11-09 13:00:00+00:00,4914.6019713218075
2025-11-09 14:00:00+00:00,4882.6286559541095
2025-11-09 15:00:00+00:00,4893.806620207567
2025-11-09 16:00:00+00:00,4887.085092955275
2025-11-09 17:00:00+00:00,4890.901983198693
2025-11-09 18:00:00+00:00,4893.392414038925
2025-11-09 19:00:00+00:00,4872.598341749604
2025-11-09 20:00:00+00:00,4868.742337474099
2025-11-09 21:00:00+00:00,4864.829803453481
2025-11-09 22:00:00+00:00,4864.694545990088
2025-11-09 23:00:00+00:00,4867.9948635264245
2025-11-10 00:00:00+00:00,4868.367418370357
2025-11-10 01:00:00+00:00,4858.532687457701
2025-11-10 02:00:00+00:00,4866.013282410941
2025-11-10 03:00:00+00:00,4867.233824735883
2025-11-10 04:00:00+00:00,4877.787025635281
2025-11-10 05:00:00+00:00,4882.805745913696
2025-11-10 06:00:00+00:00,4887.698324835517
2025-11-10 07:00:00+00:00,4891.151946018024
2025-11-10 08:00:00+00:00,4889.68480326205
2025-11-10 09:00:00+00:00,4879.381897765083
2025-11-10 10:00:00+00:00,4881.560005057649
2025-11-10 11:00:00+00:00,4883.383380490001
2025-11-10 12:00:00+00:00,4890.974826087899
2025-11-10 13:00:00+00:00,4888.741269759202
2025-11-10 14:00:00+00:00,4901.973811444315
2025-11-10 15:00:00+00:00,4922.131346262368
2025-11-10 16:00:00+00:00,4919.095700431086
2025-11-10 17:00:00+00:00,4919.095700431086
2025-11-10 18:00:00+00:00,4919.095700431086
2025-11-10 19:00:00+00:00,4919.095700431086
2025-11-10 20:00:00+00:00,4919.095700431086
2025-11-10 21:00:00+00:00,4919.095700431086
2025-11-10 22:00:00+00:00,4919.095700431086
2025-11-10 23:00:00+00:00,4919.095700431086
2025-11-11 00:00:00+00:00,4919.095700431086
2025-11-11 01:00:00+00:00,4919.095700431086
2025-11-11 02:00:00+00:00,4919.095700431086
2025-11-11 03:00:00+00:00,4919.095700431086
2025-11-11 04:00:00+00:00,4919.095700431086
2025-11-11 05:00:00+00:00,4919.095700431086
2025-11-11 06:00:00+00:00,4919.095700431086
2025-11-11 07:00:00+00:00,4919.095700431086
2025-11-11 08:00:00+00:00,4919.095700431086
2025-11-11 09:00:00+00:00,4919.095700431086
2025-11-11 10:00:00+00:00,4919.095700431086
2025-11-11 11:00:00+00:00,4919.095700431086
2025-11-11 12:00:00+00:00,4919.095700431086
2025-11-11 13:00:00+00:00,4919.095700431086
2025-11-11 14:00:00+00:00,4919.095700431086
2025-11-11 15:00:00+00:00,4919.095700431086
2025-11-11 16:00:00+00:00,4919.095700431086
2025-11-11 17:00:00+00:00,4919.095700431086
2025-11-11 18:00:00+00:00,4919.095700431086
2025-11-11 19:00:00+00:00,4919.095700431086
2025-11-11 20:00:00+00:00,4919.095700431086
2025-11-11 21:00:00+00:00,4919.095700431086
2025-11-11 22:00:00+00:00,4916.784417534561
2025-11-11 23:00:00+00:00,4906.469004985891
2025-11-12 00:00:00+00:00,4910.712407765265
2025-11-12 01:00:00+00:00,4923.050188282374
2025-11-12 02:00:00+00:00,4911.15366022551
2025-11-12 03:00:00+00:00,4915.465891629824
2025-11-12 04:00:00+00:00,4920.772683900315
2025-11-12 05:00:00+00:00,4920.637443467635
2025-11-12 06:00:00+00:00,4913.9189794960885
2025-11-12 07:00:00+00:00,4912.352748438356
2025-11-12 08:00:00+00:00,4916.690173031863
2025-11-12 09:00:00+00:00,4918.57677735406
2025-11-12 10:00:00+00:00,4946.026893893996
2025-11-12 11:00:00+00:00,4954.130090797731
2025-11-12 12:00:00+00:00,4951.080134738894
2025-11-12 13:00:00+00:00,4951.080134738894
2025-11-12 14:00:00+00:00,4951.080134738894
2025-11-12 15:00:00+00:00,4951.080134738894
2025-11-12 16:00:00+00:00,4951.080134738894
2025-11-12 17:00:00+00:00,4951.080134738894
2025-11-12 18:00:00+00:00,4951.080134738894
2025-11-12 19:00:00+00:00,4951.080134738894
2025-11-12 20:00:00+00:00,4951.080134738894
2025-11-12 21:00:00+00:00,4951.080134738894
2025-11-12 22:00:00+00:00,4951.080134738894
2025-11-12 23:00:00+00:00,4951.080134738894
2025-11-13 00:00:00+00:00,4951.080134738894
2025-11-13 01:00:00+00:00,4951.080134738894
2025-11-13 02:00:00+00:00,4951.080134738894
2025-11-13 03:00:00+00:00,4951.080134738894
2025-11-13 04:00:00+00:00,4951.080134738894
2025-11-13 05:00:00+00:00,4939.973534295692
2025-11-13 06:00:00+00:00,4942.528965600132
2025-11-13 07:00:00+00:00,4941.318224073366
2025-11-13 08:00:00+00:00,4956.440187925479
2025-11-13 09:00:00+00:00,4962.770869561133
2025-11-13 10:00:00+00:00,4953.165391158653
2025-11-13 11:00:00+00:00,4954.874813543355
2025-11-13 12:00:00+00:00,4959.96029383575
2025-11-13 13:00:00+00:00,4985.055138925733
2025-11-13 14:00:00+00:00,4982.093285038393
2025-11-13 15:00:00+00:00,4982.093285038393
2025-11-13 16:00:00+00:00,4982.093285038393
2025-11-13 17:00:00+00:00,4949.180357531771
2025-11-13 18:00:00+00:00,4944.078231761854
2025-11-13 19:00:00+00:00,4929.356917750454
2025-11-13 20:00:00+00:00,4922.668754239849
2025-11-13 21:00:00+00:00,4912.612263394883
2025-11-13 22:00:00+00:00,4909.71440195749
2025-11-13 23:00:00+00:00,4912.65838028546
2025-11-14 00:00:00+00:00,4906.6842357865835
2025-11-14 01:00:00+00:00,4904.806095499282
2025-11-14 02:00:00+00:00,4919.310087194509
2025-11-14 03:00:00+00:00,4923.455784806777
2025-11-14 04:00:00+00:00,4906.332794275717
2025-11-14 05:00:00+00:00,4936.092656402907
2025-11-14 06:00:00+00:00,4957.980387454538
2025-11-14 07:00:00+00:00,4963.081089579884
2025-11-14 08:00:00+00:00,4949.6620791776995
2025-11-14 09:00:00+00:00,4925.291216474241
2025-11-14 10:00:00+00:00,4943.077251541532
2025-11-14 11:00:00+00:00,4932.905225824345
2025-11-14 12:00:00+00:00,4939.669675221463
2025-11-14 13:00:00+00:00,4938.715639864443
2025-11-14 14:00:00+00:00,4965.744879502017
2025-11-14 15:00:00+00:00,4957.863835505055
2025-11-14 16:00:00+00:00,4978.459016379164
2025-11-14 17:00:00+00:00,4975.551760790974
2025-11-14 18:00:00+00:00,4975.551760790974
2025-11-14 19:00:00+00:00,4975.551760790974
2025-11-14 20:00:00+00:00,4975.551760790974
2025-11-14 21:00:00+00:00,4975.551760790974
2025-11-14 22:00:00+00:00,4975.551760790974
2025-11-14 23:00:00+00:00,4975.551760790974
2025-11-15 00:00:00+00:00,4980.302841423851
2025-11-15 01:00:00+00:00,4993.060899547365
2025-11-15 02:00:00+00:00,4987.172585844182
2025-11-15 03:00:00+00:00,4977.374094027013
2025-11-15 04:00:00+00:00,4979.818853434616
2025-11-15 05:00:00+00:00,4979.28570519519
2025-11-15 06:00:00+00:00,4982.017963057752
2025-11-15 07:00:00+00:00,4977.662832758141
2025-11-15 08:00:00+00:00,4961.703758374831
2025-11-15 09:00:00+00:00,4972.590876420402
2025-11-15 10:00:00+00:00,4981.540303668014
2025-11-15 11:00:00+00:00,4975.296429571652
2025-11-15 12:00:00+00:00,4980.173872645286
2025-11-15 13:00:00+00:00,4989.749457173504
2025-11-15 14:00:00+00:00,4981.055348700285
2025-11-15 15:00:00+00:00,4987.046085692791
2025-11-15 16:00:00+00:00,4990.182846873197
2025-11-15 17:00:00+00:00,5011.364959710251
2025-11-15 18:00:00+00:00,5008.306784472898
2025-11-15 19:00:00+00:00,5008.306784472898
2025-11-15 20:00:00+00:00,5008.306784472898
2025-11-15 21:00:00+00:00,5008.306784472898
2025-11-15 22:00:00+00:00,5008.306784472898
2025-11-15 23:00:00+00:00,5008.306784472898
2025-11-16 00:00:00+00:00,5008.306784472898
2025-11-16 01:00:00+00:00,5008.306784472898
2025-11-16 02:00:00+00:00,5008.306784472898
2025-11-16 03:00:00+00:00,5008.306784472898
2025-11-16 04:00:00+00:00,5008.306784472898
2025-11-16 05:00:00+00:00,5008.306784472898
2025-11-16 06:00:00+00:00,5006.027730435842
2025-11-16 07:00:00+00:00,4999.59812906798
2025-11-16 08:00:00+00:00,4999.938170152854
2025-11-16 09:00:00+00:00,4990.907782048319
2025-11-16 10:00:00+00:00,4995.594870836422
2025-11-16 11:00:00+00:00,5027.028285131155
2025-11-16 12:00:00+00:00,5029.241453196123
2025-11-16 13:00:00+00:00,5032.776156635464
2025-11-16 14:00:00+00:00,5021.810179788993
2025-11-16 15:00:00+00:00,5049.180174706415
2025-11-16 16:00:00+00:00,5046.240245993943
2025-11-16 17:00:00+00:00,5054.714929261258
2025-11-16 18:00:00+00:00,5047.790649841351
2025-11-16 19:00:00+00:00,5073.487229527336
2025-11-16 20:00:00+00:00,5070.321656298362
2025-11-16 21:00:00+00:00,5072.938184127113
2025-11-16 22:00:00+00:00,5069.768786884764
2025-11-16 23:00:00+00:00,5070.633415129947
2025-11-17 00:00:00+00:00,5076.62262265904
2025-11-17 01:00:00+00:00,5072.964411046453
2025-11-17 02:00:00+00:00,5095.98976150365
2025-11-17 03:00:00+00:00,5092.914247815335
2025-11-17 04:00:00+00:00,5092.914247815335
2025-11-17 05:00:00+00:00,5089.416046392713
2025-11-17 06:00:00+00:00,5087.6733971983
2025-11-17 07:00:00+00:00,5093.593866964065
2025-11-17 08:00:00+00:00,5099.827300186089
2025-11-17 09:00:00+00:00,5096.779187889993
2025-11-17 10:00:00+00:00,5095.3770369038375
2025-11-17 11:00:00+00:00,5087.6794213469
2025-11-17 12:00:00+00:00,5096.976951305826
2025-11-17 13:00:00+00:00,5110.0150944787465
2025-11-17 14:00:00+00:00,5107.940667576419
2025-11-17 15:00:00+00:00,5110.897689565468
2025-11-17 16:00:00+00:00,5109.359936202926
2025-11-17 17:00:00+00:00,5128.509124574101
2025-11-17 18:00:00+00:00,5125.559904336525
2025-11-17 19:00:00+00:00,5109.945740609965
2025-11-17 20:00:00+00:00,5122.141879548612
2025-11-17 21:00:00+00:00,5125.576962157278
2025-11-17 22:00:00+00:00,5129.26096140122
2025-11-17 23:00:00+00:00,5137.303608585664
2025-11-18 00:00:00+00:00,5139.836215873042
2025-11-18 01:00:00+00:00,5139.538501686324
2025-11-18 02:00:00+00:00,5135.506520260026
2025-11-18 03:00:00+00:00,5168.877226997626
2025-11-18 04:00:00+00:00,5165.841559790533
2025-11-18 05:00:00+00:00,5165.841559790533
2025-11-18 06:00:00+00:00,5165.841559790533
2025-11-18 07:00:00+00:00,5165.841559790533
2025-11-18 08:00:00+00:00,5165.841559790533
2025-11-18 09:00:00+00:00,5167.948301419496
2025-11-18 10:00:00+00:00,5168.38573543265
2025-11-18 11:00:00+00:00,5173.414679853428
2025-11-18 12:00:00+00:00,5180.416131299254
2025-11-18 13:00:00+00:00,5180.38777616913
2025-11-18 14:00:00+00:00,5168.753209702319
2025-11-18 15:00:00+00:00,5171.284771021681
2025-11-18 16:00:00+00:00,5149.588995073545
2025-11-18 17:00:00+00:00,5157.035303881482
2025-11-18 18:00:00+00:00,5138.192975882126
2025-11-18 19:00:00+00:00,5146.240163377961
2025-11-18 20:00:00+00:00,5154.521975181053
2025-11-18 21:00:00+00:00,5167.07538530267
2025-11-18 22:00:00+00:00,5162.984015033991
2025-11-18 23:00:00+00:00,5158.778621481243
2025-11-19 00:00:00+00:00,5162.608090758851
2025-11-19 01:00:00+00:00,5159.706876081574
2025-11-19 02:00:00+00:00,5155.639553685904
2025-11-19 03:00:00+00:00,5170.7104578871395
2025-11-19 04:00:00+00:00,5170.988351044519
2025-11-19 05:00:00+00:00,5177.3202783882
2025-11-19 06:00:00+00:00,5172.567477587204
2025-11-19 07:00:00+00:00,5160.4070723631385
2025-11-19 08:00:00+00:00,5153.17529864467
2025-11-19 09:00:00+00:00,5147.582964383919
2025-11-19 10:00:00+00:00,5138.340805716206
2025-11-19 11:00:00+00:00,5148.545347588444
2025-11-19 12:00:00+00:00,5144.748421886194
2025-11-19 13:00:00+00:00,5162.3506197536535
2025-11-19 14:00:00+00:00,5176.842263371739
2025-11-19 15:00:00+00:00,5200.514175547418
2025-11-19 16:00:00+00:00,5197.489259364295
2025-11-19 17:00:00+00:00,5181.637381126436
2025-11-19 18:00:00+00:00,5168.70575767316
2025-11-19 19:00:00+00:00,5163.449134994849
2025-11-19 20:00:00+00:00,5201.436550392168
2025-11-19 21:00:00+00:00,5210.922126161146
2025-11-19 22:00:00+00:00,5208.159078346719
2025-11-19 23:00:00+00:00,5213.0649675279365
2025-11-20 00:00:00+00:00,5197.584152010138
2025-11-20 01:00:00+00:00,5202.497920843714
2025-11-20 02:00:00+00:00,5199.09030575706
2025-11-20 03:00:00+00:00,5199.270904292135
2025-11-20 04:00:00+00:00,5197.181475463018
2025-11-20 05:00:00+00:00,5190.844607099553
2025-11-20 06:00:00+00:00,5196.7313207080015
2025-11-20 07:00:00+00:00,5203.467711050971
2025-11-20 08:00:00+00:00,5201.10069758065
2025-11-20 09:00:00+00:00,5190.139585185626
2025-11-20 10:00:00+00:00,5196.7103682505785
2025-11-20 11:00:00+00:00,5200.241489192081
2025-11-20 12:00:00+00:00,5207.641745262427
2025-11-20 13:00:00+00:00,5191.463505489005
2025-11-20 14:00:00+00:00,5204.175659269824
2025-11-20 15:00:00+00:00,5200.1597967645985
2025-11-20 16:00:00+00:00,5175.176459346377
2025-11-20 17:00:00+00:00,5168.933956530197
2025-11-20 18:00:00+00:00,5172.764236065413
2025-11-20 19:00:00+00:00,5190.317808066661
2025-11-20 20:00:00+00:00,5192.313680918074
2025-11-20 21:00:00+00:00,5207.881893155416
2025-11-20 22:00:00+00:00,5191.047267631521
2025-11-20 23:00:00+00:00,5186.5595733887
2025-11-21 00:00:00+00:00,5191.931872450811
2025-11-21 01:00:00+00:00,5199.254785706104
2025-11-21 02:00:00+00:00,5176.150881817171
2025-11-21 03:00:00+00:00,5188.021627541116
2025-11-21 04:00:00+00:00,5190.020322343473
2025-11-21 05:00:00+00:00,5178.124551444205
2025-11-21 06:00:00+00:00,5178.332096274043
2025-11-21 07:00:00+00:00,5160.854887429418
2025-11-21 08:00:00+00:00,5188.236668107357
2025-11-21 09:00:00+00:00,5180.0030073058415
2025-11-21 10:00:00+00:00,5179.337074798872
2025-11-21 11:00:00+00:00,5183.3020440702285
2025-11-21 12:00:00+00:00,5189.845152539653
2025-11-21 13:00:00+00:00,5178.4012094914815
2025-11-21 14:00:00+00:00,5182.133045877734
2025-11-21 15:00:00+00:00,5179.5282112914565
2025-11-21 16:00:00+00:00,5173.105228739575
2025-11-21 17:00:00+00:00,5190.206878077745
2025-11-21 18:00:00+00:00,5197.665462943943
2025-11-21 19:00:00+00:00,5184.378723077309
2025-11-21 20:00:00+00:00,5161.437100260457
2025-11-21 21:00:00+00:00,5169.448878665835
2025-11-21 22:00:00+00:00,5155.751247531355
2025-11-21 23:00:00+00:00,5169.990559031551
2025-11-22 00:00:00+00:00,5181.705739388271
2025-11-22 01:00:00+00:00,5176.190852510715
2025-11-22 02:00:00+00:00,5176.113877842307
2025-11-22 03:00:00+00:00,5177.723336823698
2025-11-22 04:00:00+00:00,5179.51747460929
2025-11-22 05:00:00+00:00,5175.401164124957
2025-11-22 06:00:00+00:00,5184.396036688541
2025-11-22 07:00:00+00:00,5177.647453944483
2025-11-22 08:00:00+00:00,5170.689075292114
2025-11-22 09:00:00+00:00,5169.403713485863
2025-11-22 10:00:00+00:00,5164.5798624506615
2025-11-22 11:00:00+00:00,5172.652861544814
2025-11-22 12:00:00+00:00,5166.441813172286
2025-11-22 13:00:00+00:00,5163.198050331892
2025-11-22 14:00:00+00:00,5170.913527173366
2025-11-22 15:00:00+00:00,5170.819833528036
2025-11-22 16:00:00+00:00,5173.106023432264
2025-11-22 17:00:00+00:00,5170.174947065859
2025-11-22 18:00:00+00:00,5170.174947065859
2025-11-22 19:00:00+00:00,5170.174947065859
2025-11-22 20:00:00+00:00,5170.174947065859
2025-11-22 21:00:00+00:00,5170.174947065859
2025-11-22 22:00:00+00:00,5170.174947065859
2025-11-22 23:00:00+00:00,5170.174947065859
2025-11-23 00:00:00+00:00,5170.174947065859
2025-11-23 01:00:00+00:00,5170.174947065859
2025-11-23 02:00:00+00:00,5170.174947065859
2025-11-23 03:00:00+00:00,5170.174947065859
2025-11-23 04:00:00+00:00,5170.174947065859
2025-11-23 05:00:00+00:00,5170.174947065859
2025-11-23 06:00:00+00:00,5170.174947065859
2025-11-23 07:00:00+00:00,5170.174947065859
2025-11-23 08:00:00+00:00,5170.174947065859
2025-11-23 09:00:00+00:00,5170.174947065859
2025-11-23 10:00:00+00:00,5170.174947065859
2025-11-23 11:00:00+00:00,5170.174947065859
2025-11-23 12:00:00+00:00,5170.174947065859
2025-11-23 13:00:00+00:00,5170.174947065859
2025-11-23 14:00:00+00:00,5170.174947065859
2025-11-23 15:00:00+00:00,5170.174947065859
2025-11-23 16:00:00+00:00,5170.174947065859
2025-11-23 17:00:00+00:00,5170.174947065859
2025-11-23 18:00:00+00:00,5174.422684706921
2025-11-23 19:00:00+00:00,5177.847118790659
2025-11-23 20:00:00+00:00,5178.276384358052
2025-11-23 21:00:00+00:00,5174.942780657861
2025-11-23 22:00:00+00:00,5171.530716716443
2025-11-23 23:00:00+00:00,5172.577037694428
2025-11-24 00:00:00+00:00,5162.7318544900245
2025-11-24 01:00:00+00:00,5169.573727933351
2025-11-24 02:00:00+00:00,5188.088951331271
2025-11-24 03:00:00+00:00,5205.396522755785
2025-11-24 04:00:00+00:00,5202.239769025175
2025-11-24 05:00:00+00:00,5202.239769025175
2025-11-24 06:00:00+00:00,5202.239769025175
2025-11-24 07:00:00+00:00,5202.239769025175
2025-11-24 08:00:00+00:00,5202.239769025175
2025-11-24 09:00:00+00:00,5202.239769025175
2025-11-24 10:00:00+00:00,5202.239769025175
2025-11-24 11:00:00+00:00,5202.239769025175
2025-11-24 12:00:00+00:00,5202.239769025175
2025-11-24 13:00:00+00:00,5202.239769025175
2025-11-24 14:00:00+00:00,5202.239769025175
2025-11-24 15:00:00+00:00,5202.239769025175
2025-11-24 16:00:00+00:00,5202.239769025175
2025-11-24 17:00:00+00:00,5202.239769025175
2025-11-24 18:00:00+00:00,5194.155468518424
2025-11-24 19:00:00+00:00,5181.03095023662
2025-11-24 20:00:00+00:00,5190.970828385629
2025-11-24 21:00:00+00:00,5193.72185990511
2025-11-24 22:00:00+00:00,5188.827801963089
2025-11-24 23:00:00+00:00,5185.115988270234
2025-11-25 00:00:00+00:00,5188.580879502077
2025-11-25 01:00:00+00:00,5198.915110683645
2025-11-25 02:00:00+00:00,5193.707121080505
2025-11-25 03:00:00+00:00,5208.301953211085
2025-11-25 04:00:00+00:00,5200.919063941112
2025-11-25 05:00:00+00:00,5202.21993275802
2025-11-25 06:00:00+00:00,5204.300098801266
2025-11-25 07:00:00+00:00,5203.868245849179
2025-11-25 08:00:00+00:00,5220.337234973244
2025-11-25 09:00:00+00:00,5208.845627841835
2025-11-25 10:00:00+00:00,5208.072882418059
2025-11-25 11:00:00+00:00,5213.035092238364
2025-11-25 12:00:00+00:00,5185.427928638481
2025-11-25 13:00:00+00:00,5190.027231717203
2025-11-25 14:00:00+00:00,5203.823377755141
2025-11-25 15:00:00+00:00,5198.1571221652675
2025-11-25 16:00:00+00:00,5172.483791834
2025-11-25 17:00:00+00:00,5180.848905827293
2025-11-25 18:00:00+00:00,5180.078283824504
2025-11-25 19:00:00+00:00,5170.9653164603515
2025-11-25 20:00:00+00:00,5179.779129244305
2025-11-25 21:00:00+00:00,5168.1452331722
2025-11-25 22:00:00+00:00,5151.581682522848
2025-11-25 23:00:00+00:00,5152.575957133836
2025-11-26 00:00:00+00:00,5163.404971574558
2025-11-26 01:00:00+00:00,5159.545597427106
2025-11-26 02:00:00+00:00,5165.342262644869
2025-11-26 03:00:00+00:00,5174.581199378539
2025-11-26 04:00:00+00:00,5174.596559484916
2025-11-26 05:00:00+00:00,5170.884476434319
2025-11-26 06:00:00+00:00,5177.523099637319
2025-11-26 07:00:00+00:00,5182.880113387524
2025-11-26 08:00:00+00:00,5195.319715571253
2025-11-26 09:00:00+00:00,5183.518533137798
2025-11-26 10:00:00+00:00,5180.842279376304
2025-11-26 11:00:00+00:00,5184.682777564703
2025-11-26 12:00:00+00:00,5182.832585021223
2025-11-26 13:00:00+00:00,5167.892776614834
2025-11-26 14:00:00+00:00,5182.1346684406935
2025-11-26 15:00:00+00:00,5168.83620719853
2025-11-26 16:00:00+00:00,5177.557645030673
2025-11-26 17:00:00+00:00,5165.600513826408
2025-11-26 18:00:00+00:00,5168.499384599527
2025-11-26 19:00:00+00:00,5164.655436527296
2025-11-26 20:00:00+00:00,5168.3317031467495
2025-11-26 21:00:00+00:00,5180.37010323466
2025-11-26 22:00:00+00:00,5180.773383148573
2025-11-26 23:00:00+00:00,5185.181705344971
2025-11-27 00:00:00+00:00,5177.115664317735
2025-11-27 01:00:00+00:00,5181.898967849124
2025-11-27 02:00:00+00:00,5202.11203203605
2025-11-27 03:00:00+00:00,5198.873933134196
2025-11-27 04:00:00+00:00,5198.873933134196
2025-11-27 05:00:00+00:00,5198.873933134196
2025-11-27 06:00:00+00:00,5198.873933134196
2025-11-27 07:00:00+00:00,5198.873933134196
2025-11-27 08:00:00+00:00,5198.873933134196
2025-11-27 09:00:00+00:00,5198.873933134196
2025-11-27 10:00:00+00:00,5198.873933134196
2025-11-27 11:00:00+00:00,5198.873933134196
2025-11-27 12:00:00+00:00,5198.873933134196
2025-11-27 13:00:00+00:00,5203.087691965636
2025-11-27 14:00:00+00:00,5205.6971295566445
2025-11-27 15:00:00+00:00,5213.8573108646
2025-11-27 16:00:00+00:00,5208.053827324479
2025-11-27 17:00:00+00:00,5206.7436822023865
2025-11-27 18:00:00+00:00,5213.059342409967
2025-11-27 19:00:00+00:00,5215.474328040845
2025-11-27 20:00:00+00:00,5224.370525416837
2025-11-27 21:00:00+00:00,5219.07367999207
2025-11-27 22:00:00+00:00,5202.988176994027
2025-11-27 23:00:00+00:00,5206.59867590608
2025-11-28 00:00:00+00:00,5209.744674776345
2025-11-28 01:00:00+00:00,5207.175914998631
2025-11-28 02:00:00+00:00,5211.321379402685
2025-11-28 03:00:00+00:00,5204.402106493645
2025-11-28 04:00:00+00:00,5205.961869424724
2025-11-28 05:00:00+00:00,5206.442248202017
2025-11-28 06:00:00+00:00,5202.906825458097
2025-11-28 07:00:00+00:00,5206.784436361913
2025-11-28 08:00:00+00:00,5239.676133277172
2025-11-28 09:00:00+00:00,5236.5066138669445
2025-11-28 10:00:00+00:00,5236.5066138669445
2025-11-28 11:00:00+00:00,5236.5066138669445
2025-11-28 12:00:00+00:00,5236.5066138669445
2025-11-28 13:00:00+00:00,5236.5066138669445
2025-11-28 14:00:00+00:00,5236.5066138669445
2025-11-28 15:00:00+00:00,5236.5066138669445
2025-11-28 16:00:00+00:00,5236.5066138669445
2025-11-28 17:00:00+00:00,5236.5066138669445
2025-11-28 18:00:00+00:00,5236.5066138669445
2025-11-28 19:00:00+00:00,5236.5066138669445
2025-11-28 20:00:00+00:00,5236.5066138669445
2025-11-28 21:00:00+00:00,5236.5066138669445
2025-11-28 22:00:00+00:00,5236.5066138669445
2025-11-28 23:00:00+00:00,5236.5066138669445
2025-11-29 00:00:00+00:00,5236.5066138669445
2025-11-29 01:00:00+00:00,5236.5066138669445
2025-11-29 02:00:00+00:00,5236.5066138669445
2025-11-29 03:00:00+00:00,5236.5066138669445
2025-11-29 04:00:00+00:00,5236.5066138669445
2025-11-29 05:00:00+00:00,5236.5066138669445
2025-11-29 06:00:00+00:00,5236.5066138669445
2025-11-29 07:00:00+00:00,5236.5066138669445
2025-11-29 08:00:00+00:00,5236.5066138669445
2025-11-29 09:00:00+00:00,5236.5066138669445
2025-11-29 10:00:00+00:00,5236.5066138669445
2025-11-29 11:00:00+00:00,5236.5066138669445
2025-11-29 12:00:00+00:00,5236.5066138669445
2025-11-29 13:00:00+00:00,5236.5066138669445
2025-11-29 14:00:00+00:00,5236.5066138669445
2025-11-29 15:00:00+00:00,5236.5066138669445
2025-11-29 16:00:00+00:00,5236.5066138669445
2025-11-29 17:00:00+00:00,5236.5066138669445
2025-11-29 18:00:00+00:00,5247.4255357133425
2025-11-29 19:00:00+00:00,5243.564524270436
2025-11-29 20:00:00+00:00,5242.019979649206
2025-11-29 21:00:00+00:00,5237.648534186735
2025-11-29 22:00:00+00:00,5240.456216743104
2025-11-29 23:00:00+00:00,5239.283169792075
2025-11-30 00:00:00+00:00,5243.684081253803
2025-11-30 01:00:00+00:00,5250.336531762942
2025-11-30 02:00:00+00:00,5241.647157087481
2025-11-30 03:00:00+00:00,5247.161507472335
2025-11-30 04:00:00+00:00,5246.004721996087
2025-11-30 05:00:00+00:00,5242.266401470495
2025-11-30 06:00:00+00:00,5244.239464762752
2025-11-30 07:00:00+00:00,5248.403711106554
2025-11-30 08:00:00+00:00,5244.133273258128
2025-11-30 09:00:00+00:00,5240.103617391151
2025-11-30 10:00:00+00:00,5244.717540797706
2025-11-30 11:00:00+00:00,5244.620569052855
2025-11-30 12:00:00+00:00,5252.255819780009
2025-11-30 13:00:00+00:00,5264.309633413646
2025-11-30 14:00:00+00:00,5261.102378657423
2025-11-30 15:00:00+00:00,5261.102378657423
2025-11-30 16:00:00+00:00,5261.102378657423
2025-11-30 17:00:00+00:00,5261.102378657423
2025-11-30 18:00:00+00:00,5261.102378657423
2025-11-30 19:00:00+00:00,5261.102378657423
2025-11-30 20:00:00+00:00,5261.102378657423
2025-11-30 21:00:00+00:00,5261.102378657423
2025-11-30 22:00:00+00:00,5261.102378657423
2025-11-30 23:00:00+00:00,5261.102378657423
2025-12-01 00:00:00+00:00,5261.102378657423
2025-12-01 01:00:00+00:00,5266.551415486056
2025-12-01 02:00:00+00:00,5268.394000717851
2025-12-01 03:00:00+00:00,5268.3502612018465
2025-12-01 04:00:00+00:00,5281.337960963651
2025-12-01 05:00:00+00:00,5280.834130221152
2025-12-01 06:00:00+00:00,5271.073359167741
2025-12-01 07:00:00+00:00,5275.913902031745
2025-12-01 08:00:00+00:00,5266.531218222422
2025-12-01 09:00:00+00:00,5270.206989223487
2025-12-01 10:00:00+00:00,5275.745851541356
2025-12-01 11:00:00+00:00,5285.815630069412
2025-12-01 12:00:00+00:00,5291.37746769892
2025-12-01 13:00:00+00:00,5267.873092038072
2025-12-01 14:00:00+00:00,5270.0952362168155
2025-12-01 15:00:00+00:00,5244.797055081577
2025-12-01 16:00:00+00:00,5234.780549777167
2025-12-01 17:00:00+00:00,5230.766507211256
2025-12-01 18:00:00+00:00,5232.504175758316
2025-12-01 19:00:00+00:00,5229.625766951972
2025-12-01 20:00:00+00:00,5230.86708618481
2025-12-01 21:00:00+00:00,5234.84683997542
2025-12-01 22:00:00+00:00,5235.2816827498555
2025-12-01 23:00:00+00:00,5245.336704686377
2025-12-02 00:00:00+00:00,5235.417065969215
2025-12-02 01:00:00+00:00,5236.933472259231
2025-12-02 02:00:00+00:00,5239.544761715109
2025-12-02 03:00:00+00:00,5229.6970856763855
2025-12-02 04:00:00+00:00,5230.580307511428
2025-12-02 05:00:00+00:00,5227.538818932875
2025-12-02 06:00:00+00:00,5234.299220551324
2025-12-02 07:00:00+00:00,5229.7014846525035
2025-12-02 08:00:00+00:00,5239.136479499473
2025-12-02 09:00:00+00:00,5229.623947825065
2025-12-02 10:00:00+00:00,5237.577550349803
2025-12-02 11:00:00+00:00,5237.750289240324
2025-12-02 12:00:00+00:00,5242.493830503755
2025-12-02 13:00:00+00:00,5243.691282697334
2025-12-02 14:00:00+00:00,5244.383114789736
2025-12-02 15:00:00+00:00,5300.269423011924
2025-12-02 16:00:00+00:00,5296.948042571568
2025-12-02 17:00:00+00:00,5296.948042571568
2025-12-02 18:00:00+00:00,5296.948042571568
2025-12-02 19:00:00+00:00,5296.948042571568
2025-12-02 20:00:00+00:00,5296.948042571568
2025-12-02 21:00:00+00:00,5296.948042571568
2025-12-02 22:00:00+00:00,5296.948042571568
2025-12-02 23:00:00+00:00,5296.948042571568
2025-12-03 00:00:00+00:00,5296.948042571568
2025-12-03 01:00:00+00:00,5296.948042571568
2025-12-03 02:00:00+00:00,5296.948042571568
2025-12-03 03:00:00+00:00,5296.948042571568
2025-12-03 04:00:00+00:00,5296.948042571568
2025-12-03 05:00:00+00:00,5296.948042571568
2025-12-03 06:00:00+00:00,5296.948042571568
2025-12-03 07:00:00+00:00,5296.948042571568
2025-12-03 08:00:00+00:00,5296.948042571568
2025-12-03 09:00:00+00:00,5296.948042571568
2025-12-03 10:00:00+00:00,5296.948042571568
2025-12-03 11:00:00+00:00,5296.948042571568
2025-12-03 12:00:00+00:00,5284.5376104801835
2025-12-03 13:00:00+00:00,5282.661585612123
2025-12-03 14:00:00+00:00,5272.576929073984
2025-12-03 15:00:00+00:00,5264.849679103694
2025-12-03 16:00:00+00:00,5259.562865757653
2025-12-03 17:00:00+00:00,5245.748896001658
2025-12-03 18:00:00+00:00,5247.093226651927
2025-12-03 19:00:00+00:00,5247.577914805776
2025-12-03 20:00:00+00:00,5236.995920254052
2025-12-03 21:00:00+00:00,5234.769727243414
2025-12-03 22:00:00+00:00,5215.5925384380325
2025-12-03 23:00:00+00:00,5206.451172571825
2025-12-04 00:00:00+00:00,5203.200504463864
2025-12-04 01:00:00+00:00,5203.200504463864
2025-12-04 02:00:00+00:00,5203.200504463864
2025-12-04 03:00:00+00:00,5203.200504463864
2025-12-04 04:00:00+00:00,5203.200504463864
2025-12-04 05:00:00+00:00,5194.837549520241
2025-12-04 06:00:00+00:00,5191.717219811796
2025-12-04 07:00:00+00:00,5191.717219811796
2025-12-04 08:00:00+00:00,5189.662771239411
2025-12-04 09:00:00+00:00,5182.156400175615
2025-12-04 10:00:00+00:00,5185.900792507037
2025-12-04 11:00:00+00:00,5178.902550259981
2025-12-04 12:00:00+00:00,5188.247623300362
2025-12-04 13:00:00+00:00,5180.157086471961
2025-12-04 14:00:00+00:00,5184.363368711622
2025-12-04 15:00:00+00:00,5162.499223716778
2025-12-04 16:00:00+00:00,5159.379933435814
2025-12-04 17:00:00+00:00,5162.617043766568
2025-12-04 18:00:00+00:00,5170.3720000360445
2025-12-04 19:00:00+00:00,5184.082527928184
2025-12-04 20:00:00+00:00,5179.956403443969
2025-12-04 21:00:00+00:00,5185.285870811482
2025-12-04 22:00:00+00:00,5173.677341122995
2025-12-04 23:00:00+00:00,5174.9965894866
2025-12-05 00:00:00+00:00,5170.5248690280405
2025-12-05 01:00:00+00:00,5158.523577398083
2025-12-05 02:00:00+00:00,5146.864447564138
2025-12-05 03:00:00+00:00,5146.331045194727
2025-12-05 04:00:00+00:00,5144.984594691304
2025-12-05 05:00:00+00:00,5152.745393563649
2025-12-05 06:00:00+00:00,5151.576864747175
2025-12-05 07:00:00+00:00,5147.424750318322
2025-12-05 08:00:00+00:00,5158.4562125859475
2025-12-05 09:00:00+00:00,5157.983000553029
2025-12-05 10:00:00+00:00,5151.677775616674
2025-12-05 11:00:00+00:00,5156.3402128883445
2025-12-05 12:00:00+00:00,5156.035613097788
2025-12-05 13:00:00+00:00,5158.041461466731
2025-12-05 14:00:00+00:00,5149.146177464852
2025-12-05 15:00:00+00:00,5151.426079952612
2025-12-05 16:00:00+00:00,5165.203197939518
2025-12-05 17:00:00+00:00,5179.487700730578
2025-12-05 18:00:00+00:00,5189.8585776311975
2025-12-05 19:00:00+00:00,5184.063671173727
2025-12-05 20:00:00+00:00,5188.297280340576
2025-12-05 21:00:00+00:00,5186.516592922174
2025-12-05 22:00:00+00:00,5182.637883373311
2025-12-05 23:00:00+00:00,5189.241791495608
2025-12-06 00:00:00+00:00,5186.272644439555
2025-12-06 01:00:00+00:00,5186.272644439555
2025-12-06 02:00:00+00:00,5186.272644439555
2025-12-06 03:00:00+00:00,5186.272644439555
2025-12-06 04:00:00+00:00,5186.272644439555
2025-12-06 05:00:00+00:00,5186.272644439555
2025-12-06 06:00:00+00:00,5186.272644439555
2025-12-06 07:00:00+00:00,5186.272644439555
2025-12-06 08:00:00+00:00,5186.272644439555
2025-12-06 09:00:00+00:00,5186.272644439555
2025-12-06 10:00:00+00:00,5186.272644439555
2025-12-06 11:00:00+00:00,5186.272644439555
2025-12-06 12:00:00+00:00,5186.272644439555
2025-12-06 13:00:00+00:00,5186.272644439555
2025-12-06 14:00:00+00:00,5186.272644439555
2025-12-06 15:00:00+00:00,5186.272644439555
2025-12-06 16:00:00+00:00,5186.272644439555
2025-12-06 17:00:00+00:00,5186.272644439555
2025-12-06 18:00:00+00:00,5186.272644439555
2025-12-06 19:00:00+00:00,5186.272644439555
2025-12-06 20:00:00+00:00,5186.272644439555
2025-12-06 21:00:00+00:00,5186.272644439555
2025-12-06 22:00:00+00:00,5186.272644439555
2025-12-06 23:00:00+00:00,5186.272644439555
2025-12-07 00:00:00+00:00,5186.272644439555
2025-12-07 01:00:00+00:00,5186.272644439555
2025-12-07 02:00:00+00:00,5186.272644439555
2025-12-07 03:00:00+00:00,5186.272644439555
2025-12-07 04:00:00+00:00,5186.272644439555
2025-12-07 05:00:00+00:00,5186.272644439555
2025-12-07 06:00:00+00:00,5186.272644439555
2025-12-07 07:00:00+00:00,5186.272644439555
2025-12-07 08:00:00+00:00,5186.272644439555
2025-12-07 09:00:00+00:00,5186.272644439555
2025-12-07 10:00:00+00:00,5186.272644439555
2025-12-07 11:00:00+00:00,5186.272644439555
2025-12-07 12:00:00+00:00,5186.272644439555
2025-12-07 13:00:00+00:00,5186.272644439555
2025-12-07 14:00:00+00:00,5186.272644439555
2025-12-07 15:00:00+00:00,5218.917220126478
2025-12-07 16:00:00+00:00,5219.980945458847
2025-12-07 17:00:00+00:00,5253.399664613975
2025-12-07 18:00:00+00:00,5250.158707857081
2025-12-07 19:00:00+00:00,5250.158707857081
2025-12-07 20:00:00+00:00,5250.158707857081
2025-12-07 21:00:00+00:00,5250.158707857081
2025-12-07 22:00:00+00:00,5250.158707857081
2025-12-07 23:00:00+00:00,5250.158707857081
2025-12-08 00:00:00+00:00,5250.158707857081
2025-12-08 01:00:00+00:00,5250.158707857081
2025-12-08 02:00:00+00:00,5250.158707857081
2025-12-08 03:00:00+00:00,5250.158707857081
2025-12-08 04:00:00+00:00,5250.158707857081
2025-12-08 05:00:00+00:00,5250.158707857081
2025-12-08 06:00:00+00:00,5250.158707857081
2025-12-08 07:00:00+00:00,5250.158707857081
2025-12-08 08:00:00+00:00,5250.158707857081
2025-12-08 09:00:00+00:00,5250.158707857081
2025-12-08 10:00:00+00:00,5252.070729221474
2025-12-08 11:00:00+00:00,5262.746764657926
2025-12-08 12:00:00+00:00,5265.807818842693
2025-12-08 13:00:00+00:00,5245.106355200884
2025-12-08 14:00:00+00:00,5242.364154413127
2025-12-08 15:00:00+00:00,5239.3042751541725
2025-12-08 16:00:00+00:00,5233.983986708781
2025-12-08 17:00:00+00:00,5231.642580456601
2025-12-08 18:00:00+00:00,5245.286867717202
2025-12-08 19:00:00+00:00,5229.056658186453
2025-12-08 20:00:00+00:00,5234.070662890311
2025-12-08 21:00:00+00:00,5240.177354173093
2025-12-08 22:00:00+00:00,5240.259813715047
2025-12-08 23:00:00+00:00,5239.759964276506
2025-12-09 00:00:00+00:00,5236.566700430912
2025-12-09 01:00:00+00:00,5237.192025136946
2025-12-09 02:00:00+00:00,5244.501288770426
2025-12-09 03:00:00+00:00,5228.675440643605
2025-12-09 04:00:00+00:00,5232.978710925089
2025-12-09 05:00:00+00:00,5231.696897698203
2025-12-09 06:00:00+00:00,5235.374906170212
2025-12-09 07:00:00+00:00,5236.467445598339
2025-12-09 08:00:00+00:00,5238.4180165370035
2025-12-09 09:00:00+00:00,5240.657547993684
2025-12-09 10:00:00+00:00,5243.629745205818
2025-12-09 11:00:00+00:00,5237.255489501964
2025-12-09 12:00:00+00:00,5226.870088211172
2025-12-09 13:00:00+00:00,5239.360022274368
2025-12-09 14:00:00+00:00,5237.663943444675
2025-12-09 15:00:00+00:00,5197.563666076558
2025-12-09 16:00:00+00:00,5139.710840262455
2025-12-09 17:00:00+00:00,5136.420988709145
2025-12-09 18:00:00+00:00,5136.420988709145
2025-12-09 19:00:00+00:00,5136.420988709145
2025-12-09 20:00:00+00:00,5136.420988709145
2025-12-09 21:00:00+00:00,5139.781175584848
2025-12-09 22:00:00+00:00,5126.080353449228
2025-12-09 23:00:00+00:00,5123.002198285195
2025-12-10 00:00:00+00:00,5113.821935836341
2025-12-10 01:00:00+00:00,5110.75511795736
2025-12-10 02:00:00+00:00,5106.4511644358945
2025-12-10 03:00:00+00:00,5105.338489469529
2025-12-10 04:00:00+00:00,5099.050379398533
2025-12-10 05:00:00+00:00,5099.14830304709
2025-12-10 06:00:00+00:00,5100.508922750556
2025-12-10 07:00:00+00:00,5102.165323833706
2025-12-10 08:00:00+00:00,5101.151472943107
2025-12-10 09:00:00+00:00,5089.794369789636
2025-12-10 10:00:00+00:00,5099.4341093642815
2025-12-10 11:00:00+00:00,5090.797552605877
2025-12-10 12:00:00+00:00,5082.234573987707
2025-12-10 13:00:00+00:00,5077.441602110311
2025-12-10 14:00:00+00:00,5081.795710748096
2025-12-10 15:00:00+00:00,5081.386223933645
2025-12-10 16:00:00+00:00,5066.210651879244
2025-12-10 17:00:00+00:00,5063.116303118241
2025-12-10 18:00:00+00:00,5063.116303118241
2025-12-10 19:00:00+00:00,5063.116303118241
2025-12-10 20:00:00+00:00,5063.116303118241
2025-12-10 21:00:00+00:00,5069.111000765252
2025-12-10 22:00:00+00:00,5068.592263311602
2025-12-10 23:00:00+00:00,5071.938740135903
2025-12-11 00:00:00+00:00,5088.2921114834035
2025-12-11 01:00:00+00:00,5087.64048584967
2025-12-11 02:00:00+00:00,5103.9864340601625
2025-12-11 03:00:00+00:00,5113.5818820258155
2025-12-11 04:00:00+00:00,5111.287723475209
2025-12-11 05:00:00+00:00,5107.896934321259
2025-12-11 06:00:00+00:00,5116.260057010233
2025-12-11 07:00:00+00:00,5116.802459852476
2025-12-11 08:00:00+00:00,5117.969430405388
2025-12-11 09:00:00+00:00,5117.727093954186
2025-12-11 10:00:00+00:00,5122.066833881485
2025-12-11 11:00:00+00:00,5122.3647218258375
2025-12-11 12:00:00+00:00,5112.190879643743
2025-12-11 13:00:00+00:00,5119.311217895076
2025-12-11 14:00:00+00:00,5128.718976983126
2025-12-11 15:00:00+00:00,5125.814711147901
2025-12-11 16:00:00+00:00,5125.814711147901
2025-12-11 17:00:00+00:00,5125.814711147901
2025-12-11 18:00:00+00:00,5125.814711147901
2025-12-11 19:00:00+00:00,5125.814711147901
2025-12-11 20:00:00+00:00,5125.814711147901
2025-12-11 21:00:00+00:00,5114.4771707673135
2025-12-11 22:00:00+00:00,5119.631454345567
2025-12-11 23:00:00+00:00,5114.825155085509
2025-12-12 00:00:00+00:00,5103.212442854866
2025-12-12 01:00:00+00:00,5122.307966347847
2025-12-12 02:00:00+00:00,5129.939963978422
2025-12-12 03:00:00+00:00,5128.193979663476
2025-12-12 04:00:00+00:00,5126.38131623896
2025-12-12 05:00:00+00:00,5125.245637604509
2025-12-12 06:00:00+00:00,5128.721856058916
2025-12-12 07:00:00+00:00,5124.6303451786625
2025-12-12 08:00:00+00:00,5125.864972763124
2025-12-12 09:00:00+00:00,5125.81954356737
2025-12-12 10:00:00+00:00,5120.842851753644
2025-12-12 11:00:00+00:00,5121.80527648824
2025-12-12 12:00:00+00:00,5125.343502029785
2025-12-12 13:00:00+00:00,5125.024698158834
2025-12-12 14:00:00+00:00,5112.44976502514
2025-12-12 15:00:00+00:00,5055.023110536721
2025-12-12 16:00:00+00:00,5052.058087572481
2025-12-12 17:00:00+00:00,5052.058087572481
2025-12-12 18:00:00+00:00,5052.058087572481
2025-12-12 19:00:00+00:00,5052.058087572481
2025-12-12 20:00:00+00:00,5052.058087572481
2025-12-12 21:00:00+00:00,5049.320014980125
2025-12-12 22:00:00+00:00,5055.067567132832
2025-12-12 23:00:00+00:00,5049.857174280399
2025-12-13 00:00:00+00:00,5049.82780274684
2025-12-13 01:00:00+00:00,5050.781993959687
2025-12-13 02:00:00+00:00,5050.662538222032
2025-12-13 03:00:00+00:00,5051.97187739419
2025-12-13 04:00:00+00:00,5051.026932956332
2025-12-13 05:00:00+00:00,5051.596439845282
2025-12-13 06:00:00+00:00,5054.63101184023
2025-12-13 07:00:00+00:00,5056.352706799725
2025-12-13 08:00:00+00:00,5070.52021363013
2025-12-13 09:00:00+00:00,5073.0287423673235
2025-12-13 10:00:00+00:00,5076.100062630074
2025-12-13 11:00:00+00:00,5076.347880302357
2025-12-13 12:00:00+00:00,5072.706866351256
2025-12-13 13:00:00+00:00,5070.491188587398
2025-12-13 14:00:00+00:00,5076.328867470969
2025-12-13 15:00:00+00:00,5075.044745944951
2025-12-13 16:00:00+00:00,5071.934583960296
2025-12-13 17:00:00+00:00,5068.9624078772285
2025-12-13 18:00:00+00:00,5067.801794867186
2025-12-13 19:00:00+00:00,5071.565355592525
2025-12-13 20:00:00+00:00,5070.802520648323
2025-12-13 21:00:00+00:00,5074.409241558897
2025-12-13 22:00:00+00:00,5077.8382229538
2025-12-13 23:00:00+00:00,5075.26416037499
2025-12-14 00:00:00+00:00,5076.049163682306
2025-12-14 01:00:00+00:00,5077.691230519355
2025-12-14 02:00:00+00:00,5080.495892432253
2025-12-14 03:00:00+00:00,5077.996097738213
2025-12-14 04:00:00+00:00,5073.683849274132
2025-12-14 05:00:00+00:00,5073.931475007415
2025-12-14 06:00:00+00:00,5074.762299793726
2025-12-14 07:00:00+00:00,5075.509040789305
2025-12-14 08:00:00+00:00,5075.880698049596
2025-12-14 09:00:00+00:00,5076.624605852712
2025-12-14 10:00:00+00:00,5079.929284004122
2025-12-14 11:00:00+00:00,5075.762421690672
2025-12-14 12:00:00+00:00,5084.659583294865
2025-12-14 13:00:00+00:00,5085.603349900421
2025-12-14 14:00:00+00:00,5082.585022981879
2025-12-14 15:00:00+00:00,5082.585022981879
2025-12-14 16:00:00+00:00,5082.585022981879
2025-12-14 17:00:00+00:00,5082.585022981879
2025-12-14 18:00:00+00:00,5082.585022981879
2025-12-14 19:00:00+00:00,5082.585022981879
2025-12-14 20:00:00+00:00,5082.585022981879
2025-12-14 21:00:00+00:00,5082.585022981879
2025-12-14 22:00:00+00:00,5082.585022981879
2025-12-14 23:00:00+00:00,5082.585022981879
2025-12-15 00:00:00+00:00,5082.585022981879
2025-12-15 01:00:00+00:00,5082.585022981879
2025-12-15 02:00:00+00:00,5082.585022981879
2025-12-15 03:00:00+00:00,5087.640640998799
2025-12-15 04:00:00+00:00,5086.637736733295
2025-12-15 05:00:00+00:00,5087.821922435568
2025-12-15 06:00:00+00:00,5077.32474279751
2025-12-15 07:00:00+00:00,5084.63971513671
2025-12-15 08:00:00+00:00,5076.249478544377
2025-12-15 09:00:00+00:00,5067.390703495673
2025-12-15 10:00:00+00:00,5062.1481452206535
2025-12-15 11:00:00+00:00,5058.775397959374
2025-12-15 12:00:00+00:00,5061.529444948657
2025-12-15 13:00:00+00:00,5073.048367299474
2025-12-15 14:00:00+00:00,5101.956052678945
2025-12-15 15:00:00+00:00,5103.641239553655
2025-12-15 16:00:00+00:00,5103.455887058945
2025-12-15 17:00:00+00:00,5128.067585433951
2025-12-15 18:00:00+00:00,5125.165075217658
2025-12-15 19:00:00+00:00,5125.43465038455
2025-12-15 20:00:00+00:00,5125.882318461473
2025-12-15 21:00:00+00:00,5127.5968931505495
2025-12-15 22:00:00+00:00,5132.157597356694
2025-12-15 23:00:00+00:00,5138.3794919622915
2025-12-16 00:00:00+00:00,5136.256448696251
2025-12-16 01:00:00+00:00,5139.164105442255
2025-12-16 02:00:00+00:00,5136.270561784314
2025-12-16 03:00:00+00:00,5130.53475781094
2025-12-16 04:00:00+00:00,5115.382138289252
2025-12-16 05:00:00+00:00,5114.1880174152175
2025-12-16 06:00:00+00:00,5119.963087899206
2025-12-16 07:00:00+00:00,5115.564904497978
2025-12-16 08:00:00+00:00,5113.521888183457
2025-12-16 09:00:00+00:00,5108.020462928107
2025-12-16 10:00:00+00:00,5107.54394846684
2025-12-16 11:00:00+00:00,5107.956647965177
2025-12-16 12:00:00+00:00,5104.006890679895
2025-12-16 13:00:00+00:00,5090.491886076937
2025-12-16 14:00:00+00:00,5092.147488574077
2025-12-16 15:00:00+00:00,5091.050408944298
2025-12-16 16:00:00+00:00,5081.39054580532
2025-12-16 17:00:00+00:00,5078.2769398796545
2025-12-16 18:00:00+00:00,5087.259584921836
2025-12-16 19:00:00+00:00,5087.229551484388
2025-12-16 20:00:00+00:00,5089.4467490046945
2025-12-16 21:00:00+00:00,5086.686070269711
2025-12-16 22:00:00+00:00,5088.726493138192
2025-12-16 23:00:00+00:00,5093.545938751094
2025-12-17 00:00:00+00:00,5092.259255637467
2025-12-17 01:00:00+00:00,5095.586777584105
2025-12-17 02:00:00+00:00,5102.512826776025
2025-12-17 03:00:00+00:00,5100.269551675804
2025-12-17 04:00:00+00:00,5100.746731947794
2025-12-17 05:00:00+00:00,5102.726275657565
2025-12-17 06:00:00+00:00,5103.4952530920355
2025-12-17 07:00:00+00:00,5105.380497097743
2025-12-17 08:00:00+00:00,5105.209670305065
2025-12-17 09:00:00+00:00,5102.630552985205
2025-12-17 10:00:00+00:00,5093.901967864332
2025-12-17 11:00:00+00:00,5090.712284988596
2025-12-17 12:00:00+00:00,5086.511142169703
2025-12-17 13:00:00+00:00,5085.541953314939
2025-12-17 14:00:00+00:00,5068.661830880781
2025-12-17 15:00:00+00:00,5062.15292704114
2025-12-17 16:00:00+00:00,5034.044576629415
2025-12-17 17:00:00+00:00,5036.612272249797
2025-12-17 18:00:00+00:00,5024.526712804407
2025-12-17 19:00:00+00:00,5021.519547955404
2025-12-17 20:00:00+00:00,5024.568929031819
2025-12-17 21:00:00+00:00,5019.150792008642
2025-12-17 22:00:00+00:00,5021.772837164047
2025-12-17 23:00:00+00:00,5023.675226122523
2025-12-18 00:00:00+00:00,5026.372134573967
2025-12-18 01:00:00+00:00,5021.840385458665
2025-12-18 02:00:00+00:00,5013.790720798325
2025-12-18 03:00:00+00:00,5011.495114753345
2025-12-18 04:00:00+00:00,5012.8996911427475
2025-12-18 05:00:00+00:00,5010.774410392439
2025-12-18 06:00:00+00:00,5010.251883210823
2025-12-18 07:00:00+00:00,5009.220640240677
2025-12-18 08:00:00+00:00,5009.752677675131
2025-12-18 09:00:00+00:00,5010.478896050414
2025-12-18 10:00:00+00:00,5014.547767587448
2025-12-18 11:00:00+00:00,5015.377789663997
2025-12-18 12:00:00+00:00,5027.922035409691
2025-12-18 13:00:00+00:00,5064.242528234859
2025-12-18 14:00:00+00:00,5065.944854574332
2025-12-18 15:00:00+00:00,5074.588675174148
2025-12-18 16:00:00+00:00,5070.080528347002
2025-12-18 17:00:00+00:00,5027.697234146475
2025-12-18 18:00:00+00:00,5025.783505949151
2025-12-18 19:00:00+00:00,5028.953338313987
2025-12-18 20:00:00+00:00,5025.5461899049105
2025-12-18 21:00:00+00:00,5038.75294753519
2025-12-18 22:00:00+00:00,5039.582238251436
2025-12-18 23:00:00+00:00,5040.861204500659
2025-12-19 00:00:00+00:00,5039.913994244051
2025-12-19 01:00:00+00:00,5039.396877958167
2025-12-19 02:00:00+00:00,5043.481290495065
2025-12-19 03:00:00+00:00,5071.656430131719
2025-12-19 04:00:00+00:00,5068.568955530465
2025-12-19 05:00:00+00:00,5068.568955530465
2025-12-19 06:00:00+00:00,5068.568955530465
2025-12-19 07:00:00+00:00,5075.581564446917
2025-12-19 08:00:00+00:00,5080.623414264485
2025-12-19 09:00:00+00:00,5077.124511312558
2025-12-19 10:00:00+00:00,5082.39473455145
2025-12-19 11:00:00+00:00,5071.425149059579
2025-12-19 12:00:00+00:00,5069.6371307128775
2025-12-19 13:00:00+00:00,5068.716281431064
2025-12-19 14:00:00+00:00,5060.570613004572
2025-12-19 15:00:00+00:00,5064.79261800706
2025-12-19 16:00:00+00:00,5063.936447816095
2025-12-19 17:00:00+00:00,5057.152855884029
2025-12-19 18:00:00+00:00,5040.189838884706
2025-12-19 19:00:00+00:00,5044.210471081531
2025-12-19 20:00:00+00:00,5042.241820764014
2025-12-19 21:00:00+00:00,5050.1942326202625
2025-12-19 22:00:00+00:00,5055.978916842336
2025-12-19 23:00:00+00:00,5057.074646390251
2025-12-20 00:00:00+00:00,5057.7185947870275
2025-12-20 01:00:00+00:00,5057.777433068062
2025-12-20 02:00:00+00:00,5056.361852796615
2025-12-20 03:00:00+00:00,5050.6759460038675
2025-12-20 04:00:00+00:00,5057.64524712716
2025-12-20 05:00:00+00:00,5060.828169231363
2025-12-20 06:00:00+00:00,5060.932302408302
2025-12-20 07:00:00+00:00,5059.477586114664
2025-12-20 08:00:00+00:00,5057.429234530564
2025-12-20 09:00:00+00:00,5056.5607725565715
2025-12-20 10:00:00+00:00,5058.584509889415
2025-12-20 11:00:00+00:00,5054.656606006802
2025-12-20 12:00:00+00:00,5052.156068462964
2025-12-20 13:00:00+00:00,5060.584280310703
2025-12-20 14:00:00+00:00,5060.188942814796
2025-12-20 15:00:00+00:00,5060.451143128598
2025-12-20 16:00:00+00:00,5058.481316741778
2025-12-20 17:00:00+00:00,5059.946778166341
2025-12-20 18:00:00+00:00,5063.43687210545
2025-12-20 19:00:00+00:00,5061.379126719427
2025-12-20 20:00:00+00:00,5057.356474610297
2025-12-20 21:00:00+00:00,5060.095298075282
2025-12-20 22:00:00+00:00,5063.228799894472
2025-12-20 23:00:00+00:00,5065.012915319766
2025-12-21 00:00:00+00:00,5064.303889514639
2025-12-21 01:00:00+00:00,5063.81199808621
2025-12-21 02:00:00+00:00,5063.214306448338
2025-12-21 03:00:00+00:00,5061.130862207258
2025-12-21 04:00:00+00:00,5059.127650912861
2025-12-21 05:00:00+00:00,5062.422041137021
2025-12-21 06:00:00+00:00,5058.718445476822
2025-12-21 07:00:00+00:00,5056.906058950563
2025-12-21 08:00:00+00:00,5058.210907546858
2025-12-21 09:00:00+00:00,5059.1366800329815
2025-12-21 10:00:00+00:00,5057.997188668967
2025-12-21 11:00:00+00:00,5056.237554722429
2025-12-21 12:00:00+00:00,5062.315248379376
2025-12-21 13:00:00+00:00,5068.771906617591
2025-12-21 14:00:00+00:00,5062.711636253284
2025-12-21 15:00:00+00:00,5059.278827452008
2025-12-21 16:00:00+00:00,5057.796369967206
2025-12-21 17:00:00+00:00,5058.860448911448
2025-12-21 18:00:00+00:00,5058.528938401987
2025-12-21 19:00:00+00:00,5057.575627719099
2025-12-21 20:00:00+00:00,5053.9450309696695
2025-12-21 21:00:00+00:00,5062.697621378253
2025-12-21 22:00:00+00:00,5052.604799387193
2025-12-21 23:00:00+00:00,5053.010844837725
2025-12-22 00:00:00+00:00,5034.489815129627
2025-12-22 01:00:00+00:00,5037.599907091663
2025-12-22 02:00:00+00:00,5040.315809892395
2025-12-22 03:00:00+00:00,5039.265516864384
2025-12-22 04:00:00+00:00,5027.157850937602
2025-12-22 05:00:00+00:00,5035.386171130683
2025-12-22 06:00:00+00:00,5040.736682195561
2025-12-22 07:00:00+00:00,5037.6399843075405
2025-12-22 08:00:00+00:00,5037.6399843075405
2025-12-22 09:00:00+00:00,5037.6399843075405
2025-12-22 10:00:00+00:00,5037.6399843075405
2025-12-22 11:00:00+00:00,5037.6399843075405
2025-12-22 12:00:00+00:00,5037.6399843075405
2025-12-22 13:00:00+00:00,5037.6399843075405
2025-12-22 14:00:00+00:00,5037.6399843075405
2025-12-22 15:00:00+00:00,5037.6399843075405
2025-12-22 16:00:00+00:00,5037.6399843075405
2025-12-22 17:00:00+00:00,5037.6399843075405
2025-12-22 18:00:00+00:00,5037.6399843075405
2025-12-22 19:00:00+00:00,5037.6399843075405
2025-12-22 20:00:00+00:00,5037.6399843075405
2025-12-22 21:00:00+00:00,5037.6399843075405
2025-12-22 22:00:00+00:00,5037.6399843075405
2025-12-22 23:00:00+00:00,5037.6399843075405
2025-12-23 00:00:00+00:00,5037.6399843075405
2025-12-23 01:00:00+00:00,5037.6399843075405
2025-12-23 02:00:00+00:00,5037.6399843075405
2025-12-23 03:00:00+00:00,5037.6399843075405
2025-12-23 04:00:00+00:00,5037.6399843075405
2025-12-23 05:00:00+00:00,5037.6399843075405
2025-12-23 06:00:00+00:00,5037.6399843075405
2025-12-23 07:00:00+00:00,5037.6399843075405
2025-12-23 08:00:00+00:00,5037.6399843075405
2025-12-23 09:00:00+00:00,5037.6399843075405
2025-12-23 10:00:00+00:00,5037.6399843075405
2025-12-23 11:00:00+00:00,5037.6399843075405
2025-12-23 12:00:00+00:00,5037.6399843075405
2025-12-23 13:00:00+00:00,5037.6399843075405
2025-12-23 14:00:00+00:00,5037.6399843075405
2025-12-23 15:00:00+00:00,5037.6399843075405
2025-12-23 16:00:00+00:00,5042.4690498639475
2025-12-23 17:00:00+00:00,5026.835446211712
2025-12-23 18:00:00+00:00,5034.973158522794
2025-12-23 19:00:00+00:00,5038.606360512548
2025-12-23 20:00:00+00:00,5062.415597188508
2025-12-23 21:00:00+00:00,5059.372744111032
2025-12-23 22:00:00+00:00,5059.372744111032
2025-12-23 23:00:00+00:00,5059.372744111032
2025-12-24 00:00:00+00:00,5059.372744111032
2025-12-24 01:00:00+00:00,5059.372744111032
2025-12-24 02:00:00+00:00,5059.372744111032
2025-12-24 03:00:00+00:00,5059.372744111032
2025-12-24 04:00:00+00:00,5059.372744111032
2025-12-24 05:00:00+00:00,5059.372744111032
2025-12-24 06:00:00+00:00,5059.372744111032
2025-12-24 07:00:00+00:00,5059.372744111032
2025-12-24 08:00:00+00:00,5059.372744111032
2025-12-24 09:00:00+00:00,5059.372744111032
2025-12-24 10:00:00+00:00,5059.372744111032
2025-12-24 11:00:00+00:00,5059.372744111032
2025-12-24 12:00:00+00:00,5059.372744111032
2025-12-24 13:00:00+00:00,5059.372744111032
2025-12-24 14:00:00+00:00,5059.372744111032
2025-12-24 15:00:00+00:00,5059.372744111032
2025-12-24 16:00:00+00:00,5059.372744111032
2025-12-24 17:00:00+00:00,5059.372744111032
2025-12-24 18:00:00+00:00,5059.372744111032
2025-12-24 19:00:00+00:00,5059.372744111032
2025-12-24 20:00:00+00:00,5059.372744111032
2025-12-24 21:00:00+00:00,5059.372744111032
2025-12-24 22:00:00+00:00,5059.372744111032
2025-12-24 23:00:00+00:00,5059.372744111032
2025-12-25 00:00:00+00:00,5059.372744111032
2025-12-25 01:00:00+00:00,5059.372744111032
2025-12-25 02:00:00+00:00,5059.372744111032
2025-12-25 03:00:00+00:00,5059.372744111032
2025-12-25 04:00:00+00:00,5059.372744111032
2025-12-25 05:00:00+00:00,5059.372744111032
2025-12-25 06:00:00+00:00,5059.372744111032
2025-12-25 07:00:00+00:00,5059.372744111032
2025-12-25 08:00:00+00:00,5059.372744111032
2025-12-25 09:00:00+00:00,5059.372744111032
2025-12-25 10:00:00+00:00,5059.372744111032
2025-12-25 11:00:00+00:00,5059.372744111032
2025-12-25 12:00:00+00:00,5059.372744111032
2025-12-25 13:00:00+00:00,5059.372744111032
2025-12-25 14:00:00+00:00,5059.372744111032
2025-12-25 15:00:00+00:00,5059.372744111032
2025-12-25 16:00:00+00:00,5059.372744111032
2025-12-25 17:00:00+00:00,5059.372744111032
2025-12-25 18:00:00+00:00,5059.372744111032
2025-12-25 19:00:00+00:00,5059.372744111032
2025-12-25 20:00:00+00:00,5059.372744111032
2025-12-25 21:00:00+00:00,5059.372744111032
2025-12-25 22:00:00+00:00,5059.372744111032
2025-12-25 23:00:00+00:00,5059.372744111032
2025-12-26 00:00:00+00:00,5059.677482949146
2025-12-26 01:00:00+00:00,5063.018423248119
2025-12-26 02:00:00+00:00,5060.234854014295
2025-12-26 03:00:00+00:00,5063.074504116009
2025-12-26 04:00:00+00:00,5064.991128335843
2025-12-26 05:00:00+00:00,5065.648822640014
2025-12-26 06:00:00+00:00,5064.744360000288
2025-12-26 07:00:00+00:00,5066.352577057256
2025-12-26 08:00:00+00:00,5065.354768140347
2025-12-26 09:00:00+00:00,5070.485590117672
2025-12-26 10:00:00+00:00,5071.328571770315
2025-12-26 11:00:00+00:00,5071.364230184564
2025-12-26 12:00:00+00:00,5073.900160342255
2025-12-26 13:00:00+00:00,5075.126276846741
2025-12-26 14:00:00+00:00,5063.902966467446
2025-12-26 15:00:00+00:00,5075.457084324835
2025-12-26 16:00:00+00:00,5072.079272157395
2025-12-26 17:00:00+00:00,5069.575031894003
2025-12-26 18:00:00+00:00,5071.926258156194
2025-12-26 19:00:00+00:00,5067.8089897681975
2025-12-26 20:00:00+00:00,5070.00608351105
2025-12-26 21:00:00+00:00,5067.784826417246
2025-12-26 22:00:00+00:00,5071.442641585264
2025-12-26 23:00:00+00:00,5073.7627740029575
2025-12-27 00:00:00+00:00,5072.1489700338625
2025-12-27 01:00:00+00:00,5070.385211452616
2025-12-27 02:00:00+00:00,5071.183397353575
2025-12-27 03:00:00+00:00,5073.757007296141
2025-12-27 04:00:00+00:00,5070.700813297064
2025-12-27 05:00:00+00:00,5070.700813297064
2025-12-27 06:00:00+00:00,5070.700813297064
2025-12-27 07:00:00+00:00,5070.700813297064
2025-12-27 08:00:00+00:00,5070.700813297064
2025-12-27 09:00:00+00:00,5070.700813297064
2025-12-27 10:00:00+00:00,5070.700813297064
2025-12-27 11:00:00+00:00,5070.700813297064
2025-12-27 12:00:00+00:00,5070.700813297064
2025-12-27 13:00:00+00:00,5070.700813297064
2025-12-27 14:00:00+00:00,5070.700813297064
2025-12-27 15:00:00+00:00,5070.700813297064
2025-12-27 16:00:00+00:00,5070.700813297064
2025-12-27 17:00:00+00:00,5070.700813297064
2025-12-27 18:00:00+00:00,5070.700813297064
2025-12-27 19:00:00+00:00,5070.700813297064
2025-12-27 20:00:00+00:00,5070.700813297064
2025-12-27 21:00:00+00:00,5070.700813297064
2025-12-27 22:00:00+00:00,5070.700813297064
2025-12-27 23:00:00+00:00,5070.700813297064
2025-12-28 00:00:00+00:00,5070.700813297064
2025-12-28 01:00:00+00:00,5070.700813297064
2025-12-28 02:00:00+00:00,5070.700813297064
2025-12-28 03:00:00+00:00,5070.700813297064
2025-12-28 04:00:00+00:00,5070.700813297064
2025-12-28 05:00:00+00:00,5070.700813297064
2025-12-28 06:00:00+00:00,5070.700813297064
2025-12-28 07:00:00+00:00,5070.700813297064
2025-12-28 08:00:00+00:00,5070.700813297064
2025-12-28 09:00:00+00:00,5070.700813297064
2025-12-28 10:00:00+00:00,5070.700813297064
2025-12-28 11:00:00+00:00,5070.700813297064
2025-12-28 12:00:00+00:00,5070.700813297064
2025-12-28 13:00:00+00:00,5070.700813297064
2025-12-28 14:00:00+00:00,5070.700813297064
2025-12-28 15:00:00+00:00,5070.700813297064
2025-12-28 16:00:00+00:00,5070.700813297064
2025-12-28 17:00:00+00:00,5070.700813297064
2025-12-28 18:00:00+00:00,5070.700813297064
2025-12-28 19:00:00+00:00,5070.700813297064
2025-12-28 20:00:00+00:00,5070.700813297064
2025-12-28 21:00:00+00:00,5070.700813297064
2025-12-28 22:00:00+00:00,5070.700813297064
2025-12-28 23:00:00+00:00,5070.700813297064
2025-12-29 00:00:00+00:00,5070.700813297064
2025-12-29 01:00:00+00:00,5070.700813297064
2025-12-29 02:00:00+00:00,5070.700813297064
2025-12-29 03:00:00+00:00,5070.700813297064
2025-12-29 04:00:00+00:00,5070.700813297064
2025-12-29 05:00:00+00:00,5070.700813297064
2025-12-29 06:00:00+00:00,5070.700813297064
2025-12-29 07:00:00+00:00,5070.700813297064
2025-12-29 08:00:00+00:00,5070.700813297064
2025-12-29 09:00:00+00:00,5070.700813297064
2025-12-29 10:00:00+00:00,5070.700813297064
2025-12-29 11:00:00+00:00,5070.700813297064
2025-12-29 12:00:00+00:00,5070.700813297064
2025-12-29 13:00:00+00:00,5070.700813297064
2025-12-29 14:00:00+00:00,5070.700813297064
2025-12-29 15:00:00+00:00,5070.700813297064
2025-12-29 16:00:00+00:00,5070.700813297064
2025-12-29 17:00:00+00:00,5070.700813297064
2025-12-29 18:00:00+00:00,5070.700813297064
2025-12-29 19:00:00+00:00,5070.700813297064
2025-12-29 20:00:00+00:00,5070.700813297064
2025-12-29 21:00:00+00:00,5070.700813297064
2025-12-29 22:00:00+00:00,5070.700813297064
2025-12-29 23:00:00+00:00,5070.700813297064
2025-12-30 00:00:00+00:00,5070.700813297064
2025-12-30 01:00:00+00:00,5070.700813297064
2025-12-30 02:00:00+00:00,5070.700813297064
2025-12-30 03:00:00+00:00,5070.700813297064
2025-12-30 04:00:00+00:00,5070.700813297064
2025-12-30 05:00:00+00:00,5070.700813297064
2025-12-30 06:00:00+00:00,5070.700813297064
2025-12-30 07:00:00+00:00,5070.700813297064
2025-12-30 08:00:00+00:00,5070.700813297064
2025-12-30 09:00:00+00:00,5070.700813297064
2025-12-30 10:00:00+00:00,5073.604082402818
2025-12-30 11:00:00+00:00,5071.058348815611
2025-12-30 12:00:00+00:00,5072.792040695036
2025-12-30 13:00:00+00:00,5070.203186393908
2025-12-30 14:00:00+00:00,5083.88274384335
2025-12-30 15:00:00+00:00,5093.494319446257
2025-12-30 16:00:00+00:00,5090.423891185719
2025-12-30 17:00:00+00:00,5090.423891185719
2025-12-30 18:00:00+00:00,5090.423891185719
2025-12-30 19:00:00+00:00,5090.423891185719
2025-12-30 20:00:00+00:00,5090.423891185719
2025-12-30 21:00:00+00:00,5090.423891185719
2025-12-30 22:00:00+00:00,5090.423891185719
2025-12-30 23:00:00+00:00,5090.423891185719
2025-12-31 00:00:00+00:00,5090.423891185719
2025-12-31 01:00:00+00:00,5090.423891185719
2025-12-31 02:00:00+00:00,5090.423891185719
2025-12-31 03:00:00+00:00,5090.423891185719
2025-12-31 04:00:00+00:00,5090.423891185719
2025-12-31 05:00:00+00:00,5090.423891185719
2025-12-31 06:00:00+00:00,5090.423891185719
2025-12-31 07:00:00+00:00,5090.423891185719
2025-12-31 08:00:00+00:00,5090.423891185719
2025-12-31 09:00:00+00:00,5090.423891185719
2025-12-31 10:00:00+00:00,5090.423891185719
2025-12-31 11:00:00+00:00,5090.423891185719
2025-12-31 12:00:00+00:00,5090.423891185719
2025-12-31 13:00:00+00:00,5090.423891185719
2025-12-31 14:00:00+00:00,5090.423891185719
2025-12-31 15:00:00+00:00,5090.423891185719
2025-12-31 16:00:00+00:00,5090.423891185719
2025-12-31 17:00:00+00:00,5090.423891185719
2025-12-31 18:00:00+00:00,5090.423891185719
2025-12-31 19:00:00+00:00,5090.423891185719
2025-12-31 20:00:00+00:00,5090.423891185719
2025-12-31 21:00:00+00:00,5090.423891185719
2025-12-31 22:00:00+00:00,5090.423891185719
2025-12-31 23:00:00+00:00,5090.423891185719
2026-02-04 00:00:00+00:00,5090.423891185719
2026-02-04 01:00:00+00:00,5101.108430310768
2026-02-04 02:00:00+00:00,5097.861631263289
2026-02-04 03:00:00+00:00,5109.149584120461
2026-02-04 04:00:00+00:00,5106.03909858775
2026-02-04 05:00:00+00:00,5106.03909858775
2026-02-04 06:00:00+00:00,5106.03909858775
2026-02-04 07:00:00+00:00,5106.03909858775
2026-02-04 08:00:00+00:00,5106.03909858775
2026-02-04 09:00:00+00:00,5106.03909858775
2026-02-04 10:00:00+00:00,5106.03909858775
2026-02-04 11:00:00+00:00,5106.03909858775
2026-02-04 12:00:00+00:00,5106.03909858775
2026-02-04 13:00:00+00:00,5106.03909858775
2026-02-04 14:00:00+00:00,5106.03909858775
2026-02-04 15:00:00+00:00,5086.877161313177
2026-02-04 16:00:00+00:00,5084.795378066498
2026-02-04 17:00:00+00:00,5110.939409519753
2026-02-04 18:00:00+00:00,5107.4520766220385
2026-02-04 19:00:00+00:00,5138.055191952399
2026-02-04 20:00:00+00:00,5134.980078618457
2026-02-04 21:00:00+00:00,5134.980078618457
2026-02-04 22:00:00+00:00,5134.980078618457
2026-02-04 23:00:00+00:00,5143.3508263182075
2026-02-05 00:00:00+00:00,5156.367446710283
2026-02-05 01:00:00+00:00,5170.800395933102
2026-02-05 02:00:00+00:00,5167.69267751124
2026-02-05 03:00:00+00:00,5167.69267751124
2026-02-05 04:00:00+00:00,5167.69267751124
2026-02-05 05:00:00+00:00,5167.69267751124
2026-02-05 06:00:00+00:00,5167.69267751124
2026-02-05 07:00:00+00:00,5167.69267751124
2026-02-05 08:00:00+00:00,5167.69267751124
2026-02-05 09:00:00+00:00,5167.69267751124
2026-02-05 10:00:00+00:00,5167.69267751124
2026-02-05 11:00:00+00:00,5167.69267751124
2026-02-05 12:00:00+00:00,5167.69267751124
2026-02-05 13:00:00+00:00,5167.69267751124
2026-02-05 14:00:00+00:00,5167.69267751124
2026-02-05 15:00:00+00:00,5167.69267751124
2026-02-05 16:00:00+00:00,5183.823653005155
2026-02-05 17:00:00+00:00,5206.826757845395
2026-02-05 18:00:00+00:00,5194.475904370882
2026-02-05 19:00:00+00:00,5207.262823525492
2026-02-05 20:00:00+00:00,5204.234572663246
2026-02-05 21:00:00+00:00,5204.234572663246
2026-02-05 22:00:00+00:00,5204.234572663246
2026-02-05 23:00:00+00:00,5204.234572663246
2026-02-06 00:00:00+00:00,5239.8195074656205
2026-02-06 01:00:00+00:00,5236.234420590909
2026-02-06 02:00:00+00:00,5231.288874014436
2026-02-06 03:00:00+00:00,5242.981608437676
2026-02-06 04:00:00+00:00,5239.785117518014
2026-02-06 05:00:00+00:00,5239.785117518014
2026-02-06 06:00:00+00:00,5239.785117518014
2026-02-06 07:00:00+00:00,5239.785117518014
2026-02-06 08:00:00+00:00,5239.785117518014
2026-02-06 09:00:00+00:00,5262.413920694594
2026-02-06 10:00:00+00:00,5266.433262214094
2026-02-06 11:00:00+00:00,5247.579184400565
2026-02-06 12:00:00+00:00,5233.715847070687
2026-02-06 13:00:00+00:00,5244.2764327691975
2026-02-06 14:00:00+00:00,5249.367070376061
2026-02-06 15:00:00+00:00,5233.863736810665
2026-02-06 16:00:00+00:00,5258.126867374295
2026-02-06 17:00:00+00:00,5269.51973088913
2026-02-06 18:00:00+00:00,5277.8468263608
2026-02-06 19:00:00+00:00,5268.87492728146
2026-02-06 20:00:00+00:00,5281.906594750621
2026-02-06 21:00:00+00:00,5267.334559571704
2026-02-06 22:00:00+00:00,5255.2510753467495
2026-02-06 23:00:00+00:00,5270.517950229512
2026-02-07 00:00:00+00:00,5268.669659580382
2026-02-07 01:00:00+00:00,5272.512569441743
2026-02-07 02:00:00+00:00,5273.923359168959
2026-02-07 03:00:00+00:00,5280.558216739648
2026-02-07 04:00:00+00:00,5296.073612439243
2026-02-07 05:00:00+00:00,5292.613140646896
2026-02-07 06:00:00+00:00,5282.927954666961
2026-02-07 07:00:00+00:00,5283.13333849342
2026-02-07 08:00:00+00:00,5308.402643158633
2026-02-07 09:00:00+00:00,5301.099494811825
2026-02-07 10:00:00+00:00,5300.3469417359975
2026-02-07 11:00:00+00:00,5289.667464927709
2026-02-07 12:00:00+00:00,5300.1020512626965
2026-02-07 13:00:00+00:00,5302.69508310821
2026-02-07 14:00:00+00:00,5312.970236867496
2026-02-07 15:00:00+00:00,5291.299413886658
2026-02-07 16:00:00+00:00,5286.909834459232
2026-02-07 17:00:00+00:00,5281.371432777481
2026-02-07 18:00:00+00:00,5247.986449945623
2026-02-07 19:00:00+00:00,5250.50479999677
2026-02-07 20:00:00+00:00,5242.381347791105
2026-02-07 21:00:00+00:00,5243.122111670081
2026-02-07 22:00:00+00:00,5254.5401735347505
2026-02-07 23:00:00+00:00,5252.525203109779
2026-02-08 00:00:00+00:00,5250.093456192494
2026-02-08 01:00:00+00:00,5244.282657638808
2026-02-08 02:00:00+00:00,5253.00877146763
2026-02-08 03:00:00+00:00,5255.6277049206055
2026-02-08 04:00:00+00:00,5253.721164249837
2026-02-08 05:00:00+00:00,5253.152906824326
2026-02-08 06:00:00+00:00,5264.720055272824
2026-02-08 07:00:00+00:00,5271.140605927263
2026-02-08 08:00:00+00:00,5266.995355425781
2026-02-08 09:00:00+00:00,5265.8722463402055
2026-02-08 10:00:00+00:00,5277.866383245855
2026-02-08 11:00:00+00:00,5259.43059808769
2026-02-08 12:00:00+00:00,5270.074734864584
2026-02-08 13:00:00+00:00,5286.12915243038
2026-02-08 14:00:00+00:00,5273.5339761233245
2026-02-08 15:00:00+00:00,5297.00019391226
2026-02-08 16:00:00+00:00,5303.101401016517
2026-02-08 17:00:00+00:00,5299.9183002968275
2026-02-08 18:00:00+00:00,5299.9183002968275
2026-02-08 19:00:00+00:00,5299.9183002968275
2026-02-08 20:00:00+00:00,5299.9183002968275
2026-02-08 21:00:00+00:00,5299.9183002968275
2026-02-08 22:00:00+00:00,5299.9183002968275
2026-02-08 23:00:00+00:00,5299.9183002968275
2026-02-09 00:00:00+00:00,5299.9183002968275
2026-02-09 01:00:00+00:00,5299.9183002968275
2026-02-09 02:00:00+00:00,5299.9183002968275
2026-02-09 03:00:00+00:00,5299.9183002968275
2026-02-09 04:00:00+00:00,5299.9183002968275
2026-02-09 05:00:00+00:00,5299.9183002968275
2026-02-09 06:00:00+00:00,5299.9183002968275
2026-02-09 07:00:00+00:00,5299.9183002968275
2026-02-09 08:00:00+00:00,5299.9183002968275
2026-02-09 09:00:00+00:00,5299.9183002968275
2026-02-09 10:00:00+00:00,5299.9183002968275
2026-02-09 11:00:00+00:00,5299.9183002968275
2026-02-09 12:00:00+00:00,5299.9183002968275
2026-02-09 13:00:00+00:00,5299.9183002968275
2026-02-09 14:00:00+00:00,5299.9183002968275
2026-02-09 15:00:00+00:00,5299.9183002968275
2026-02-09 16:00:00+00:00,5299.9183002968275
2026-02-09 17:00:00+00:00,5299.9183002968275
2026-02-09 18:00:00+00:00,5285.203679614275
2026-02-09 19:00:00+00:00,5304.662287647855
2026-02-09 20:00:00+00:00,5304.643877304007
2026-02-09 21:00:00+00:00,5295.636796346555
2026-02-09 22:00:00+00:00,5303.487455933028
2026-02-09 23:00:00+00:00,5307.685441446028
2026-02-10 00:00:00+00:00,5306.042259493641
2026-02-10 01:00:00+00:00,5305.23349452217
2026-02-10 02:00:00+00:00,5302.216748729306
2026-02-10 03:00:00+00:00,5333.926087204786
2026-02-10 04:00:00+00:00,5330.8016725978505
2026-02-10 05:00:00+00:00,5330.8016725978505
2026-02-10 06:00:00+00:00,5330.8016725978505
2026-02-10 07:00:00+00:00,5325.090334910844
2026-02-10 08:00:00+00:00,5326.755483583702
2026-02-10 09:00:00+00:00,5328.954844982634
2026-02-10 10:00:00+00:00,5333.8410397705375
2026-02-10 11:00:00+00:00,5334.719263333074
2026-02-10 12:00:00+00:00,5338.113489149375
2026-02-10 13:00:00+00:00,5340.99621549258
2026-02-10 14:00:00+00:00,5345.730464094492
2026-02-10 15:00:00+00:00,5331.067036945798
2026-02-10 16:00:00+00:00,5327.2018230906715
2026-02-10 17:00:00+00:00,5329.787962375325
2026-02-10 18:00:00+00:00,5328.906200311234
2026-02-10 19:00:00+00:00,5333.61076101503
2026-02-10 20:00:00+00:00,5337.103404347878
2026-02-10 21:00:00+00:00,5336.725732389155
2026-02-10 22:00:00+00:00,5347.800002623816
2026-02-10 23:00:00+00:00,5348.587476303465
2026-02-11 00:00:00+00:00,5338.26343814052
2026-02-11 01:00:00+00:00,5345.28809785022
2026-02-11 02:00:00+00:00,5348.322843128751
2026-02-11 03:00:00+00:00,5356.803875563128
2026-02-11 04:00:00+00:00,5329.665652734979
2026-02-11 05:00:00+00:00,5340.215188900075
2026-02-11 06:00:00+00:00,5328.773025459039
2026-02-11 07:00:00+00:00,5322.931661402841
2026-02-11 08:00:00+00:00,5323.792986994487
2026-02-11 09:00:00+00:00,5323.573397533909
2026-02-11 10:00:00+00:00,5327.060960133224
2026-02-11 11:00:00+00:00,5325.71904374443
2026-02-11 12:00:00+00:00,5321.283131115186
2026-02-11 13:00:00+00:00,5319.61844793014
2026-02-11 14:00:00+00:00,5330.33856687261
2026-02-11 15:00:00+00:00,5314.139027634108
2026-02-11 16:00:00+00:00,5314.696760872504
2026-02-11 17:00:00+00:00,5315.301793362916
2026-02-11 18:00:00+00:00,5305.363612133825
2026-02-11 19:00:00+00:00,5303.99230821262
2026-02-11 20:00:00+00:00,5307.595703370975
2026-02-11 21:00:00+00:00,5319.048618215674
2026-02-11 22:00:00+00:00,5308.730199100516
2026-02-11 23:00:00+00:00,5308.227278112082
2026-02-12 00:00:00+00:00,5316.995460200109
2026-02-12 01:00:00+00:00,5317.124475810378
2026-02-12 02:00:00+00:00,5318.09632572682
2026-02-12 03:00:00+00:00,5325.787938870494
2026-02-12 04:00:00+00:00,5343.528847311889
2026-02-12 05:00:00+00:00,5345.541669887207
2026-02-12 06:00:00+00:00,5351.898434353943
2026-02-12 07:00:00+00:00,5348.767868782403
2026-02-12 08:00:00+00:00,5348.767868782403
2026-02-12 09:00:00+00:00,5348.767868782403
2026-02-12 10:00:00+00:00,5348.767868782403
2026-02-12 11:00:00+00:00,5348.767868782403
2026-02-12 12:00:00+00:00,5348.767868782403
2026-02-12 13:00:00+00:00,5348.767868782403
2026-02-12 14:00:00+00:00,5348.767868782403
2026-02-12 15:00:00+00:00,5348.767868782403
2026-02-12 16:00:00+00:00,5342.171873534006
2026-02-12 17:00:00+00:00,5361.509031058514
2026-02-12 18:00:00+00:00,5366.064033647886
2026-02-12 19:00:00+00:00,5367.4760194710325
2026-02-12 20:00:00+00:00,5368.380486364747
2026-02-12 21:00:00+00:00,5365.239118622126
2026-02-12 22:00:00+00:00,5365.239118622126
2026-02-12 23:00:00+00:00,5365.239118622126
2026-02-13 00:00:00+00:00,5365.239118622126
2026-02-13 01:00:00+00:00,5365.239118622126
2026-02-13 02:00:00+00:00,5365.239118622126
2026-02-13 03:00:00+00:00,5365.239118622126
2026-02-13 04:00:00+00:00,5365.239118622126
2026-02-13 05:00:00+00:00,5365.239118622126
2026-02-13 06:00:00+00:00,5365.239118622126
2026-02-13 07:00:00+00:00,5365.239118622126
2026-02-13 08:00:00+00:00,5365.239118622126
2026-02-13 09:00:00+00:00,5365.239118622126
2026-02-13 10:00:00+00:00,5365.239118622126
2026-02-13 11:00:00+00:00,5365.239118622126
2026-02-13 12:00:00+00:00,5365.239118622126
2026-02-13 13:00:00+00:00,5365.239118622126
2026-02-13 14:00:00+00:00,5365.239118622126
2026-02-13 15:00:00+00:00,5365.239118622126
2026-02-13 16:00:00+00:00,5337.1563490891895
2026-02-13 17:00:00+00:00,5343.344968385263
2026-02-13 18:00:00+00:00,5349.033823416081
2026-02-13 19:00:00+00:00,5341.480442872042
2026-02-13 20:00:00+00:00,5351.64341293345
2026-02-13 21:00:00+00:00,5345.257020342952
2026-02-13 22:00:00+00:00,5348.5592900171205
2026-02-13 23:00:00+00:00,5350.41036264839
2026-02-14 00:00:00+00:00,5351.281718243623
2026-02-14 01:00:00+00:00,5347.117401688306
2026-02-14 02:00:00+00:00,5349.03935749112
2026-02-14 03:00:00+00:00,5347.704507423625
2026-02-14 04:00:00+00:00,5341.618682331207
2026-02-14 05:00:00+00:00,5343.867072534493
2026-02-14 06:00:00+00:00,5346.685792291027
2026-02-14 07:00:00+00:00,5353.2931523587595
2026-02-14 08:00:00+00:00,5340.875518692392
2026-02-14 09:00:00+00:00,5344.662332705414
2026-02-14 10:00:00+00:00,5344.611811719095
2026-02-14 11:00:00+00:00,5347.853871289325
2026-02-14 12:00:00+00:00,5351.370353804278
2026-02-14 13:00:00+00:00,5343.72212722137
2026-02-14 14:00:00+00:00,5335.434543973199
2026-02-14 15:00:00+00:00,5335.704106248785
2026-02-14 16:00:00+00:00,5340.837249047753
2026-02-14 17:00:00+00:00,5343.403637450446
2026-02-14 18:00:00+00:00,5337.786800538253
2026-02-14 19:00:00+00:00,5338.181770613715
2026-02-14 20:00:00+00:00,5341.941039560483
2026-02-14 21:00:00+00:00,5343.357911347028
2026-02-14 22:00:00+00:00,5338.563753690598
2026-02-14 23:00:00+00:00,5338.567099278107
2026-02-15 00:00:00+00:00,5344.976970503881
2026-02-15 01:00:00+00:00,5363.967025501913
2026-02-15 02:00:00+00:00,5360.351552376745
2026-02-15 03:00:00+00:00,5379.732684841715
2026-02-15 04:00:00+00:00,5376.473727978146
2026-02-15 05:00:00+00:00,5376.473727978146
2026-02-15 06:00:00+00:00,5376.473727978146
2026-02-15 07:00:00+00:00,5376.473727978146
2026-02-15 08:00:00+00:00,5376.473727978146
2026-02-15 09:00:00+00:00,5376.473727978146
2026-02-15 10:00:00+00:00,5376.473727978146
2026-02-15 11:00:00+00:00,5376.473727978146
2026-02-15 12:00:00+00:00,5376.473727978146
2026-02-15 13:00:00+00:00,5376.429952020105
2026-02-15 14:00:00+00:00,5378.1515075621455
2026-02-15 15:00:00+00:00,5382.29215908233
2026-02-15 16:00:00+00:00,5379.262776633213
2026-02-15 17:00:00+00:00,5346.4880422562965
2026-02-15 18:00:00+00:00,5338.2319723577
2026-02-15 19:00:00+00:00,5321.1066477246395
2026-02-15 20:00:00+00:00,5325.641486446194
2026-02-15 21:00:00+00:00,5321.333161161484
2026-02-15 22:00:00+00:00,5331.774374441646
2026-02-15 23:00:00+00:00,5332.917907967414
2026-02-16 00:00:00+00:00,5336.192832688826
2026-02-16 01:00:00+00:00,5336.219627447951
2026-02-16 02:00:00+00:00,5339.81436472358
2026-02-16 03:00:00+00:00,5338.238397634133
2026-02-16 04:00:00+00:00,5340.194646368189
2026-02-16 05:00:00+00:00,5338.830698304176
2026-02-16 06:00:00+00:00,5348.091041600441
2026-02-16 07:00:00+00:00,5348.624169579258
2026-02-16 08:00:00+00:00,5349.958832366055
2026-02-16 09:00:00+00:00,5354.689632385402
2026-02-16 10:00:00+00:00,5351.005114062043
2026-02-16 11:00:00+00:00,5346.932651493135
2026-02-16 12:00:00+00:00,5350.016691862379
2026-02-16 13:00:00+00:00,5351.779064325188
2026-02-16 14:00:00+00:00,5357.474294626633
2026-02-16 15:00:00+00:00,5369.862069671069
2026-02-16 16:00:00+00:00,5379.212954263441
2026-02-16 17:00:00+00:00,5383.836599455309
2026-02-16 18:00:00+00:00,5373.888266319069
2026-02-16 19:00:00+00:00,5378.920533006564
2026-02-16 20:00:00+00:00,5379.96605341168
2026-02-16 21:00:00+00:00,5375.201301217121
2026-02-16 22:00:00+00:00,5373.727339652725
2026-02-16 23:00:00+00:00,5373.014624326928
2026-02-17 00:00:00+00:00,5373.7977675721595
2026-02-17 01:00:00+00:00,5374.966391611081
2026-02-17 02:00:00+00:00,5375.797077137333
2026-02-17 03:00:00+00:00,5372.601598680395
2026-02-17 04:00:00+00:00,5377.311813845517
2026-02-17 05:00:00+00:00,5368.006292297052
2026-02-17 06:00:00+00:00,5368.791831193422
2026-02-17 07:00:00+00:00,5376.04782805699
2026-02-17 08:00:00+00:00,5372.24935653271
2026-02-17 09:00:00+00:00,5372.950906941166
2026-02-17 10:00:00+00:00,5371.355136327417
2026-02-17 11:00:00+00:00,5373.472900196356
2026-02-17 12:00:00+00:00,5372.435325950541
2026-02-17 13:00:00+00:00,5392.0275263383355
2026-02-17 14:00:00+00:00,5388.845300692137
2026-02-17 15:00:00+00:00,5388.845300692137
2026-02-17 16:00:00+00:00,5388.845300692137
2026-02-17 17:00:00+00:00,5388.845300692137
2026-02-17 18:00:00+00:00,5388.845300692137
2026-02-17 19:00:00+00:00,5388.845300692137
2026-02-17 20:00:00+00:00,5388.643354033119
2026-02-17 21:00:00+00:00,5378.813688544424
2026-02-17 22:00:00+00:00,5380.877642683276
2026-02-17 23:00:00+00:00,5382.9858283580625
2026-02-18 00:00:00+00:00,5388.438149984708
2026-02-18 01:00:00+00:00,5388.108637886893
2026-02-18 02:00:00+00:00,5381.709331024981
2026-02-18 03:00:00+00:00,5380.555951211918
2026-02-18 04:00:00+00:00,5385.352114115086
2026-02-18 05:00:00+00:00,5382.2338413055395
2026-02-18 06:00:00+00:00,5382.325028709966
2026-02-18 07:00:00+00:00,5371.178650520178
2026-02-18 08:00:00+00:00,5368.795832081333
2026-02-18 09:00:00+00:00,5375.230667839755
2026-02-18 10:00:00+00:00,5387.145478213544
2026-02-18 11:00:00+00:00,5391.948408013682
2026-02-18 12:00:00+00:00,5393.55043185358
2026-02-18 13:00:00+00:00,5400.702819331118
2026-02-18 14:00:00+00:00,5394.62567830098
2026-02-18 15:00:00+00:00,5398.99907286223
2026-02-18 16:00:00+00:00,5395.103426964124
2026-02-18 17:00:00+00:00,5393.508705535465
2026-02-18 18:00:00+00:00,5390.343537692771
2026-02-18 19:00:00+00:00,5398.410115416818
2026-02-18 20:00:00+00:00,5403.983666537753
2026-02-18 21:00:00+00:00,5403.6665321433475
2026-02-18 22:00:00+00:00,5397.907138997034
2026-02-18 23:00:00+00:00,5389.557921195998
2026-02-19 00:00:00+00:00,5388.321368856042
2026-02-19 01:00:00+00:00,5390.624116494686
2026-02-19 02:00:00+00:00,5388.111680311067
2026-02-19 03:00:00+00:00,5388.384377491926
2026-02-19 04:00:00+00:00,5385.094989309426
2026-02-19 05:00:00+00:00,5386.725279627464
2026-02-19 06:00:00+00:00,5380.5339372774615
2026-02-19 07:00:00+00:00,5384.538095713848
2026-02-19 08:00:00+00:00,5390.159277028038
2026-02-19 09:00:00+00:00,5394.0030821546325
2026-02-19 10:00:00+00:00,5399.506966294787
2026-02-19 11:00:00+00:00,5399.5794508717345
2026-02-19 12:00:00+00:00,5403.15449870233
2026-02-19 13:00:00+00:00,5414.248548482316
2026-02-19 14:00:00+00:00,5411.122871232681
2026-02-19 15:00:00+00:00,5411.122871232681
2026-02-19 16:00:00+00:00,5411.122871232681
2026-02-19 17:00:00+00:00,5403.149926022976
2026-02-19 18:00:00+00:00,5402.941698290996
2026-02-19 19:00:00+00:00,5404.052871908557
2026-02-19 20:00:00+00:00,5412.789379446355
2026-02-19 21:00:00+00:00,5420.038317264883
2026-02-19 22:00:00+00:00,5414.122108497026
2026-02-19 23:00:00+00:00,5417.330975454881
2026-02-20 00:00:00+00:00,5420.465759869783
2026-02-20 01:00:00+00:00,5412.714839350284
2026-02-20 02:00:00+00:00,5408.435151440398
2026-02-20 03:00:00+00:00,5411.234484891747
2026-02-20 04:00:00+00:00,5392.8177019797895
2026-02-20 05:00:00+00:00,5394.107796465397
2026-02-20 06:00:00+00:00,5396.4064377502145
2026-02-20 07:00:00+00:00,5400.020673307971
2026-02-20 08:00:00+00:00,5397.006248827845
2026-02-20 09:00:00+00:00,5394.629131316911
2026-02-20 10:00:00+00:00,5390.888880937103
2026-02-20 11:00:00+00:00,5396.817467103458
2026-02-20 12:00:00+00:00,5396.717350961201
2026-02-20 13:00:00+00:00,5403.506430296107
2026-02-20 14:00:00+00:00,5406.745173126261
2026-02-20 15:00:00+00:00,5414.897930874148
2026-02-20 16:00:00+00:00,5412.658794959171
2026-02-20 17:00:00+00:00,5417.084981992319
2026-02-20 18:00:00+00:00,5416.577878216042
2026-02-20 19:00:00+00:00,5411.845459092288
2026-02-20 20:00:00+00:00,5417.533378183682
2026-02-20 21:00:00+00:00,5419.541080211011
2026-02-20 22:00:00+00:00,5404.492732974414
2026-02-20 23:00:00+00:00,5404.033085669156
2026-02-21 00:00:00+00:00,5403.310269061147
2026-02-21 01:00:00+00:00,5403.106382217739
2026-02-21 02:00:00+00:00,5400.034364705171
2026-02-21 03:00:00+00:00,5404.543738415144
2026-02-21 04:00:00+00:00,5403.207061502298
2026-02-21 05:00:00+00:00,5402.021776011457
2026-02-21 06:00:00+00:00,5402.654988466836
2026-02-21 07:00:00+00:00,5402.256741270619
2026-02-21 08:00:00+00:00,5402.864154769318
2026-02-21 09:00:00+00:00,5400.629089903894
2026-02-21 10:00:00+00:00,5403.31306130839
2026-02-21 11:00:00+00:00,5412.532451637443
2026-02-21 12:00:00+00:00,5406.217543986315
2026-02-21 13:00:00+00:00,5411.493530350355
2026-02-21 14:00:00+00:00,5412.615544457215
2026-02-21 15:00:00+00:00,5406.882861418934
2026-02-21 16:00:00+00:00,5416.038481748426
2026-02-21 17:00:00+00:00,5414.821314190839
2026-02-21 18:00:00+00:00,5413.776350856146
2026-02-21 19:00:00+00:00,5409.7562715471695
2026-02-21 20:00:00+00:00,5403.281026723937
2026-02-21 21:00:00+00:00,5407.716429346204
2026-02-21 22:00:00+00:00,5413.889061441328
2026-02-21 23:00:00+00:00,5412.524925475228
2026-02-22 00:00:00+00:00,5412.8370998903265
2026-02-22 01:00:00+00:00,5409.701852056238
2026-02-22 02:00:00+00:00,5413.34978816109
2026-02-22 03:00:00+00:00,5411.083152130398
2026-02-22 04:00:00+00:00,5412.333809056718
2026-02-22 05:00:00+00:00,5409.002024505499
2026-02-22 06:00:00+00:00,5409.002024505499
2026-02-22 07:00:00+00:00,5409.002024505499
2026-02-22 08:00:00+00:00,5409.002024505499
2026-02-22 09:00:00+00:00,5409.002024505499
2026-02-22 10:00:00+00:00,5409.002024505499
2026-02-22 11:00:00+00:00,5409.002024505499
2026-02-22 12:00:00+00:00,5409.002024505499
2026-02-22 13:00:00+00:00,5409.002024505499
2026-02-22 14:00:00+00:00,5409.002024505499
2026-02-22 15:00:00+00:00,5409.002024505499
2026-02-22 16:00:00+00:00,5409.002024505499
2026-02-22 17:00:00+00:00,5409.002024505499
2026-02-22 18:00:00+00:00,5409.002024505499
2026-02-22 19:00:00+00:00,5409.002024505499
2026-02-22 20:00:00+00:00,5409.002024505499
2026-02-22 21:00:00+00:00,5409.002024505499
2026-02-22 22:00:00+00:00,5409.002024505499
2026-02-22 23:00:00+00:00,5409.002024505499
2026-02-23 00:00:00+00:00,5409.002024505499
2026-02-23 01:00:00+00:00,5409.002024505499
2026-02-23 02:00:00+00:00,5409.002024505499
2026-02-23 03:00:00+00:00,5409.002024505499
2026-02-23 04:00:00+00:00,5409.002024505499
2026-02-23 05:00:00+00:00,5409.002024505499
2026-02-23 06:00:00+00:00,5409.002024505499
2026-02-23 07:00:00+00:00,5406.561980990571
2026-02-23 08:00:00+00:00,5410.9252105857095
2026-02-23 09:00:00+00:00,5434.838027734531
2026-02-23 10:00:00+00:00,5433.025956227682
2026-02-23 11:00:00+00:00,5439.676094837436
2026-02-23 12:00:00+00:00,5443.43447337136
2026-02-23 13:00:00+00:00,5440.15045850807
2026-02-23 14:00:00+00:00,5440.15045850807
2026-02-23 15:00:00+00:00,5440.15045850807
2026-02-23 16:00:00+00:00,5440.15045850807
2026-02-23 17:00:00+00:00,5440.15045850807
2026-02-23 18:00:00+00:00,5440.15045850807
2026-02-23 19:00:00+00:00,5440.15045850807
2026-02-23 20:00:00+00:00,5440.15045850807
2026-02-23 21:00:00+00:00,5440.15045850807
2026-02-23 22:00:00+00:00,5440.15045850807
2026-02-23 23:00:00+00:00,5440.15045850807
2026-02-24 00:00:00+00:00,5440.15045850807
2026-02-24 01:00:00+00:00,5440.15045850807
2026-02-24 02:00:00+00:00,5440.15045850807
2026-02-24 03:00:00+00:00,5440.15045850807
2026-02-24 04:00:00+00:00,5440.15045850807
2026-02-24 05:00:00+00:00,5440.15045850807
2026-02-24 06:00:00+00:00,5440.15045850807
2026-02-24 07:00:00+00:00,5440.15045850807
2026-02-24 08:00:00+00:00,5440.15045850807
2026-02-24 09:00:00+00:00,5440.15045850807
2026-02-24 10:00:00+00:00,5440.15045850807
2026-02-24 11:00:00+00:00,5440.15045850807
2026-02-24 12:00:00+00:00,5440.15045850807
2026-02-24 13:00:00+00:00,5440.15045850807
2026-02-24 14:00:00+00:00,5440.15045850807
2026-02-24 15:00:00+00:00,5440.15045850807
2026-02-24 16:00:00+00:00,5440.15045850807
2026-02-24 17:00:00+00:00,5440.15045850807
2026-02-24 18:00:00+00:00,5440.15045850807
2026-02-24 19:00:00+00:00,5440.15045850807
2026-02-24 20:00:00+00:00,5440.15045850807
2026-02-24 21:00:00+00:00,5440.15045850807
2026-02-24 22:00:00+00:00,5440.15045850807
2026-02-24 23:00:00+00:00,5440.15045850807
2026-02-25 00:00:00+00:00,5440.15045850807
2026-02-25 01:00:00+00:00,5440.15045850807
2026-02-25 02:00:00+00:00,5440.15045850807
2026-02-25 03:00:00+00:00,5440.15045850807
2026-02-25 04:00:00+00:00,5440.15045850807
2026-02-25 05:00:00+00:00,5440.15045850807
2026-02-25 06:00:00+00:00,5440.15045850807
2026-02-25 07:00:00+00:00,5440.15045850807
2026-02-25 08:00:00+00:00,5440.15045850807
2026-02-25 09:00:00+00:00,5440.15045850807
2026-02-25 10:00:00+00:00,5434.003710141132
2026-02-25 11:00:00+00:00,5416.1346728921635
2026-02-25 12:00:00+00:00,5403.9112604340025
2026-02-25 13:00:00+00:00,5395.031246389174
2026-02-25 14:00:00+00:00,5378.7088309072515
2026-02-25 15:00:00+00:00,5373.293656682782
2026-02-25 16:00:00+00:00,5363.7210077889395
2026-02-25 17:00:00+00:00,5340.144430454553
2026-02-25 18:00:00+00:00,5336.667798669184
2026-02-25 19:00:00+00:00,5326.091282151214
2026-02-25 20:00:00+00:00,5325.503044888638
2026-02-25 21:00:00+00:00,5283.541994715658
2026-02-25 22:00:00+00:00,5280.342284372738
2026-02-25 23:00:00+00:00,5280.342284372738
2026-02-26 00:00:00+00:00,5284.37271699405
2026-02-26 01:00:00+00:00,5286.21338591578
2026-02-26 02:00:00+00:00,5293.2363467502355
2026-02-26 03:00:00+00:00,5290.618184348452
2026-02-26 04:00:00+00:00,5277.445271714649
2026-02-26 05:00:00+00:00,5283.735992372732
2026-02-26 06:00:00+00:00,5278.238484136906
2026-02-26 07:00:00+00:00,5276.422728346546
2026-02-26 08:00:00+00:00,5280.134924576241
2026-02-26 09:00:00+00:00,5278.1799357777245
2026-02-26 10:00:00+00:00,5279.4801903767775
2026-02-26 11:00:00+00:00,5279.998705646269
2026-02-26 12:00:00+00:00,5268.202451648277
2026-02-26 13:00:00+00:00,5264.386397606385
2026-02-26 14:00:00+00:00,5273.876925566809
2026-02-26 15:00:00+00:00,5284.939696621509
2026-02-26 16:00:00+00:00,5319.811505646462
2026-02-26 17:00:00+00:00,5320.880963106763
2026-02-26 18:00:00+00:00,5319.182411874742
2026-02-26 19:00:00+00:00,5296.880522499928
2026-02-26 20:00:00+00:00,5298.717222766985
2026-02-26 21:00:00+00:00,5291.656305095174
2026-02-26 22:00:00+00:00,5292.086649849266
2026-02-26 23:00:00+00:00,5295.837999188108
2026-02-27 00:00:00+00:00,5302.353254274737
2026-02-27 01:00:00+00:00,5298.374915277528
2026-02-27 02:00:00+00:00,5289.20131746075
2026-02-27 03:00:00+00:00,5277.267437171989
2026-02-27 04:00:00+00:00,5286.605965613105
2026-02-27 05:00:00+00:00,5287.134669908761
2026-02-27 06:00:00+00:00,5291.873048236652
2026-02-27 07:00:00+00:00,5297.248528946952
2026-02-27 08:00:00+00:00,5305.690686526458
2026-02-27 09:00:00+00:00,5313.787919173297
2026-02-27 10:00:00+00:00,5322.395640946442
2026-02-27 11:00:00+00:00,5327.855752232379
2026-02-27 12:00:00+00:00,5324.800718591963
2026-02-27 13:00:00+00:00,5324.800718591963
2026-02-27 14:00:00+00:00,5324.800718591963
2026-02-27 15:00:00+00:00,5324.800718591963
2026-02-27 16:00:00+00:00,5324.800718591963
2026-02-27 17:00:00+00:00,5319.403897529667
2026-02-27 18:00:00+00:00,5315.897851451661
2026-02-27 19:00:00+00:00,5316.752356066935
2026-02-27 20:00:00+00:00,5311.568335192737
2026-02-27 21:00:00+00:00,5311.5843061076075
2026-02-27 22:00:00+00:00,5306.953583032808
2026-02-27 23:00:00+00:00,5309.331205628398
2026-02-28 00:00:00+00:00,5310.2176449345525
2026-02-28 01:00:00+00:00,5305.86586819408
2026-02-28 02:00:00+00:00,5306.518202891862
2026-02-28 03:00:00+00:00,5305.121482414505
2026-02-28 04:00:00+00:00,5311.740886809969
2026-02-28 05:00:00+00:00,5307.690565942827
2026-02-28 06:00:00+00:00,5297.375995680923
2026-02-28 07:00:00+00:00,5305.34376870597
2026-02-28 08:00:00+00:00,5300.272379609034
2026-02-28 09:00:00+00:00,5296.309258441301
2026-02-28 10:00:00+00:00,5296.217295560318
2026-02-28 11:00:00+00:00,5300.177382354128
2026-02-28 12:00:00+00:00,5300.535576164138
2026-02-28 13:00:00+00:00,5307.072547526713
2026-02-28 14:00:00+00:00,5310.045963117533
2026-02-28 15:00:00+00:00,5309.008763749848
2026-02-28 16:00:00+00:00,5305.582390606596
2026-02-28 17:00:00+00:00,5295.90266376195
2026-02-28 18:00:00+00:00,5316.631639764737
2026-02-28 19:00:00+00:00,5313.606902518763
2026-02-28 20:00:00+00:00,5315.153571001932
2026-02-28 21:00:00+00:00,5313.923443011343
2026-02-28 22:00:00+00:00,5305.112386157723
2026-02-28 23:00:00+00:00,5305.112386157723
2026-04-04 00:00:00+00:00,5305.112386157723
2026-04-04 01:00:00+00:00,5305.112386157723
2026-04-04 02:00:00+00:00,5305.112386157723
2026-04-04 03:00:00+00:00,5305.112386157723
2026-04-04 04:00:00+00:00,5305.112386157723
2026-04-04 05:00:00+00:00,5305.112386157723
2026-04-04 06:00:00+00:00,5305.112386157723
2026-04-04 07:00:00+00:00,5305.112386157723
2026-04-04 08:00:00+00:00,5305.112386157723
2026-04-04 09:00:00+00:00,5305.112386157723
2026-04-04 10:00:00+00:00,5305.112386157723
2026-04-04 11:00:00+00:00,5305.112386157723
2026-04-04 12:00:00+00:00,5305.112386157723
2026-04-04 13:00:00+00:00,5305.112386157723
2026-04-04 14:00:00+00:00,5305.112386157723
2026-04-04 15:00:00+00:00,5305.112386157723
2026-04-04 16:00:00+00:00,5305.112386157723
2026-04-04 17:00:00+00:00,5305.112386157723
2026-04-04 18:00:00+00:00,5305.112386157723
2026-04-04 19:00:00+00:00,5305.112386157723
2026-04-04 20:00:00+00:00,5305.112386157723
2026-04-04 21:00:00+00:00,5305.112386157723
2026-04-04 22:00:00+00:00,5305.112386157723
2026-04-04 23:00:00+00:00,5305.112386157723
2026-04-05 00:00:00+00:00,5305.112386157723
2026-04-05 01:00:00+00:00,5305.112386157723
2026-04-05 02:00:00+00:00,5305.112386157723
2026-04-05 03:00:00+00:00,5305.112386157723
2026-04-05 04:00:00+00:00,5305.112386157723
2026-04-05 05:00:00+00:00,5305.112386157723
2026-04-05 06:00:00+00:00,5305.112386157723
2026-04-05 07:00:00+00:00,5305.112386157723
2026-04-05 08:00:00+00:00,5305.112386157723
2026-04-05 09:00:00+00:00,5305.112386157723
2026-04-05 10:00:00+00:00,5305.112386157723
2026-04-05 11:00:00+00:00,5305.112386157723
2026-04-05 12:00:00+00:00,5305.112386157723
2026-04-05 13:00:00+00:00,5308.593050081089
2026-04-05 14:00:00+00:00,5309.949277487501
2026-04-05 15:00:00+00:00,5315.498161447856
2026-04-05 16:00:00+00:00,5316.736332398758
2026-04-05 17:00:00+00:00,5323.421225965139
2026-04-05 18:00:00+00:00,5322.673699367759
2026-04-05 19:00:00+00:00,5323.5230247208165
2026-04-05 20:00:00+00:00,5320.329329053924
2026-04-05 21:00:00+00:00,5313.535960444279
2026-04-05 22:00:00+00:00,5315.83248515768
2026-04-05 23:00:00+00:00,5320.494652672757
2026-04-06 00:00:00+00:00,5333.777726877842
2026-04-06 01:00:00+00:00,5330.478933653081
2026-04-06 02:00:00+00:00,5330.478933653081
2026-04-06 03:00:00+00:00,5330.478933653081
2026-04-06 04:00:00+00:00,5330.478933653081
2026-04-06 05:00:00+00:00,5330.478933653081
2026-04-06 06:00:00+00:00,5330.478933653081
2026-04-06 07:00:00+00:00,5330.478933653081
2026-04-06 08:00:00+00:00,5330.478933653081
2026-04-06 09:00:00+00:00,5330.478933653081
2026-04-06 10:00:00+00:00,5330.478933653081
2026-04-06 11:00:00+00:00,5330.478933653081
2026-04-06 12:00:00+00:00,5330.478933653081
2026-04-06 13:00:00+00:00,5330.478933653081
2026-04-06 14:00:00+00:00,5330.478933653081
2026-04-06 15:00:00+00:00,5330.478933653081
2026-04-06 16:00:00+00:00,5330.478933653081
2026-04-06 17:00:00+00:00,5330.478933653081
2026-04-06 18:00:00+00:00,5330.478933653081
2026-04-06 19:00:00+00:00,5330.478933653081
2026-04-06 20:00:00+00:00,5330.478933653081
2026-04-06 21:00:00+00:00,5330.478933653081
2026-04-06 22:00:00+00:00,5330.478933653081
2026-04-06 23:00:00+00:00,5330.478933653081
2026-04-07 00:00:00+00:00,5330.478933653081
2026-04-07 01:00:00+00:00,5330.478933653081
2026-04-07 02:00:00+00:00,5330.478933653081
2026-04-07 03:00:00+00:00,5330.478933653081
2026-04-07 04:00:00+00:00,5330.478933653081
2026-04-07 05:00:00+00:00,5330.478933653081
2026-04-07 06:00:00+00:00,5330.478933653081
2026-04-07 07:00:00+00:00,5330.478933653081
2026-04-07 08:00:00+00:00,5330.478933653081
2026-04-07 09:00:00+00:00,5330.478933653081
2026-04-07 10:00:00+00:00,5330.478933653081
2026-04-07 11:00:00+00:00,5330.478933653081
2026-04-07 12:00:00+00:00,5330.478933653081
2026-04-07 13:00:00+00:00,5330.478933653081
2026-04-07 14:00:00+00:00,5330.478933653081
2026-04-07 15:00:00+00:00,5330.478933653081
2026-04-07 16:00:00+00:00,5330.478933653081
2026-04-07 17:00:00+00:00,5330.478933653081
2026-04-07 18:00:00+00:00,5330.478933653081
2026-04-07 19:00:00+00:00,5330.478933653081
2026-04-07 20:00:00+00:00,5330.478933653081
2026-04-07 21:00:00+00:00,5330.478933653081
2026-04-07 22:00:00+00:00,5330.478933653081
2026-04-07 23:00:00+00:00,5318.631558517342
2026-04-08 00:00:00+00:00,5315.4405445209595
2026-04-08 01:00:00+00:00,5309.005221330699
2026-04-08 02:00:00+00:00,5301.11841350685
2026-04-08 03:00:00+00:00,5301.423858097924
2026-04-08 04:00:00+00:00,5304.4641740630395
2026-04-08 05:00:00+00:00,5310.890728846623
2026-04-08 06:00:00+00:00,5304.756918239387
2026-04-08 07:00:00+00:00,5291.912948986782
2026-04-08 08:00:00+00:00,5294.893357774967
2026-04-08 09:00:00+00:00,5298.467259075773
2026-04-08 10:00:00+00:00,5298.995155976663
2026-04-08 11:00:00+00:00,5300.80746020985
2026-04-08 12:00:00+00:00,5304.990223236191
2026-04-08 13:00:00+00:00,5311.6031156800445
2026-04-08 14:00:00+00:00,5334.598984779473
2026-04-08 15:00:00+00:00,5325.205771903057
2026-04-08 16:00:00+00:00,5329.652322326171
2026-04-08 17:00:00+00:00,5327.175787424375
2026-04-08 18:00:00+00:00,5334.073099692718
2026-04-08 19:00:00+00:00,5330.976031223361
2026-04-08 20:00:00+00:00,5334.366916496088
2026-04-08 21:00:00+00:00,5334.941739871529
2026-04-08 22:00:00+00:00,5346.911109161428
2026-04-08 23:00:00+00:00,5343.753276084552
2026-04-09 00:00:00+00:00,5343.753276084552
2026-04-09 01:00:00+00:00,5343.753276084552
2026-04-09 02:00:00+00:00,5343.753276084552
2026-04-09 03:00:00+00:00,5343.753276084552
2026-04-09 04:00:00+00:00,5343.753276084552
2026-04-09 05:00:00+00:00,5343.753276084552
2026-04-09 06:00:00+00:00,5343.753276084552
2026-04-09 07:00:00+00:00,5343.753276084552
2026-04-09 08:00:00+00:00,5343.753276084552
2026-04-09 09:00:00+00:00,5343.753276084552
2026-04-09 10:00:00+00:00,5343.753276084552
2026-04-09 11:00:00+00:00,5343.753276084552
2026-04-09 12:00:00+00:00,5343.753276084552
2026-04-09 13:00:00+00:00,5343.753276084552
2026-04-09 14:00:00+00:00,5343.753276084552
2026-04-09 15:00:00+00:00,5343.753276084552
2026-04-09 16:00:00+00:00,5343.753276084552
2026-04-09 17:00:00+00:00,5343.753276084552
2026-04-09 18:00:00+00:00,5343.753276084552
2026-04-09 19:00:00+00:00,5343.753276084552
2026-04-09 20:00:00+00:00,5343.753276084552
2026-04-09 21:00:00+00:00,5343.753276084552
2026-04-09 22:00:00+00:00,5343.753276084552
2026-04-09 23:00:00+00:00,5343.753276084552
2026-04-10 00:00:00+00:00,5339.925352812585
2026-04-10 01:00:00+00:00,5332.213034684424
2026-04-10 02:00:00+00:00,5332.800549305721
2026-04-10 03:00:00+00:00,5332.721404293417
2026-04-10 04:00:00+00:00,5334.903149330509
2026-04-10 05:00:00+00:00,5336.283722958938
2026-04-10 06:00:00+00:00,5335.04798666692
2026-04-10 07:00:00+00:00,5338.756041528984
2026-04-10 08:00:00+00:00,5342.02976566453
2026-04-10 09:00:00+00:00,5348.356819473991
2026-04-10 10:00:00+00:00,5344.646037817745
2026-04-10 11:00:00+00:00,5359.29272195991
2026-04-10 12:00:00+00:00,5358.180250361132
2026-04-10 13:00:00+00:00,5360.628012676643
2026-04-10 14:00:00+00:00,5362.61074705911
2026-04-10 15:00:00+00:00,5357.454945768997
2026-04-10 16:00:00+00:00,5362.959459469683
2026-04-10 17:00:00+00:00,5362.152758938192
2026-04-10 18:00:00+00:00,5364.029820604291
2026-04-10 19:00:00+00:00,5363.79268770524
2026-04-10 20:00:00+00:00,5361.939132364614
2026-04-10 21:00:00+00:00,5367.294427729926
2026-04-10 22:00:00+00:00,5364.002847246881
2026-04-10 23:00:00+00:00,5364.200324551868
2026-04-11 00:00:00+00:00,5361.173605669931
2026-04-11 01:00:00+00:00,5363.29416023702
2026-04-11 02:00:00+00:00,5367.578399550648
2026-04-11 03:00:00+00:00,5364.307018980645
2026-04-11 04:00:00+00:00,5364.307018980645
2026-04-11 05:00:00+00:00,5364.307018980645
2026-04-11 06:00:00+00:00,5364.307018980645
2026-04-11 07:00:00+00:00,5364.307018980645
2026-04-11 08:00:00+00:00,5364.307018980645
2026-04-11 09:00:00+00:00,5364.307018980645
2026-04-11 10:00:00+00:00,5364.307018980645
2026-04-11 11:00:00+00:00,5364.307018980645
2026-04-11 12:00:00+00:00,5364.307018980645
2026-04-11 13:00:00+00:00,5364.307018980645
2026-04-11 14:00:00+00:00,5364.307018980645
2026-04-11 15:00:00+00:00,5364.307018980645
2026-04-11 16:00:00+00:00,5364.307018980645
2026-04-11 17:00:00+00:00,5364.307018980645
2026-04-11 18:00:00+00:00,5364.307018980645
2026-04-11 19:00:00+00:00,5352.826156270363
2026-04-11 20:00:00+00:00,5359.535950631833
2026-04-11 21:00:00+00:00,5363.20388236564
2026-04-11 22:00:00+00:00,5364.366481159325
2026-04-11 23:00:00+00:00,5366.650858641129
2026-04-12 00:00:00+00:00,5366.751156656034
2026-04-12 01:00:00+00:00,5391.763692613549
2026-04-12 02:00:00+00:00,5391.284343720324
2026-04-12 03:00:00+00:00,5396.558856461177
2026-04-12 04:00:00+00:00,5393.580940991505
2026-04-12 05:00:00+00:00,5396.432628400232
2026-04-12 06:00:00+00:00,5396.004120099831
2026-04-12 07:00:00+00:00,5393.90714416505
2026-04-12 08:00:00+00:00,5397.349880857477
2026-04-12 09:00:00+00:00,5393.988494373109
2026-04-12 10:00:00+00:00,5405.424058458158
2026-04-12 11:00:00+00:00,5403.040811808823
2026-04-12 12:00:00+00:00,5400.311592458866
2026-04-12 13:00:00+00:00,5402.171879623431
2026-04-12 14:00:00+00:00,5403.889813292748
2026-04-12 15:00:00+00:00,5402.68851613242
2026-04-12 16:00:00+00:00,5402.918606584634
2026-04-12 17:00:00+00:00,5392.118635698037
2026-04-12 18:00:00+00:00,5395.053129742334
2026-04-12 19:00:00+00:00,5396.016502757669
2026-04-12 20:00:00+00:00,5387.571251460983
2026-04-12 21:00:00+00:00,5391.171012808666
2026-04-12 22:00:00+00:00,5388.16036817193
2026-04-12 23:00:00+00:00,5391.16762509083
2026-04-13 00:00:00+00:00,5390.772535825043
2026-04-13 01:00:00+00:00,5393.66854307179
2026-04-13 02:00:00+00:00,5400.431279515296
2026-04-13 03:00:00+00:00,5396.609500557405
2026-04-13 04:00:00+00:00,5398.03328414276
2026-04-13 05:00:00+00:00,5396.457610462212
2026-04-13 06:00:00+00:00,5393.273971733094
2026-04-13 07:00:00+00:00,5399.640730393455
2026-04-13 08:00:00+00:00,5396.56870363415
2026-04-13 09:00:00+00:00,5396.56870363415
2026-04-13 10:00:00+00:00,5396.56870363415
2026-04-13 11:00:00+00:00,5396.56870363415
2026-04-13 12:00:00+00:00,5396.56870363415
2026-04-13 13:00:00+00:00,5396.56870363415
2026-04-13 14:00:00+00:00,5396.56870363415
2026-04-13 15:00:00+00:00,5396.56870363415
2026-04-13 16:00:00+00:00,5396.56870363415
2026-04-13 17:00:00+00:00,5396.56870363415
2026-04-13 18:00:00+00:00,5396.56870363415
2026-04-13 19:00:00+00:00,5396.56870363415
2026-04-13 20:00:00+00:00,5396.56870363415
2026-04-13 21:00:00+00:00,5396.56870363415
2026-04-13 22:00:00+00:00,5396.56870363415
2026-04-13 23:00:00+00:00,5366.246082808788
2026-04-14 00:00:00+00:00,5366.606565337982
2026-04-14 01:00:00+00:00,5365.941666050668
2026-04-14 02:00:00+00:00,5365.59626757048
2026-04-14 03:00:00+00:00,5371.833576382608
2026-04-14 04:00:00+00:00,5371.282406951853
2026-04-14 05:00:00+00:00,5374.871853632873
2026-04-14 06:00:00+00:00,5366.031289750067
2026-04-14 07:00:00+00:00,5361.654997640853
2026-04-14 08:00:00+00:00,5357.492007434107
2026-04-14 09:00:00+00:00,5349.209229998491
2026-04-14 10:00:00+00:00,5357.526008358699
2026-04-14 11:00:00+00:00,5359.749143767357
2026-04-14 12:00:00+00:00,5362.746333090869
2026-04-14 13:00:00+00:00,5380.8337996660475
2026-04-14 14:00:00+00:00,5406.453648078622
2026-04-14 15:00:00+00:00,5404.566516372119
2026-04-14 16:00:00+00:00,5415.252961313592
2026-04-14 17:00:00+00:00,5413.498884887411
2026-04-14 18:00:00+00:00,5418.386279671147
2026-04-14 19:00:00+00:00,5423.244982749655
2026-04-14 20:00:00+00:00,5417.403951367792
2026-04-14 21:00:00+00:00,5413.75652103375
2026-04-14 22:00:00+00:00,5414.645707457508
2026-04-14 23:00:00+00:00,5410.830446605494
2026-04-15 00:00:00+00:00,5412.773386429824
2026-04-15 01:00:00+00:00,5412.020027650094
2026-04-15 02:00:00+00:00,5414.177478351013
2026-04-15 03:00:00+00:00,5410.322354263303
2026-04-15 04:00:00+00:00,5404.954206832024
2026-04-15 05:00:00+00:00,5409.660277504722
2026-04-15 06:00:00+00:00,5407.1422877582145
2026-04-15 07:00:00+00:00,5402.767786211426
2026-04-15 08:00:00+00:00,5403.395427937986
2026-04-15 09:00:00+00:00,5408.29532808525
2026-04-15 10:00:00+00:00,5406.919149588549
2026-04-15 11:00:00+00:00,5395.330759174226
2026-04-15 12:00:00+00:00,5403.2243078428655
2026-04-15 13:00:00+00:00,5402.303922385154
2026-04-15 14:00:00+00:00,5392.462952564962
2026-04-15 15:00:00+00:00,5388.820924398608
2026-04-15 16:00:00+00:00,5381.276880883657
2026-04-15 17:00:00+00:00,5380.261068869153
2026-04-15 18:00:00+00:00,5378.347392972786
2026-04-15 19:00:00+00:00,5381.342779430983
2026-04-15 20:00:00+00:00,5389.389588844717
2026-04-15 21:00:00+00:00,5387.740651337056
2026-04-15 22:00:00+00:00,5393.130158597778
2026-04-15 23:00:00+00:00,5391.787935781796
2026-04-16 00:00:00+00:00,5391.24595856201
2026-04-16 01:00:00+00:00,5395.067180071345
2026-04-16 02:00:00+00:00,5398.002205804632
2026-04-16 03:00:00+00:00,5397.222031448689
2026-04-16 04:00:00+00:00,5403.317721585548
2026-04-16 05:00:00+00:00,5403.717245809663
2026-04-16 06:00:00+00:00,5404.305942203677
2026-04-16 07:00:00+00:00,5409.053090960819
2026-04-16 08:00:00+00:00,5405.8331240096195
2026-04-16 09:00:00+00:00,5405.8331240096195
2026-04-16 10:00:00+00:00,5405.8331240096195
2026-04-16 11:00:00+00:00,5405.8331240096195
2026-04-16 12:00:00+00:00,5405.8331240096195
2026-04-16 13:00:00+00:00,5405.8331240096195
2026-04-16 14:00:00+00:00,5405.8331240096195
2026-04-16 15:00:00+00:00,5405.8331240096195
2026-04-16 16:00:00+00:00,5405.8331240096195
2026-04-16 17:00:00+00:00,5405.8331240096195
2026-04-16 18:00:00+00:00,5405.8331240096195
2026-04-16 19:00:00+00:00,5405.8331240096195
2026-04-16 20:00:00+00:00,5405.8331240096195
2026-04-16 21:00:00+00:00,5405.8331240096195
2026-04-16 22:00:00+00:00,5405.8331240096195
2026-04-16 23:00:00+00:00,5405.8331240096195
2026-04-17 00:00:00+00:00,5405.8331240096195
2026-04-17 01:00:00+00:00,5405.8331240096195
2026-04-17 02:00:00+00:00,5405.8331240096195
2026-04-17 03:00:00+00:00,5405.8331240096195
2026-04-17 04:00:00+00:00,5405.8331240096195
2026-04-17 05:00:00+00:00,5405.8331240096195
2026-04-17 06:00:00+00:00,5405.713433656899
2026-04-17 07:00:00+00:00,5404.0198689456965
2026-04-17 08:00:00+00:00,5402.543472928898
2026-04-17 09:00:00+00:00,5407.286548656197
2026-04-17 10:00:00+00:00,5408.246617765203
2026-04-17 11:00:00+00:00,5409.866571040721
2026-04-17 12:00:00+00:00,5406.11967628781
2026-04-17 13:00:00+00:00,5442.262335258629
2026-04-17 14:00:00+00:00,5438.870076621157
2026-04-17 15:00:00+00:00,5438.870076621157
2026-04-17 16:00:00+00:00,5438.870076621157
2026-04-17 17:00:00+00:00,5438.870076621157
2026-04-17 18:00:00+00:00,5438.870076621157
2026-04-17 19:00:00+00:00,5438.870076621157
2026-04-17 20:00:00+00:00,5438.870076621157
2026-04-17 21:00:00+00:00,5438.870076621157
2026-04-17 22:00:00+00:00,5438.870076621157
2026-04-17 23:00:00+00:00,5438.870076621157
2026-04-18 00:00:00+00:00,5438.870076621157
2026-04-18 01:00:00+00:00,5438.870076621157
2026-04-18 02:00:00+00:00,5438.870076621157
2026-04-18 03:00:00+00:00,5438.870076621157
2026-04-18 04:00:00+00:00,5438.870076621157
2026-04-18 05:00:00+00:00,5438.870076621157
2026-04-18 06:00:00+00:00,5438.870076621157
2026-04-18 07:00:00+00:00,5438.870076621157
2026-04-18 08:00:00+00:00,5438.870076621157
2026-04-18 09:00:00+00:00,5435.116577872631
2026-04-18 10:00:00+00:00,5430.566846734331
2026-04-18 11:00:00+00:00,5428.3624885242425
2026-04-18 12:00:00+00:00,5428.237025503123
2026-04-18 13:00:00+00:00,5428.425028028976
2026-04-18 14:00:00+00:00,5434.580250504179
2026-04-18 15:00:00+00:00,5436.05508396254
2026-04-18 16:00:00+00:00,5440.877296270942
2026-04-18 17:00:00+00:00,5445.868136221079
2026-04-18 18:00:00+00:00,5436.267600628122
2026-04-18 19:00:00+00:00,5437.4271213105285
2026-04-18 20:00:00+00:00,5438.340101936633
2026-04-18 21:00:00+00:00,5439.455892427708
2026-04-18 22:00:00+00:00,5440.8057550102785
2026-04-18 23:00:00+00:00,5437.897190752812
2026-04-19 00:00:00+00:00,5437.225246274298
2026-04-19 01:00:00+00:00,5437.520168237138
2026-04-19 02:00:00+00:00,5431.312967084346
2026-04-19 03:00:00+00:00,5432.432588437401
2026-04-19 04:00:00+00:00,5419.534136343536
2026-04-19 05:00:00+00:00,5422.882203949652
2026-04-19 06:00:00+00:00,5422.151511813231
2026-04-19 07:00:00+00:00,5414.105753951198
2026-04-19 08:00:00+00:00,5416.818311734249
2026-04-19 09:00:00+00:00,5415.953060203811
2026-04-19 10:00:00+00:00,5417.5846791165495
2026-04-19 11:00:00+00:00,5416.935964645657
2026-04-19 12:00:00+00:00,5419.9210788572245
2026-04-19 13:00:00+00:00,5416.064137973753
2026-04-19 14:00:00+00:00,5412.2952006151645
2026-04-19 15:00:00+00:00,5410.13319661923
2026-04-19 16:00:00+00:00,5404.672693666962
2026-04-19 17:00:00+00:00,5408.5049265718535
2026-04-19 18:00:00+00:00,5408.496172423562
2026-04-19 19:00:00+00:00,5406.431040374376
2026-04-19 20:00:00+00:00,5395.99890738368
2026-04-19 21:00:00+00:00,5398.0561420830045
2026-04-19 22:00:00+00:00,5404.660175644132
2026-04-19 23:00:00+00:00,5405.9062323272265
2026-04-20 00:00:00+00:00,5407.870561406932
2026-04-20 01:00:00+00:00,5403.6100639917995
2026-04-20 02:00:00+00:00,5400.542471057584
2026-04-20 03:00:00+00:00,5402.420801138927
2026-04-20 04:00:00+00:00,5401.618207693661
2026-04-20 05:00:00+00:00,5397.0920260610355
2026-04-20 06:00:00+00:00,5396.721118477893
2026-04-20 07:00:00+00:00,5408.702309023447
2026-04-20 08:00:00+00:00,5407.66239478208
2026-04-20 09:00:00+00:00,5412.956867521324
2026-04-20 10:00:00+00:00,5407.750005383522
2026-04-20 11:00:00+00:00,5407.745397288395
2026-04-20 12:00:00+00:00,5416.549066988965
2026-04-20 13:00:00+00:00,5407.643662262069
2026-04-20 14:00:00+00:00,5393.138330574333
2026-04-20 15:00:00+00:00,5395.923529717249
2026-04-20 16:00:00+00:00,5393.29410316966
2026-04-20 17:00:00+00:00,5393.148632110159
2026-04-20 18:00:00+00:00,5393.4340828982895
2026-04-20 19:00:00+00:00,5395.40957125112
2026-04-20 20:00:00+00:00,5402.954384525945
2026-04-20 21:00:00+00:00,5395.799081090153
2026-04-20 22:00:00+00:00,5392.93640637424
2026-04-20 23:00:00+00:00,5391.460529953461
2026-04-21 00:00:00+00:00,5391.480185618531
2026-04-21 01:00:00+00:00,5389.384798061974
2026-04-21 02:00:00+00:00,5394.007938285392
2026-04-21 03:00:00+00:00,5392.95066289627
2026-04-21 04:00:00+00:00,5392.793559478815
2026-04-21 05:00:00+00:00,5392.8537596092365
2026-04-21 06:00:00+00:00,5390.516914413256
2026-04-21 07:00:00+00:00,5387.239801305508
2026-04-21 08:00:00+00:00,5378.480417218279
2026-04-21 09:00:00+00:00,5375.261272194487
2026-04-21 10:00:00+00:00,5375.261272194487
2026-04-21 11:00:00+00:00,5369.909527264716
2026-04-21 12:00:00+00:00,5371.440954196316
2026-04-21 13:00:00+00:00,5380.749875571396
2026-04-21 14:00:00+00:00,5373.016021702566
2026-04-21 15:00:00+00:00,5380.152727983156
2026-04-21 16:00:00+00:00,5378.634116915886
2026-04-21 17:00:00+00:00,5385.27828191749
2026-04-21 18:00:00+00:00,5390.942035012423
2026-04-21 19:00:00+00:00,5394.425266353918
2026-04-21 20:00:00+00:00,5390.040811563842
2026-04-21 21:00:00+00:00,5392.674989772702
2026-04-21 22:00:00+00:00,5388.0714780433
2026-04-21 23:00:00+00:00,5382.447147082733
2026-04-22 00:00:00+00:00,5378.892167241909
2026-04-22 01:00:00+00:00,5377.745797138724
2026-04-22 02:00:00+00:00,5387.841061952941
2026-04-22 03:00:00+00:00,5382.573239507007
2026-04-22 04:00:00+00:00,5383.137113893717
2026-04-22 05:00:00+00:00,5404.484614007608
2026-04-22 06:00:00+00:00,5401.1873359226665
2026-04-22 07:00:00+00:00,5401.1873359226665
2026-04-22 08:00:00+00:00,5401.1873359226665
2026-04-22 09:00:00+00:00,5401.1873359226665
2026-04-22 10:00:00+00:00,5401.1873359226665
2026-04-22 11:00:00+00:00,5401.1873359226665
2026-04-22 12:00:00+00:00,5401.1873359226665
2026-04-22 13:00:00+00:00,5401.1873359226665
2026-04-22 14:00:00+00:00,5401.1873359226665
2026-04-22 15:00:00+00:00,5401.1873359226665
2026-04-22 16:00:00+00:00,5401.1873359226665
2026-04-22 17:00:00+00:00,5401.1873359226665
2026-04-22 18:00:00+00:00,5401.1873359226665
2026-04-22 19:00:00+00:00,5401.1873359226665
2026-04-22 20:00:00+00:00,5401.1873359226665
2026-04-22 21:00:00+00:00,5401.1873359226665
2026-04-22 22:00:00+00:00,5401.1873359226665
2026-04-22 23:00:00+00:00,5401.1873359226665
2026-04-23 00:00:00+00:00,5401.1873359226665
2026-04-23 01:00:00+00:00,5401.1873359226665
2026-04-23 02:00:00+00:00,5394.883828645791
2026-04-23 03:00:00+00:00,5388.811395659505
2026-04-23 04:00:00+00:00,5390.758109802773
2026-04-23 05:00:00+00:00,5387.9107427334175
2026-04-23 06:00:00+00:00,5388.401370438933
2026-04-23 07:00:00+00:00,5381.9414016811525
2026-04-23 08:00:00+00:00,5383.527656583864
2026-04-23 09:00:00+00:00,5363.595102592653
2026-04-23 10:00:00+00:00,5370.074025986121
2026-04-23 11:00:00+00:00,5377.343957149783
2026-04-23 12:00:00+00:00,5371.186393060104
2026-04-23 13:00:00+00:00,5372.219617733044
2026-04-23 14:00:00+00:00,5366.329611248757
2026-04-23 15:00:00+00:00,5358.757642114184
2026-04-23 16:00:00+00:00,5360.316255295949
2026-04-23 17:00:00+00:00,5353.336175186397
2026-04-23 18:00:00+00:00,5350.565582028551
2026-04-23 19:00:00+00:00,5358.199273771497
2026-04-23 20:00:00+00:00,5366.337460373073
2026-04-23 21:00:00+00:00,5362.577102412133
2026-04-23 22:00:00+00:00,5361.541225838415
2026-04-23 23:00:00+00:00,5358.946960549767
2026-04-24 00:00:00+00:00,5356.172182470096
2026-04-24 01:00:00+00:00,5356.88608959835
2026-04-24 02:00:00+00:00,5351.932016892311
2026-04-24 03:00:00+00:00,5352.227068332899
2026-04-24 04:00:00+00:00,5352.059018392554
2026-04-24 05:00:00+00:00,5352.21121338018
2026-04-24 06:00:00+00:00,5351.319627369304
2026-04-24 07:00:00+00:00,5358.451091150044
2026-04-24 08:00:00+00:00,5357.961021638166
2026-04-24 09:00:00+00:00,5360.648563407021
2026-04-24 10:00:00+00:00,5359.819563268994
2026-04-24 11:00:00+00:00,5357.148813324967
2026-04-24 12:00:00+00:00,5352.544113996248
2026-04-24 13:00:00+00:00,5349.583013748882
2026-04-24 14:00:00+00:00,5347.7504539213105
2026-04-24 15:00:00+00:00,5359.0719146355095
2026-04-24 16:00:00+00:00,5360.26619255916
2026-04-24 17:00:00+00:00,5366.797179811276
2026-04-24 18:00:00+00:00,5369.280822434678
2026-04-24 19:00:00+00:00,5370.569980974757
2026-04-24 20:00:00+00:00,5372.986926411117
2026-04-24 21:00:00+00:00,5366.600618559626
2026-04-24 22:00:00+00:00,5369.96732313862
2026-04-24 23:00:00+00:00,5370.083273086987
2026-04-25 00:00:00+00:00,5370.356990091558
2026-04-25 01:00:00+00:00,5370.131121545876
2026-04-25 02:00:00+00:00,5367.044124685261
2026-04-25 03:00:00+00:00,5366.170883838881
2026-04-25 04:00:00+00:00,5365.606449352783
2026-04-25 05:00:00+00:00,5368.509149319611
2026-04-25 06:00:00+00:00,5369.163889992047
2026-04-25 07:00:00+00:00,5369.642027531893
2026-04-25 08:00:00+00:00,5367.879000140735
2026-04-25 09:00:00+00:00,5365.001780905963
2026-04-25 10:00:00+00:00,5363.974138460912
2026-04-25 11:00:00+00:00,5360.083508619936
2026-04-25 12:00:00+00:00,5363.767576584884
2026-04-25 13:00:00+00:00,5362.5896350370185
2026-04-25 14:00:00+00:00,5363.450021031996
2026-04-25 15:00:00+00:00,5365.489566365736
2026-04-25 16:00:00+00:00,5365.184965245901
2026-04-25 17:00:00+00:00,5369.488163137754
2026-04-25 18:00:00+00:00,5370.993482018206
2026-04-25 19:00:00+00:00,5367.801155383719
2026-04-25 20:00:00+00:00,5367.801155383719
2026-04-25 21:00:00+00:00,5367.801155383719
2026-04-25 22:00:00+00:00,5367.801155383719
2026-04-25 23:00:00+00:00,5367.801155383719
2026-04-26 00:00:00+00:00,5367.801155383719
2026-04-26 01:00:00+00:00,5367.801155383719
2026-04-26 02:00:00+00:00,5367.801155383719
2026-04-26 03:00:00+00:00,5367.801155383719
2026-04-26 04:00:00+00:00,5367.801155383719
2026-04-26 05:00:00+00:00,5367.801155383719
2026-04-26 06:00:00+00:00,5367.801155383719
2026-04-26 07:00:00+00:00,5367.801155383719
2026-04-26 08:00:00+00:00,5367.801155383719
2026-04-26 09:00:00+00:00,5367.801155383719
2026-04-26 10:00:00+00:00,5367.801155383719
2026-04-26 11:00:00+00:00,5367.801155383719
2026-04-26 12:00:00+00:00,5367.801155383719
2026-04-26 13:00:00+00:00,5367.801155383719
2026-04-26 14:00:00+00:00,5367.801155383719
2026-04-26 15:00:00+00:00,5367.801155383719
2026-04-26 16:00:00+00:00,5367.801155383719
2026-04-26 17:00:00+00:00,5367.801155383719
2026-04-26 18:00:00+00:00,5367.801155383719
2026-04-26 19:00:00+00:00,5356.132970403241
2026-04-26 20:00:00+00:00,5361.015916035214
2026-04-26 21:00:00+00:00,5366.024885201683
2026-04-26 22:00:00+00:00,5365.949715665525
2026-04-26 23:00:00+00:00,5368.46424267684
2026-04-27 00:00:00+00:00,5366.322334204293
2026-04-27 01:00:00+00:00,5361.438574438054
2026-04-27 02:00:00+00:00,5358.767035269962
2026-04-27 03:00:00+00:00,5355.120499925475
2026-04-27 04:00:00+00:00,5362.231661418216
2026-04-27 05:00:00+00:00,5391.356763321018
2026-04-27 06:00:00+00:00,5388.180988637497
2026-04-27 07:00:00+00:00,5388.180988637497
2026-04-27 08:00:00+00:00,5388.180988637497
2026-04-27 09:00:00+00:00,5388.180988637497
2026-04-27 10:00:00+00:00,5388.180988637497
2026-04-27 11:00:00+00:00,5388.180988637497
2026-04-27 12:00:00+00:00,5388.180988637497
2026-04-27 13:00:00+00:00,5388.180988637497
2026-04-27 14:00:00+00:00,5388.180988637497
2026-04-27 15:00:00+00:00,5388.180988637497
2026-04-27 16:00:00+00:00,5394.507784018523
2026-04-27 17:00:00+00:00,5400.813852853267
2026-04-27 18:00:00+00:00,5399.962700828306
2026-04-27 19:00:00+00:00,5398.860051691129
2026-04-27 20:00:00+00:00,5399.008453990345
2026-04-27 21:00:00+00:00,5400.271027892079
2026-04-27 22:00:00+00:00,5398.880427283808
2026-04-27 23:00:00+00:00,5398.980552035297
2026-04-28 00:00:00+00:00,5402.1686531608675
2026-04-28 01:00:00+00:00,5403.106282276815
2026-04-28 02:00:00+00:00,5398.649395302074
2026-04-28 03:00:00+00:00,5403.4765802439715
2026-04-28 04:00:00+00:00,5398.227630512439
2026-04-28 05:00:00+00:00,5397.406515517722
2026-04-28 06:00:00+00:00,5391.568272805371
2026-04-28 07:00:00+00:00,5397.916680176324
2026-04-28 08:00:00+00:00,5397.508848086152
2026-04-28 09:00:00+00:00,5401.403563512495
2026-04-28 10:00:00+00:00,5403.017201303052
2026-04-28 11:00:00+00:00,5405.675782043779
2026-04-28 12:00:00+00:00,5403.794019538958
2026-04-28 13:00:00+00:00,5408.226481095371
2026-04-28 14:00:00+00:00,5413.173964334757
2026-04-28 15:00:00+00:00,5409.947655819946
2026-04-28 16:00:00+00:00,5409.947655819946
2026-04-28 17:00:00+00:00,5409.947655819946
2026-04-28 18:00:00+00:00,5409.947655819946
2026-04-28 19:00:00+00:00,5409.947655819946
2026-04-28 20:00:00+00:00,5409.947655819946
2026-04-28 21:00:00+00:00,5409.947655819946
2026-04-28 22:00:00+00:00,5409.947655819946
2026-04-28 23:00:00+00:00,5409.947655819946
2026-04-29 00:00:00+00:00,5409.947655819946
2026-04-29 01:00:00+00:00,5409.947655819946
2026-04-29 02:00:00+00:00,5409.947655819946
2026-04-29 03:00:00+00:00,5409.947655819946
2026-04-29 04:00:00+00:00,5409.947655819946
2026-04-29 05:00:00+00:00,5409.947655819946
2026-04-29 06:00:00+00:00,5409.947655819946
2026-04-29 07:00:00+00:00,5409.947655819946
2026-04-29 08:00:00+00:00,5409.947655819946
2026-04-29 09:00:00+00:00,5409.947655819946
2026-04-29 10:00:00+00:00,5409.947655819946
2026-04-29 11:00:00+00:00,5409.947655819946
2026-04-29 12:00:00+00:00,5409.947655819946
2026-04-29 13:00:00+00:00,5409.947655819946
2026-04-29 14:00:00+00:00,5409.947655819946
2026-04-29 15:00:00+00:00,5409.947655819946
2026-04-29 16:00:00+00:00,5409.947655819946
2026-04-29 17:00:00+00:00,5409.947655819946
2026-04-29 18:00:00+00:00,5409.947655819946
2026-04-29 19:00:00+00:00,5409.947655819946
2026-04-29 20:00:00+00:00,5411.032038421492
2026-04-29 21:00:00+00:00,5416.952110224062
2026-04-29 22:00:00+00:00,5422.7182260173195
2026-04-29 23:00:00+00:00,5421.65046292816
2026-04-30 00:00:00+00:00,5429.17713282931
2026-04-30 01:00:00+00:00,5425.825164203356
2026-04-30 02:00:00+00:00,5415.835468838725
2026-04-30 03:00:00+00:00,5417.266624851453
2026-04-30 04:00:00+00:00,5415.57944638441
2026-04-30 05:00:00+00:00,5416.2942992520175
2026-04-30 06:00:00+00:00,5416.992744854418
2026-04-30 07:00:00+00:00,5417.090900046046
2026-04-30 08:00:00+00:00,5416.303492322842
2026-04-30 09:00:00+00:00,5421.4487905005635
2026-04-30 10:00:00+00:00,5423.540377727614
2026-04-30 11:00:00+00:00,5418.2145784527065
2026-04-30 12:00:00+00:00,5418.682830936454
2026-04-30 13:00:00+00:00,5412.696865260136
2026-04-30 14:00:00+00:00,5414.803724221012
2026-04-30 15:00:00+00:00,5413.402301223902
2026-04-30 16:00:00+00:00,5409.994659020108
2026-04-30 17:00:00+00:00,5411.693742226816
2026-04-30 18:00:00+00:00,5410.163259164339
2026-04-30 19:00:00+00:00,5410.681066096484
2026-04-30 20:00:00+00:00,5410.2389308345655
2026-04-30 21:00:00+00:00,5409.754001106084
2026-04-30 22:00:00+00:00,5407.51818762634
2026-04-30 23:00:00+00:00,5407.7754082852825
2026-05-01 00:00:00+00:00,5406.693637613431
2026-05-01 01:00:00+00:00,5407.821400146363
2026-05-01 02:00:00+00:00,5410.070223250485
2026-05-01 03:00:00+00:00,5410.363405387693
2026-05-01 04:00:00+00:00,5409.961756336387
2026-05-01 05:00:00+00:00,5409.214907830264
2026-05-01 06:00:00+00:00,5408.357278987477
2026-05-01 07:00:00+00:00,5406.032292293937
2026-05-01 08:00:00+00:00,5406.099602011817
2026-05-01 09:00:00+00:00,5403.720645984192
2026-05-01 10:00:00+00:00,5403.338975225277
2026-05-01 11:00:00+00:00,5402.445488043913
2026-05-01 12:00:00+00:00,5405.332655033423
2026-05-01 13:00:00+00:00,5395.7094363535125
2026-05-01 14:00:00+00:00,5396.830986950537
2026-05-01 15:00:00+00:00,5393.948644292668
2026-05-01 16:00:00+00:00,5394.509970396908
2026-05-01 17:00:00+00:00,5394.51336425103
2026-05-01 18:00:00+00:00,5389.971228285789
2026-05-01 19:00:00+00:00,5393.149485929608
2026-05-01 20:00:00+00:00,5386.049373763742
2026-05-01 21:00:00+00:00,5383.547405173628
2026-05-01 22:00:00+00:00,5386.51798386687
2026-05-01 23:00:00+00:00,5386.063425599586
2026-05-02 00:00:00+00:00,5384.572945781851
2026-05-02 01:00:00+00:00,5386.198714127598
2026-05-02 02:00:00+00:00,5391.0314111213165
2026-05-02 03:00:00+00:00,5389.978095194018
2026-05-02 04:00:00+00:00,5394.950174308795
2026-05-02 05:00:00+00:00,5392.579009627793
2026-05-02 06:00:00+00:00,5394.96830889101
2026-05-02 07:00:00+00:00,5393.015586899218
2026-05-02 08:00:00+00:00,5392.702774622226
2026-05-02 09:00:00+00:00,5395.766306756078
2026-05-02 10:00:00+00:00,5395.301458973128
2026-05-02 11:00:00+00:00,5397.224646302262
2026-05-02 12:00:00+00:00,5396.604422365704
2026-05-02 13:00:00+00:00,5396.558834270508
2026-05-02 14:00:00+00:00,5392.553496418163
2026-05-02 15:00:00+00:00,5393.21182616936
2026-05-02 16:00:00+00:00,5394.670557254852
2026-05-02 17:00:00+00:00,5392.57255922548
2026-05-02 18:00:00+00:00,5395.081773523099
2026-05-02 19:00:00+00:00,5396.201580276379
2026-05-02 20:00:00+00:00,5392.825418712683
2026-05-02 21:00:00+00:00,5392.825418712683
2026-05-02 22:00:00+00:00,5392.825418712683
2026-05-02 23:00:00+00:00,5392.825418712683
2026-05-03 00:00:00+00:00,5392.825418712683
2026-05-03 01:00:00+00:00,5392.825418712683
2026-05-03 02:00:00+00:00,5392.825418712683
2026-05-03 03:00:00+00:00,5392.825418712683
2026-05-03 04:00:00+00:00,5392.825418712683
2026-05-03 05:00:00+00:00,5392.825418712683
2026-05-03 06:00:00+00:00,5392.825418712683
2026-05-03 07:00:00+00:00,5392.825418712683
2026-05-03 08:00:00+00:00,5392.825418712683
2026-05-03 09:00:00+00:00,5392.825418712683
2026-05-03 10:00:00+00:00,5392.825418712683
2026-05-03 11:00:00+00:00,5392.825418712683
2026-05-03 12:00:00+00:00,5392.825418712683
2026-05-03 13:00:00+00:00,5392.825418712683
2026-05-03 14:00:00+00:00,5392.825418712683
2026-05-03 15:00:00+00:00,5392.825418712683
2026-05-03 16:00:00+00:00,5392.825418712683
2026-05-03 17:00:00+00:00,5392.825418712683
2026-05-03 18:00:00+00:00,5392.825418712683
2026-05-03 19:00:00+00:00,5392.825418712683
2026-05-03 20:00:00+00:00,5392.825418712683
2026-05-03 21:00:00+00:00,5392.825418712683
2026-05-03 22:00:00+00:00,5392.825418712683
2026-05-03 23:00:00+00:00,5392.825418712683
2026-05-04 00:00:00+00:00,5392.825418712683
2026-05-04 01:00:00+00:00,5392.825418712683
2026-05-04 02:00:00+00:00,5392.825418712683
2026-05-04 03:00:00+00:00,5392.825418712683
2026-05-04 04:00:00+00:00,5392.825418712683
2026-05-04 05:00:00+00:00,5392.825418712683
2026-05-04 06:00:00+00:00,5392.825418712683
2026-05-04 07:00:00+00:00,5392.825418712683
2026-05-04 08:00:00+00:00,5392.825418712683
2026-05-04 09:00:00+00:00,5392.825418712683
2026-05-04 10:00:00+00:00,5392.825418712683
2026-05-04 11:00:00+00:00,5392.825418712683
2026-05-04 12:00:00+00:00,5392.825418712683
2026-05-04 13:00:00+00:00,5392.825418712683
2026-05-04 14:00:00+00:00,5392.825418712683
2026-05-04 15:00:00+00:00,5392.825418712683
2026-05-04 16:00:00+00:00,5392.825418712683
2026-05-04 17:00:00+00:00,5392.825418712683
2026-05-04 18:00:00+00:00,5392.825418712683
2026-05-04 19:00:00+00:00,5392.825418712683
2026-05-04 20:00:00+00:00,5392.825418712683
2026-05-04 21:00:00+00:00,5392.825418712683
2026-05-04 22:00:00+00:00,5392.825418712683
2026-05-04 23:00:00+00:00,5392.825418712683
2026-05-05 00:00:00+00:00,5392.825418712683
2026-05-05 01:00:00+00:00,5392.825418712683
2026-05-05 02:00:00+00:00,5392.825418712683
2026-05-05 03:00:00+00:00,5392.825418712683
2026-05-05 04:00:00+00:00,5392.825418712683
2026-05-05 05:00:00+00:00,5392.825418712683
2026-05-05 06:00:00+00:00,5392.825418712683
2026-05-05 07:00:00+00:00,5392.825418712683
2026-05-05 08:00:00+00:00,5392.825418712683
2026-05-05 09:00:00+00:00,5392.825418712683
2026-05-05 10:00:00+00:00,5392.825418712683
2026-05-05 11:00:00+00:00,5392.825418712683
2026-05-05 12:00:00+00:00,5392.825418712683
2026-05-05 13:00:00+00:00,5392.825418712683
2026-05-05 14:00:00+00:00,5392.825418712683
2026-05-05 15:00:00+00:00,5392.825418712683
2026-05-05 16:00:00+00:00,5392.825418712683
2026-05-05 17:00:00+00:00,5387.361106209778
2026-05-05 18:00:00+00:00,5389.8194770012215
2026-05-05 19:00:00+00:00,5386.464039453536
2026-05-05 20:00:00+00:00,5397.016531140144
2026-05-05 21:00:00+00:00,5397.0139684483665
2026-05-05 22:00:00+00:00,5397.310888574953
2026-05-05 23:00:00+00:00,5396.775947958098
2026-05-06 00:00:00+00:00,5396.854192164275
2026-05-06 01:00:00+00:00,5393.343487141855
2026-05-06 02:00:00+00:00,5391.488387844914
2026-05-06 03:00:00+00:00,5392.48340259868
2026-05-06 04:00:00+00:00,5388.536024233731
2026-05-06 05:00:00+00:00,5387.786151577669
2026-05-06 06:00:00+00:00,5389.087721043923
2026-05-06 07:00:00+00:00,5393.755931181578
2026-05-06 08:00:00+00:00,5401.069954709247
2026-05-06 09:00:00+00:00,5419.748367080752
2026-05-06 10:00:00+00:00,5416.481071240198
2026-05-06 11:00:00+00:00,5416.481071240198
2026-05-06 12:00:00+00:00,5416.481071240198
2026-05-06 13:00:00+00:00,5416.481071240198
2026-05-06 14:00:00+00:00,5407.711219343537
2026-05-06 15:00:00+00:00,5401.041782988423
2026-05-06 16:00:00+00:00,5402.565851518135
2026-05-06 17:00:00+00:00,5398.780294069525
2026-05-06 18:00:00+00:00,5396.988713676184
2026-05-06 19:00:00+00:00,5396.898356128897
2026-05-06 20:00:00+00:00,5401.053515277138
2026-05-06 21:00:00+00:00,5401.102269041066
2026-05-06 22:00:00+00:00,5399.5990942487815
2026-05-06 23:00:00+00:00,5400.702940994751
2026-05-07 00:00:00+00:00,5389.794475115976
2026-05-07 01:00:00+00:00,5381.91770045551
2026-05-07 02:00:00+00:00,5377.68239625595
2026-05-07 03:00:00+00:00,5387.379628717485
2026-05-07 04:00:00+00:00,5388.894281971765
2026-05-07 05:00:00+00:00,5389.75462446094
2026-05-07 06:00:00+00:00,5384.766194655685
2026-05-07 07:00:00+00:00,5390.429466093577
2026-05-07 08:00:00+00:00,5387.755936292027
2026-05-07 09:00:00+00:00,5392.348235959303
2026-05-07 10:00:00+00:00,5392.804082007979
2026-05-07 11:00:00+00:00,5395.69927825047
2026-05-07 12:00:00+00:00,5389.408915101938
2026-05-07 13:00:00+00:00,5389.971471473888
2026-05-07 14:00:00+00:00,5383.217299461937
2026-05-07 15:00:00+00:00,5387.081265176004
2026-05-07 16:00:00+00:00,5387.379971460645
2026-05-07 17:00:00+00:00,5386.554917809507
2026-05-07 18:00:00+00:00,5378.583989778018
2026-05-07 19:00:00+00:00,5380.749837489242
2026-05-07 20:00:00+00:00,5381.737332981608
2026-05-07 21:00:00+00:00,5385.216375140578
2026-05-07 22:00:00+00:00,5378.130051031818
2026-05-07 23:00:00+00:00,5379.443234014615
2026-05-08 00:00:00+00:00,5380.697530263346
2026-05-08 01:00:00+00:00,5381.624392480766
2026-05-08 02:00:00+00:00,5383.096527390606
2026-05-08 03:00:00+00:00,5379.734248999213
2026-05-08 04:00:00+00:00,5380.30472512927
2026-05-08 05:00:00+00:00,5376.03242409433
2026-05-08 06:00:00+00:00,5377.676587982963
2026-05-08 07:00:00+00:00,5379.064561857055
2026-05-08 08:00:00+00:00,5374.848275684131
2026-05-08 09:00:00+00:00,5376.43510178438
2026-05-08 10:00:00+00:00,5369.347617949602
2026-05-08 11:00:00+00:00,5376.899701280893
2026-05-08 12:00:00+00:00,5371.643639832707
2026-05-08 13:00:00+00:00,5374.54063921201
2026-05-08 14:00:00+00:00,5368.694740863972
2026-05-08 15:00:00+00:00,5377.313209873459
2026-05-08 16:00:00+00:00,5384.9356927956605
2026-05-08 17:00:00+00:00,5393.305950947808
2026-05-08 18:00:00+00:00,5402.93474979118
2026-05-08 19:00:00+00:00,5399.753829825107
2026-05-08 20:00:00+00:00,5399.753829825107
2026-05-08 21:00:00+00:00,5399.753829825107
2026-05-08 22:00:00+00:00,5399.753829825107
2026-05-08 23:00:00+00:00,5399.753829825107
2026-05-09 00:00:00+00:00,5399.753829825107
2026-05-09 01:00:00+00:00,5399.753829825107
2026-05-09 02:00:00+00:00,5399.753829825107
2026-05-09 03:00:00+00:00,5399.753829825107
2026-05-09 04:00:00+00:00,5399.753829825107
2026-05-09 05:00:00+00:00,5399.753829825107
2026-05-09 06:00:00+00:00,5399.753829825107
2026-05-09 07:00:00+00:00,5399.753829825107
2026-05-09 08:00:00+00:00,5399.753829825107
2026-05-09 09:00:00+00:00,5399.753829825107
2026-05-09 10:00:00+00:00,5399.753829825107
2026-05-09 11:00:00+00:00,5399.753829825107
2026-05-09 12:00:00+00:00,5399.753829825107
2026-05-09 13:00:00+00:00,5399.753829825107
2026-05-09 14:00:00+00:00,5399.753829825107
2026-05-09 15:00:00+00:00,5399.753829825107
2026-05-09 16:00:00+00:00,5399.753829825107
2026-05-09 17:00:00+00:00,5399.753829825107
2026-05-09 18:00:00+00:00,5399.753829825107
2026-05-09 19:00:00+00:00,5399.753829825107
2026-05-09 20:00:00+00:00,5399.753829825107
2026-05-09 21:00:00+00:00,5399.753829825107
2026-05-09 22:00:00+00:00,5399.753829825107
2026-05-09 23:00:00+00:00,5399.753829825107
2026-05-10 00:00:00+00:00,5399.753829825107
2026-05-10 01:00:00+00:00,5399.753829825107
2026-05-10 02:00:00+00:00,5399.753829825107
2026-05-10 03:00:00+00:00,5399.753829825107
2026-05-10 04:00:00+00:00,5399.753829825107
2026-05-10 05:00:00+00:00,5399.753829825107
2026-05-10 06:00:00+00:00,5399.753829825107
2026-05-10 07:00:00+00:00,5399.753829825107
2026-05-10 08:00:00+00:00,5399.753829825107
2026-05-10 09:00:00+00:00,5399.753829825107
2026-05-10 10:00:00+00:00,5399.753829825107
2026-05-10 11:00:00+00:00,5399.753829825107
2026-05-10 12:00:00+00:00,5399.753829825107
2026-05-10 13:00:00+00:00,5399.753829825107
2026-05-10 14:00:00+00:00,5399.753829825107
2026-05-10 15:00:00+00:00,5399.753829825107
2026-05-10 16:00:00+00:00,5399.753829825107
2026-05-10 17:00:00+00:00,5399.753829825107
2026-05-10 18:00:00+00:00,5399.753829825107
2026-05-10 19:00:00+00:00,5399.753829825107
2026-05-10 20:00:00+00:00,5399.753829825107
2026-05-10 21:00:00+00:00,5399.753829825107
2026-05-10 22:00:00+00:00,5399.753829825107
2026-05-10 23:00:00+00:00,5399.753829825107
2026-05-11 00:00:00+00:00,5399.753829825107
2026-05-11 01:00:00+00:00,5399.753829825107
2026-05-11 02:00:00+00:00,5399.753829825107
2026-05-11 03:00:00+00:00,5399.753829825107
2026-05-11 04:00:00+00:00,5399.753829825107
2026-05-11 05:00:00+00:00,5399.753829825107
2026-05-11 06:00:00+00:00,5399.753829825107
2026-05-11 07:00:00+00:00,5399.753829825107
2026-05-11 08:00:00+00:00,5399.753829825107
2026-05-11 09:00:00+00:00,5399.753829825107
2026-05-11 10:00:00+00:00,5399.753829825107
2026-05-11 11:00:00+00:00,5399.753829825107
2026-05-11 12:00:00+00:00,5399.753829825107
2026-05-11 13:00:00+00:00,5399.753829825107
2026-05-11 14:00:00+00:00,5399.753829825107
2026-05-11 15:00:00+00:00,5399.753829825107
2026-05-11 16:00:00+00:00,5399.753829825107
2026-05-11 17:00:00+00:00,5399.753829825107
2026-05-11 18:00:00+00:00,5397.561360946044
2026-05-11 19:00:00+00:00,5400.264219302133
2026-05-11 20:00:00+00:00,5402.070667462305
2026-05-11 21:00:00+00:00,5404.9445938961535
2026-05-11 22:00:00+00:00,5405.501371528425
2026-05-11 23:00:00+00:00,5406.561082155539
2026-05-12 00:00:00+00:00,5405.821090050548
2026-05-12 01:00:00+00:00,5391.815991526523
2026-05-12 02:00:00+00:00,5394.357257134353
2026-05-12 03:00:00+00:00,5393.590546723804
2026-05-12 04:00:00+00:00,5389.832133581424
2026-05-12 05:00:00+00:00,5389.232153691058
2026-05-12 06:00:00+00:00,5388.475247656656
2026-05-12 07:00:00+00:00,5384.340436217652
2026-05-12 08:00:00+00:00,5376.622414507717
2026-05-12 09:00:00+00:00,5382.002990700783
2026-05-12 10:00:00+00:00,5380.1283436913145
2026-05-12 11:00:00+00:00,5377.168986753237
2026-05-12 12:00:00+00:00,5376.01932384901
2026-05-12 13:00:00+00:00,5370.22705256342
2026-05-12 14:00:00+00:00,5363.895129853111
2026-05-12 15:00:00+00:00,5362.7989053668625
2026-05-12 16:00:00+00:00,5376.473970440958
2026-05-12 17:00:00+00:00,5373.601338243146
2026-05-12 18:00:00+00:00,5371.683186184909
2026-05-12 19:00:00+00:00,5373.215561933523
2026-05-12 20:00:00+00:00,5377.5039124252635
2026-05-12 21:00:00+00:00,5381.637578764992
2026-05-12 22:00:00+00:00,5375.96373124125
2026-05-12 23:00:00+00:00,5372.248479166139
2026-05-13 00:00:00+00:00,5373.222679405926
2026-05-13 01:00:00+00:00,5373.354241219838
2026-05-13 02:00:00+00:00,5376.1124500358455
2026-05-13 03:00:00+00:00,5378.37231959385
2026-05-13 04:00:00+00:00,5385.205031526912
2026-05-13 05:00:00+00:00,5381.522303348583
2026-05-13 06:00:00+00:00,5387.797076711815
2026-05-13 07:00:00+00:00,5385.710201304927
2026-05-13 08:00:00+00:00,5397.666259888383
2026-05-13 09:00:00+00:00,5399.891635575127
2026-05-13 10:00:00+00:00,5401.248812066013
2026-05-13 11:00:00+00:00,5403.6295906409005
2026-05-13 12:00:00+00:00,5400.44549891477
2026-05-13 13:00:00+00:00,5400.44549891477
2026-05-13 14:00:00+00:00,5400.44549891477
2026-05-13 15:00:00+00:00,5400.44549891477
2026-05-13 16:00:00+00:00,5400.44549891477
2026-05-13 17:00:00+00:00,5400.44549891477
2026-05-13 18:00:00+00:00,5400.44549891477
2026-05-13 19:00:00+00:00,5400.44549891477
2026-05-13 20:00:00+00:00,5400.44549891477
2026-05-13 21:00:00+00:00,5400.44549891477
2026-05-13 22:00:00+00:00,5400.44549891477
2026-05-13 23:00:00+00:00,5400.44549891477
2026-05-14 00:00:00+00:00,5400.44549891477
2026-05-14 01:00:00+00:00,5400.44549891477
2026-05-14 02:00:00+00:00,5400.44549891477
2026-05-14 03:00:00+00:00,5400.44549891477
2026-05-14 04:00:00+00:00,5400.44549891477
2026-05-14 05:00:00+00:00,5400.44549891477
2026-05-14 06:00:00+00:00,5400.44549891477
2026-05-14 07:00:00+00:00,5400.44549891477
2026-05-14 08:00:00+00:00,5400.44549891477
2026-05-14 09:00:00+00:00,5400.44549891477
2026-05-14 10:00:00+00:00,5400.44549891477
2026-05-14 11:00:00+00:00,5400.44549891477
2026-05-14 12:00:00+00:00,5400.44549891477
2026-05-14 13:00:00+00:00,5400.44549891477
2026-05-14 14:00:00+00:00,5400.44549891477
2026-05-14 15:00:00+00:00,5400.44549891477
2026-05-14 16:00:00+00:00,5400.44549891477
2026-05-14 17:00:00+00:00,5400.44549891477
2026-05-14 18:00:00+00:00,5400.44549891477
2026-05-14 19:00:00+00:00,5400.44549891477
2026-05-14 20:00:00+00:00,5400.44549891477
2026-05-14 21:00:00+00:00,5400.44549891477
2026-05-14 22:00:00+00:00,5400.44549891477
2026-05-14 23:00:00+00:00,5400.44549891477
2026-05-15 00:00:00+00:00,5400.44549891477
2026-05-15 01:00:00+00:00,5400.44549891477
2026-05-15 02:00:00+00:00,5392.794312109974
2026-05-15 03:00:00+00:00,5396.7976835850695
2026-05-15 04:00:00+00:00,5395.8730499660915
2026-05-15 05:00:00+00:00,5386.491423421585
2026-05-15 06:00:00+00:00,5390.96827394826
2026-05-15 07:00:00+00:00,5394.743114103621
2026-05-15 08:00:00+00:00,5391.657692639332
2026-05-15 09:00:00+00:00,5393.473776321253
2026-05-15 10:00:00+00:00,5395.421250967975
2026-05-15 11:00:00+00:00,5392.427896800239
2026-05-15 12:00:00+00:00,5396.289818397305
2026-05-15 13:00:00+00:00,5402.356148634952
2026-05-15 14:00:00+00:00,5388.884866097092
2026-05-15 15:00:00+00:00,5400.331928455758
2026-05-15 16:00:00+00:00,5397.560106122839
2026-05-15 17:00:00+00:00,5397.5890661559015
2026-05-15 18:00:00+00:00,5402.153185208568
2026-05-15 19:00:00+00:00,5401.266281410952
2026-05-15 20:00:00+00:00,5398.070577286417
2026-05-15 21:00:00+00:00,5399.63982100627
2026-05-15 22:00:00+00:00,5403.232716391588
2026-05-15 23:00:00+00:00,5403.874464249233
2026-05-16 00:00:00+00:00,5406.765179540607
2026-05-16 01:00:00+00:00,5407.9595669799
2026-05-16 02:00:00+00:00,5408.695010704297
2026-05-16 03:00:00+00:00,5408.475665193862
2026-05-16 04:00:00+00:00,5407.9206971594
2026-05-16 05:00:00+00:00,5407.5889068916085
2026-05-16 06:00:00+00:00,5408.301949819587
2026-05-16 07:00:00+00:00,5392.726154097687
2026-05-16 08:00:00+00:00,5389.368612270024
2026-05-16 09:00:00+00:00,5377.170202177926
2026-05-16 10:00:00+00:00,5381.564524525585
2026-05-16 11:00:00+00:00,5380.849340360831
2026-05-16 12:00:00+00:00,5383.025446735041
2026-05-16 13:00:00+00:00,5383.652711077473
2026-05-16 14:00:00+00:00,5383.578706520137
2026-05-16 15:00:00+00:00,5380.098609200417
2026-05-16 16:00:00+00:00,5374.2587317584885
2026-05-16 17:00:00+00:00,5379.978655921994
2026-05-16 18:00:00+00:00,5381.848983405214
2026-05-16 19:00:00+00:00,5378.824749511742
2026-05-16 20:00:00+00:00,5381.133951733187
2026-05-16 21:00:00+00:00,5381.921317803429
2026-05-16 22:00:00+00:00,5382.282078600329
2026-05-16 23:00:00+00:00,5383.934955906771
2026-05-17 00:00:00+00:00,5386.636637163221
2026-05-17 01:00:00+00:00,5384.209993833524
2026-05-17 02:00:00+00:00,5384.687152780362
2026-05-17 03:00:00+00:00,5388.811208509379
2026-05-17 04:00:00+00:00,5391.377721733195
2026-05-17 05:00:00+00:00,5390.704747707185
2026-05-17 06:00:00+00:00,5390.219948475144
2026-05-17 07:00:00+00:00,5389.400742898701
2026-05-17 08:00:00+00:00,5392.245426291139
2026-05-17 09:00:00+00:00,5391.463115522371
2026-05-17 10:00:00+00:00,5389.475828372845
2026-05-17 11:00:00+00:00,5388.650306227695
2026-05-17 12:00:00+00:00,5392.794496881327
2026-05-17 13:00:00+00:00,5395.490776261925
2026-05-17 14:00:00+00:00,5394.100691644624
2026-05-17 15:00:00+00:00,5394.095629345787
2026-05-17 16:00:00+00:00,5389.767245148466
2026-05-17 17:00:00+00:00,5389.5097642917135
2026-05-17 18:00:00+00:00,5389.286226087693
2026-05-17 19:00:00+00:00,5389.054067089419
2026-05-17 20:00:00+00:00,5389.8838200184
2026-05-17 21:00:00+00:00,5388.687232260001
2026-05-17 22:00:00+00:00,5387.472446763065
2026-05-17 23:00:00+00:00,5347.27777209735
2026-05-18 00:00:00+00:00,5337.370747390601
2026-05-18 01:00:00+00:00,5343.114118939267
2026-05-18 02:00:00+00:00,5340.054577638258
2026-05-18 03:00:00+00:00,5336.073648821579
2026-05-18 04:00:00+00:00,5340.238102960908
2026-05-18 05:00:00+00:00,5336.088620491023
2026-05-18 06:00:00+00:00,5337.1275256478875
2026-05-18 07:00:00+00:00,5333.537281703575
2026-05-18 08:00:00+00:00,5335.881713360314
2026-05-18 09:00:00+00:00,5333.652466133458
2026-05-18 10:00:00+00:00,5336.659940718655
2026-05-18 11:00:00+00:00,5343.104579189384
2026-05-18 12:00:00+00:00,5352.581484375394
2026-05-18 13:00:00+00:00,5351.285975315164
2026-05-18 14:00:00+00:00,5344.2318250840035
2026-05-18 15:00:00+00:00,5339.83657801075
2026-05-18 16:00:00+00:00,5327.653752886444
2026-05-18 17:00:00+00:00,5330.628414834281
2026-05-18 18:00:00+00:00,5312.622130370555
2026-05-18 19:00:00+00:00,5344.770332082797
2026-05-18 20:00:00+00:00,5335.832232756875
2026-05-18 21:00:00+00:00,5354.091314790998
2026-05-18 22:00:00+00:00,5352.723102602319
2026-05-18 23:00:00+00:00,5348.212763534237
2026-05-19 00:00:00+00:00,5351.065037098382
2026-05-19 01:00:00+00:00,5353.108476982831
2026-05-19 02:00:00+00:00,5353.08984574941
2026-05-19 03:00:00+00:00,5357.482545420319
2026-05-19 04:00:00+00:00,5355.8008463133265
2026-05-19 05:00:00+00:00,5358.005840954141
2026-05-19 06:00:00+00:00,5356.786633450387
2026-05-19 07:00:00+00:00,5353.836406592786
2026-05-19 08:00:00+00:00,5350.927413031933
2026-05-19 09:00:00+00:00,5334.624417980493
2026-05-19 10:00:00+00:00,5332.105603599303
2026-05-19 11:00:00+00:00,5333.865040982186
2026-05-19 12:00:00+00:00,5335.73820392793
2026-05-19 13:00:00+00:00,5338.6287732730825
2026-05-19 14:00:00+00:00,5339.137144685816
2026-05-19 15:00:00+00:00,5339.975028077906
2026-05-19 16:00:00+00:00,5340.842211608113
2026-05-19 17:00:00+00:00,5335.317197230118
2026-05-19 18:00:00+00:00,5336.50357024464
2026-05-19 19:00:00+00:00,5333.480860568164
2026-05-19 20:00:00+00:00,5333.232032644714
2026-05-19 21:00:00+00:00,5332.542729567651
2026-05-19 22:00:00+00:00,5328.220907375342
2026-05-19 23:00:00+00:00,5331.186391767573
2026-05-20 00:00:00+00:00,5332.049928138437
2026-05-20 01:00:00+00:00,5335.769340641829
2026-05-20 02:00:00+00:00,5333.1867629624485
2026-05-20 03:00:00+00:00,5334.54105894346
2026-05-20 04:00:00+00:00,5334.741196824715
2026-05-20 05:00:00+00:00,5335.419577022485
2026-05-20 06:00:00+00:00,5338.7789355978175
2026-05-20 07:00:00+00:00,5337.994181447206
2026-05-20 08:00:00+00:00,5334.282787676651
2026-05-20 09:00:00+00:00,5330.738961902916
2026-05-20 10:00:00+00:00,5331.365625065093
2026-05-20 11:00:00+00:00,5332.693431436429
2026-05-20 12:00:00+00:00,5331.717463872789
2026-05-20 13:00:00+00:00,5329.166516677433
2026-05-20 14:00:00+00:00,5339.066826828691
2026-05-20 15:00:00+00:00,5340.697186017372
2026-05-20 16:00:00+00:00,5343.234447944829
2026-05-20 17:00:00+00:00,5340.0095564774965
2026-05-20 18:00:00+00:00,5340.0095564774965
2026-05-20 19:00:00+00:00,5340.0095564774965
2026-05-20 20:00:00+00:00,5340.0095564774965
2026-05-20 21:00:00+00:00,5340.0095564774965
2026-05-20 22:00:00+00:00,5340.0095564774965
2026-05-20 23:00:00+00:00,5340.0095564774965
2026-05-21 00:00:00+00:00,5340.0095564774965
2026-05-21 01:00:00+00:00,5340.0095564774965
2026-05-21 02:00:00+00:00,5340.0095564774965
2026-05-21 03:00:00+00:00,5340.0095564774965
2026-05-21 04:00:00+00:00,5340.0095564774965
2026-05-21 05:00:00+00:00,5340.0095564774965
2026-05-21 06:00:00+00:00,5340.0095564774965
2026-05-21 07:00:00+00:00,5340.0095564774965
2026-05-21 08:00:00+00:00,5340.0095564774965
2026-05-21 09:00:00+00:00,5340.0095564774965
2026-05-21 10:00:00+00:00,5340.0095564774965
2026-05-21 11:00:00+00:00,5340.0095564774965
2026-05-21 12:00:00+00:00,5340.0095564774965
2026-05-21 13:00:00+00:00,5340.0095564774965
2026-05-21 14:00:00+00:00,5340.0095564774965
2026-05-21 15:00:00+00:00,5340.0095564774965
2026-05-21 16:00:00+00:00,5340.0095564774965
2026-05-21 17:00:00+00:00,5340.0095564774965
2026-05-21 18:00:00+00:00,5340.0095564774965
2026-05-21 19:00:00+00:00,5340.0095564774965
2026-05-21 20:00:00+00:00,5340.0095564774965
2026-05-21 21:00:00+00:00,5340.0095564774965
2026-05-21 22:00:00+00:00,5340.0095564774965
2026-05-21 23:00:00+00:00,5340.0095564774965
2026-05-22 00:00:00+00:00,5340.0095564774965
2026-05-22 01:00:00+00:00,5340.0095564774965
2026-05-22 02:00:00+00:00,5340.0095564774965
2026-05-22 03:00:00+00:00,5340.0095564774965
2026-05-22 04:00:00+00:00,5340.0095564774965
2026-05-22 05:00:00+00:00,5340.0095564774965
2026-05-22 06:00:00+00:00,5340.0095564774965
2026-05-22 07:00:00+00:00,5340.0095564774965
2026-05-22 08:00:00+00:00,5340.0095564774965
2026-05-22 09:00:00+00:00,5340.0095564774965
2026-05-22 10:00:00+00:00,5340.0095564774965
2026-05-22 11:00:00+00:00,5340.0095564774965
2026-05-22 12:00:00+00:00,5340.0095564774965
2026-05-22 13:00:00+00:00,5340.0095564774965
2026-05-22 14:00:00+00:00,5340.0095564774965
2026-05-22 15:00:00+00:00,5340.0095564774965
2026-05-22 16:00:00+00:00,5340.0095564774965
2026-05-22 17:00:00+00:00,5340.0095564774965
2026-05-22 18:00:00+00:00,5340.0095564774965
2026-05-22 19:00:00+00:00,5340.0095564774965
2026-05-22 20:00:00+00:00,5340.0095564774965
2026-05-22 21:00:00+00:00,5340.0095564774965
2026-05-22 22:00:00+00:00,5340.0095564774965
2026-05-22 23:00:00+00:00,5340.0095564774965
2026-05-23 00:00:00+00:00,5340.0095564774965
2026-05-23 01:00:00+00:00,5340.0095564774965
2026-05-23 02:00:00+00:00,5340.0095564774965
2026-05-23 03:00:00+00:00,5340.0095564774965
2026-05-23 04:00:00+00:00,5340.0095564774965
2026-05-23 05:00:00+00:00,5340.0095564774965
2026-05-23 06:00:00+00:00,5340.0095564774965
2026-05-23 07:00:00+00:00,5340.0095564774965
2026-05-23 08:00:00+00:00,5336.313078915703
2026-05-23 09:00:00+00:00,5333.421487267845
2026-05-23 10:00:00+00:00,5336.762091216148
2026-05-23 11:00:00+00:00,5333.923632277281
2026-05-23 12:00:00+00:00,5334.877211096532
2026-05-23 13:00:00+00:00,5336.757380430004
2026-05-23 14:00:00+00:00,5347.27692861295
2026-05-23 15:00:00+00:00,5346.166821297658
2026-05-23 16:00:00+00:00,5350.8531921634285
2026-05-23 17:00:00+00:00,5352.119503821248
2026-05-23 18:00:00+00:00,5352.383123270703
2026-05-23 19:00:00+00:00,5352.0967680796975
2026-05-23 20:00:00+00:00,5396.61691297236
2026-05-23 21:00:00+00:00,5393.275307220194
2026-05-23 22:00:00+00:00,5393.275307220194
2026-05-23 23:00:00+00:00,5393.275307220194
2026-05-24 00:00:00+00:00,5393.275307220194
2026-05-24 01:00:00+00:00,5393.275307220194
2026-05-24 02:00:00+00:00,5393.275307220194
2026-05-24 03:00:00+00:00,5393.275307220194
2026-05-24 04:00:00+00:00,5393.275307220194
2026-05-24 05:00:00+00:00,5393.275307220194
2026-05-24 06:00:00+00:00,5393.275307220194
2026-05-24 07:00:00+00:00,5393.275307220194
2026-05-24 08:00:00+00:00,5393.275307220194
2026-05-24 09:00:00+00:00,5393.275307220194
2026-05-24 10:00:00+00:00,5393.275307220194
2026-05-24 11:00:00+00:00,5393.275307220194
2026-05-24 12:00:00+00:00,5393.275307220194
2026-05-24 13:00:00+00:00,5393.275307220194
2026-05-24 14:00:00+00:00,5393.275307220194
2026-05-24 15:00:00+00:00,5393.275307220194
2026-05-24 16:00:00+00:00,5393.275307220194
2026-05-24 17:00:00+00:00,5393.275307220194
2026-05-24 18:00:00+00:00,5393.275307220194
2026-05-24 19:00:00+00:00,5393.275307220194
2026-05-24 20:00:00+00:00,5393.275307220194
2026-05-24 21:00:00+00:00,5393.275307220194
2026-05-24 22:00:00+00:00,5393.275307220194
2026-05-24 23:00:00+00:00,5393.275307220194
2026-05-25 00:00:00+00:00,5393.275307220194
2026-05-25 01:00:00+00:00,5393.275307220194
2026-05-25 02:00:00+00:00,5393.275307220194
2026-05-25 03:00:00+00:00,5393.275307220194
2026-05-25 04:00:00+00:00,5393.275307220194
2026-05-25 05:00:00+00:00,5393.275307220194
2026-05-25 06:00:00+00:00,5393.275307220194
2026-05-25 07:00:00+00:00,5393.275307220194
2026-05-25 08:00:00+00:00,5393.275307220194
2026-05-25 09:00:00+00:00,5393.275307220194
2026-05-25 10:00:00+00:00,5393.275307220194
2026-05-25 11:00:00+00:00,5393.275307220194
2026-05-25 12:00:00+00:00,5393.275307220194
2026-05-25 13:00:00+00:00,5393.275307220194
2026-05-25 14:00:00+00:00,5393.275307220194
2026-05-25 15:00:00+00:00,5393.275307220194
2026-05-25 16:00:00+00:00,5393.275307220194
2026-05-25 17:00:00+00:00,5393.275307220194
2026-05-25 18:00:00+00:00,5393.275307220194
2026-05-25 19:00:00+00:00,5393.275307220194
2026-05-25 20:00:00+00:00,5393.275307220194
2026-05-25 21:00:00+00:00,5393.275307220194
2026-05-25 22:00:00+00:00,5393.275307220194
2026-05-25 23:00:00+00:00,5393.275307220194
2026-05-26 00:00:00+00:00,5393.275307220194
2026-05-26 01:00:00+00:00,5393.275307220194
2026-05-26 02:00:00+00:00,5393.275307220194
2026-05-26 03:00:00+00:00,5393.275307220194
2026-05-26 04:00:00+00:00,5393.275307220194
2026-05-26 05:00:00+00:00,5393.275307220194
2026-05-26 06:00:00+00:00,5393.275307220194
2026-05-26 07:00:00+00:00,5393.275307220194
2026-05-26 08:00:00+00:00,5393.275307220194
2026-05-26 09:00:00+00:00,5393.275307220194
2026-05-26 10:00:00+00:00,5393.275307220194
2026-05-26 11:00:00+00:00,5393.275307220194
2026-05-26 12:00:00+00:00,5393.275307220194
2026-05-26 13:00:00+00:00,5393.275307220194
2026-05-26 14:00:00+00:00,5393.275307220194
2026-05-26 15:00:00+00:00,5393.275307220194
2026-05-26 16:00:00+00:00,5393.275307220194
2026-05-26 17:00:00+00:00,5393.275307220194
2026-05-26 18:00:00+00:00,5393.275307220194
2026-05-26 19:00:00+00:00,5393.275307220194
2026-05-26 20:00:00+00:00,5393.275307220194
2026-05-26 21:00:00+00:00,5393.275307220194
2026-05-26 22:00:00+00:00,5393.275307220194
2026-05-26 23:00:00+00:00,5393.275307220194
2026-05-27 00:00:00+00:00,5393.275307220194
2026-05-27 01:00:00+00:00,5393.275307220194
2026-05-27 02:00:00+00:00,5393.275307220194
2026-05-27 03:00:00+00:00,5393.275307220194
2026-05-27 04:00:00+00:00,5393.275307220194
2026-05-27 05:00:00+00:00,5393.275307220194
2026-05-27 06:00:00+00:00,5393.275307220194
2026-05-27 07:00:00+00:00,5393.275307220194
2026-05-27 08:00:00+00:00,5393.275307220194
2026-05-27 09:00:00+00:00,5393.275307220194
2026-05-27 10:00:00+00:00,5393.275307220194
2026-05-27 11:00:00+00:00,5393.275307220194
2026-05-27 12:00:00+00:00,5393.275307220194
2026-05-27 13:00:00+00:00,5393.275307220194
2026-05-27 14:00:00+00:00,5393.275307220194
2026-05-27 15:00:00+00:00,5393.275307220194
2026-05-27 16:00:00+00:00,5393.275307220194
2026-05-27 17:00:00+00:00,5393.275307220194
2026-05-27 18:00:00+00:00,5393.275307220194
2026-05-27 19:00:00+00:00,5393.275307220194
2026-05-27 20:00:00+00:00,5393.275307220194
2026-05-27 21:00:00+00:00,5393.275307220194
2026-05-27 22:00:00+00:00,5393.275307220194
2026-05-27 23:00:00+00:00,5393.275307220194
2026-05-28 00:00:00+00:00,5393.275307220194
2026-05-28 01:00:00+00:00,5393.275307220194
2026-05-28 02:00:00+00:00,5393.275307220194
2026-05-28 03:00:00+00:00,5393.275307220194
2026-05-28 04:00:00+00:00,5393.722161135236
2026-05-28 05:00:00+00:00,5395.804538734061
2026-05-28 06:00:00+00:00,5395.495006102178
2026-05-28 07:00:00+00:00,5399.607769125234
2026-05-28 08:00:00+00:00,5396.570941874805
2026-05-28 09:00:00+00:00,5396.076047248524
2026-05-28 10:00:00+00:00,5396.0585005921985
2026-05-28 11:00:00+00:00,5391.660345169868
2026-05-28 12:00:00+00:00,5394.178214445156
2026-05-28 13:00:00+00:00,5398.903833816151
2026-05-28 14:00:00+00:00,5414.7877513307985
2026-05-28 15:00:00+00:00,5414.3270579611635
2026-05-28 16:00:00+00:00,5426.383605335455
2026-05-28 17:00:00+00:00,5423.107488683025
2026-05-28 18:00:00+00:00,5423.107488683025
2026-05-28 19:00:00+00:00,5423.107488683025
2026-05-28 20:00:00+00:00,5423.107488683025
2026-05-28 21:00:00+00:00,5423.107488683025
2026-05-28 22:00:00+00:00,5423.107488683025
2026-05-28 23:00:00+00:00,5423.107488683025
2026-05-29 00:00:00+00:00,5423.107488683025
2026-05-29 01:00:00+00:00,5423.107488683025
2026-05-29 02:00:00+00:00,5423.107488683025
2026-05-29 03:00:00+00:00,5423.107488683025
2026-05-29 04:00:00+00:00,5423.107488683025
2026-05-29 05:00:00+00:00,5423.107488683025
2026-05-29 06:00:00+00:00,5423.107488683025
2026-05-29 07:00:00+00:00,5423.107488683025
2026-05-29 08:00:00+00:00,5423.107488683025
2026-05-29 09:00:00+00:00,5423.107488683025
2026-05-29 10:00:00+00:00,5423.107488683025
2026-05-29 11:00:00+00:00,5423.107488683025
2026-05-29 12:00:00+00:00,5423.107488683025
2026-05-29 13:00:00+00:00,5423.107488683025
2026-05-29 14:00:00+00:00,5423.107488683025
2026-05-29 15:00:00+00:00,5423.107488683025
2026-05-29 16:00:00+00:00,5423.107488683025
2026-05-29 17:00:00+00:00,5423.107488683025
2026-05-29 18:00:00+00:00,5423.107488683025
2026-05-29 19:00:00+00:00,5423.107488683025
2026-05-29 20:00:00+00:00,5423.107488683025
2026-05-29 21:00:00+00:00,5423.107488683025
2026-05-29 22:00:00+00:00,5423.107488683025
2026-05-29 23:00:00+00:00,5423.107488683025
2026-05-30 00:00:00+00:00,5423.107488683025
2026-05-30 01:00:00+00:00,5423.107488683025
2026-05-30 02:00:00+00:00,5423.107488683025
2026-05-30 03:00:00+00:00,5423.107488683025
2026-05-30 04:00:00+00:00,5423.107488683025
2026-05-30 05:00:00+00:00,5423.107488683025
2026-05-30 06:00:00+00:00,5423.107488683025
2026-05-30 07:00:00+00:00,5423.107488683025
2026-05-30 08:00:00+00:00,5423.107488683025
2026-05-30 09:00:00+00:00,5423.107488683025
2026-05-30 10:00:00+00:00,5423.107488683025
2026-05-30 11:00:00+00:00,5423.107488683025
2026-05-30 12:00:00+00:00,5423.107488683025
2026-05-30 13:00:00+00:00,5423.107488683025
2026-05-30 14:00:00+00:00,5423.107488683025
2026-05-30 15:00:00+00:00,5423.107488683025
2026-05-30 16:00:00+00:00,5423.107488683025
2026-05-30 17:00:00+00:00,5423.107488683025
2026-05-30 18:00:00+00:00,5423.107488683025
2026-05-30 19:00:00+00:00,5423.107488683025
2026-05-30 20:00:00+00:00,5423.107488683025
2026-05-30 21:00:00+00:00,5423.107488683025
2026-05-30 22:00:00+00:00,5423.107488683025
2026-05-30 23:00:00+00:00,5423.107488683025
2026-05-31 00:00:00+00:00,5423.107488683025
2026-05-31 01:00:00+00:00,5423.107488683025
2026-05-31 02:00:00+00:00,5423.107488683025
2026-05-31 03:00:00+00:00,5423.107488683025
2026-05-31 04:00:00+00:00,5423.107488683025
2026-05-31 05:00:00+00:00,5423.107488683025
2026-05-31 06:00:00+00:00,5423.107488683025
2026-05-31 07:00:00+00:00,5423.107488683025
2026-05-31 08:00:00+00:00,5423.107488683025
2026-05-31 09:00:00+00:00,5423.107488683025
2026-05-31 10:00:00+00:00,5423.107488683025
2026-05-31 11:00:00+00:00,5423.107488683025
2026-05-31 12:00:00+00:00,5423.107488683025
2026-05-31 13:00:00+00:00,5423.107488683025
2026-05-31 14:00:00+00:00,5423.107488683025
2026-05-31 15:00:00+00:00,5423.107488683025
2026-05-31 16:00:00+00:00,5423.107488683025
2026-05-31 17:00:00+00:00,5423.107488683025
2026-05-31 18:00:00+00:00,5423.107488683025
2026-05-31 19:00:00+00:00,5423.107488683025
2026-05-31 20:00:00+00:00,5423.107488683025
2026-05-31 21:00:00+00:00,5423.107488683025
2026-05-31 22:00:00+00:00,5423.107488683025
2026-05-31 23:00:00+00:00,5423.107488683025
2026-06-01 00:00:00+00:00,5423.107488683025
2026-06-01 01:00:00+00:00,5423.107488683025
2026-06-01 02:00:00+00:00,5423.107488683025
2026-06-01 03:00:00+00:00,5423.107488683025
2026-06-01 04:00:00+00:00,5423.107488683025
2026-06-01 05:00:00+00:00,5423.107488683025
2026-06-01 06:00:00+00:00,5423.107488683025
2026-06-01 07:00:00+00:00,5423.107488683025
2026-06-01 08:00:00+00:00,5423.107488683025
2026-06-01 09:00:00+00:00,5423.107488683025
2026-06-01 10:00:00+00:00,5423.107488683025
2026-06-01 11:00:00+00:00,5423.107488683025
2026-06-01 12:00:00+00:00,5423.107488683025
2026-06-01 13:00:00+00:00,5423.107488683025
2026-06-01 14:00:00+00:00,5423.107488683025
2026-06-01 15:00:00+00:00,5423.107488683025
2026-06-01 16:00:00+00:00,5423.280618524821
2026-06-01 17:00:00+00:00,5408.961462650972
2026-06-01 18:00:00+00:00,5400.651242757534
2026-06-01 19:00:00+00:00,5387.796798743173
2026-06-01 20:00:00+00:00,5380.52829236837
2026-06-01 21:00:00+00:00,5380.059383056808
2026-06-01 22:00:00+00:00,5380.5206876526245
2026-06-01 23:00:00+00:00,5378.084688314919
2026-06-02 00:00:00+00:00,5387.322767048968
2026-06-02 01:00:00+00:00,5385.273724366435
2026-06-02 02:00:00+00:00,5369.463724063742
2026-06-02 03:00:00+00:00,5363.8228710019075
2026-06-02 04:00:00+00:00,5368.508275429077
2026-06-02 05:00:00+00:00,5364.190384303825
2026-06-02 06:00:00+00:00,5361.691116426084
2026-06-02 07:00:00+00:00,5362.634725570403
2026-06-02 08:00:00+00:00,5354.921389678081
2026-06-02 09:00:00+00:00,5345.505110245711
2026-06-02 10:00:00+00:00,5342.567852359444
2026-06-02 11:00:00+00:00,5342.533853467021
2026-06-02 12:00:00+00:00,5328.2614142027915
2026-06-02 13:00:00+00:00,5323.6989338176345
2026-06-02 14:00:00+00:00,5338.404881807533
2026-06-02 15:00:00+00:00,5347.6868919257795
2026-06-02 16:00:00+00:00,5344.287420766736
2026-06-02 17:00:00+00:00,5342.082750393848
2026-06-02 18:00:00+00:00,5351.6123578782535
2026-06-02 19:00:00+00:00,5351.905875344339
2026-06-02 20:00:00+00:00,5370.210585641772
2026-06-02 21:00:00+00:00,5377.622795088088
2026-06-02 22:00:00+00:00,5376.413868068581
2026-06-02 23:00:00+00:00,5402.942064238368
2026-06-03 00:00:00+00:00,5399.152468895786
2026-06-03 01:00:00+00:00,5402.445928925287
2026-06-03 02:00:00+00:00,5405.161193082227
2026-06-03 03:00:00+00:00,5411.916702498527
2026-06-03 04:00:00+00:00,5403.785997057903
2026-06-03 05:00:00+00:00,5405.426761477875
2026-06-03 06:00:00+00:00,5394.685780207981
2026-06-03 07:00:00+00:00,5394.72686912986
2026-06-03 08:00:00+00:00,5384.684506931028
2026-06-03 09:00:00+00:00,5391.991523679246
2026-06-03 10:00:00+00:00,5388.606068892824
2026-06-03 11:00:00+00:00,5389.0807949115115
2026-06-03 12:00:00+00:00,5391.941874962655
2026-06-03 13:00:00+00:00,5398.069037896048
2026-06-03 14:00:00+00:00,5408.549602750209
2026-06-03 15:00:00+00:00,5405.501451102823
2026-06-03 16:00:00+00:00,5405.501451102823
2026-06-03 17:00:00+00:00,5405.501451102823
2026-06-03 18:00:00+00:00,5405.501451102823
2026-06-03 19:00:00+00:00,5405.501451102823
2026-06-03 20:00:00+00:00,5388.153583190973
2026-06-03 21:00:00+00:00,5460.25536074316
2026-06-03 22:00:00+00:00,5456.946903716574
2026-06-03 23:00:00+00:00,5445.373595373889
2026-06-04 00:00:00+00:00,5440.407764675831
2026-06-04 01:00:00+00:00,5441.725014335023
2026-06-04 02:00:00+00:00,5475.879842150995
2026-06-04 03:00:00+00:00,5472.703963415656
2026-06-04 04:00:00+00:00,5472.703963415656
2026-06-04 05:00:00+00:00,5472.703963415656
2026-06-04 06:00:00+00:00,5472.703963415656
2026-06-04 07:00:00+00:00,5472.703963415656
2026-06-04 08:00:00+00:00,5472.703963415656
2026-06-04 09:00:00+00:00,5472.703963415656
2026-06-04 10:00:00+00:00,5472.703963415656
2026-06-04 11:00:00+00:00,5472.703963415656
2026-06-04 12:00:00+00:00,5472.703963415656
2026-06-04 13:00:00+00:00,5472.703963415656
2026-06-04 14:00:00+00:00,5472.703963415656
2026-06-04 15:00:00+00:00,5475.401730553482
2026-06-04 16:00:00+00:00,5482.893686423039
2026-06-04 17:00:00+00:00,5476.884569797408
2026-06-04 18:00:00+00:00,5477.677187392286
2026-06-04 19:00:00+00:00,5487.2485831411595
2026-06-04 20:00:00+00:00,5483.910221324882
2026-06-04 21:00:00+00:00,5477.442789999714
2026-06-04 22:00:00+00:00,5469.711336192412
2026-06-04 23:00:00+00:00,5466.571384806109
2026-06-05 00:00:00+00:00,5468.5730072091455
2026-06-05 01:00:00+00:00,5461.419784032993
2026-06-05 02:00:00+00:00,5458.610303604761
2026-06-05 03:00:00+00:00,5452.99670259495
2026-06-05 04:00:00+00:00,5437.48851124858
2026-06-05 05:00:00+00:00,5399.872364223632
2026-06-05 06:00:00+00:00,5372.977335122577
2026-06-05 07:00:00+00:00,5369.858956856188
2026-06-05 08:00:00+00:00,5369.858956856188
2026-06-05 09:00:00+00:00,5369.858956856188
2026-06-05 10:00:00+00:00,5369.858956856188
2026-06-05 11:00:00+00:00,5369.719971508552
2026-06-05 12:00:00+00:00,5359.557976737336
2026-06-05 13:00:00+00:00,5345.297903706702
2026-06-05 14:00:00+00:00,5342.1820629408485
2026-06-05 15:00:00+00:00,5342.1820629408485
2026-06-05 16:00:00+00:00,5342.1820629408485
2026-06-05 17:00:00+00:00,5342.1820629408485
2026-06-05 18:00:00+00:00,5342.1820629408485
2026-06-05 19:00:00+00:00,5342.1820629408485
2026-06-05 20:00:00+00:00,5342.1820629408485
2026-06-05 21:00:00+00:00,5342.1820629408485
2026-06-05 22:00:00+00:00,5342.1820629408485
2026-06-05 23:00:00+00:00,5342.1820629408485
2026-06-06 00:00:00+00:00,5342.1820629408485
2026-06-06 01:00:00+00:00,5342.1820629408485
2026-06-06 02:00:00+00:00,5342.1820629408485
2026-06-06 03:00:00+00:00,5342.1820629408485
2026-06-06 04:00:00+00:00,5342.1820629408485
2026-06-06 05:00:00+00:00,5342.1820629408485
2026-06-06 06:00:00+00:00,5342.1820629408485
2026-06-06 07:00:00+00:00,5342.1820629408485
2026-06-06 08:00:00+00:00,5342.1820629408485
2026-06-06 09:00:00+00:00,5342.1820629408485
2026-06-06 10:00:00+00:00,5342.1820629408485
2026-06-06 11:00:00+00:00,5342.1820629408485
2026-06-06 12:00:00+00:00,5342.1820629408485
2026-06-06 13:00:00+00:00,5342.1820629408485
2026-06-06 14:00:00+00:00,5342.1820629408485
2026-06-06 15:00:00+00:00,5342.1820629408485
2026-06-06 16:00:00+00:00,5342.1820629408485
2026-06-06 17:00:00+00:00,5342.1820629408485
2026-06-06 18:00:00+00:00,5342.1820629408485
2026-06-06 19:00:00+00:00,5342.1820629408485
2026-06-06 20:00:00+00:00,5342.1820629408485
2026-06-06 21:00:00+00:00,5342.1820629408485
2026-06-06 22:00:00+00:00,5342.1820629408485
2026-06-06 23:00:00+00:00,5343.254536519799
2026-06-07 00:00:00+00:00,5339.961224777641
2026-06-07 01:00:00+00:00,5351.99370182631
2026-06-07 02:00:00+00:00,5355.372676282293
2026-06-07 03:00:00+00:00,5350.50817615618
2026-06-07 04:00:00+00:00,5345.774765338567
2026-06-07 05:00:00+00:00,5364.296184045917
2026-06-07 06:00:00+00:00,5360.770110292582
2026-06-07 07:00:00+00:00,5354.513105216116
2026-06-07 08:00:00+00:00,5379.721052143879
2026-06-07 09:00:00+00:00,5379.490838124549
2026-06-07 10:00:00+00:00,5374.020009297284
2026-06-07 11:00:00+00:00,5370.305926327553
2026-06-07 12:00:00+00:00,5385.019391372364
2026-06-07 13:00:00+00:00,5389.181961379171
2026-06-07 14:00:00+00:00,5398.562878771058
2026-06-07 15:00:00+00:00,5393.251085708028
2026-06-07 16:00:00+00:00,5391.343653717965
2026-06-07 17:00:00+00:00,5392.217316991229
2026-06-07 18:00:00+00:00,5396.478144503972
2026-06-07 19:00:00+00:00,5393.176625105803
2026-06-07 20:00:00+00:00,5393.176625105803
2026-06-07 21:00:00+00:00,5393.176625105803
2026-06-07 22:00:00+00:00,5393.176625105803
2026-06-07 23:00:00+00:00,5381.094253187064
2026-06-08 00:00:00+00:00,5382.708358182817
2026-06-08 01:00:00+00:00,5381.610314563957
2026-06-08 02:00:00+00:00,5383.633163769174
2026-06-08 03:00:00+00:00,5389.951377119974
2026-06-08 04:00:00+00:00,5407.725587656645
2026-06-08 05:00:00+00:00,5416.856511994171
2026-06-08 06:00:00+00:00,5405.162783970481
2026-06-08 07:00:00+00:00,5406.794055667251
2026-06-08 08:00:00+00:00,5419.741314648561
2026-06-08 09:00:00+00:00,5419.790670467089
2026-06-08 10:00:00+00:00,5402.9449291219535
2026-06-08 11:00:00+00:00,5398.455886813304
2026-06-08 12:00:00+00:00,5396.719906008413
2026-06-08 13:00:00+00:00,5413.82314589213
2026-06-08 14:00:00+00:00,5406.983928956864
2026-06-08 15:00:00+00:00,5398.725275042341
2026-06-08 16:00:00+00:00,5402.815071334398
2026-06-08 17:00:00+00:00,5396.9856991485385
2026-06-08 18:00:00+00:00,5396.952667375907
2026-06-08 19:00:00+00:00,5392.760014122699
2026-06-08 20:00:00+00:00,5389.599678287519
2026-06-08 21:00:00+00:00,5376.993824756611
2026-06-08 22:00:00+00:00,5365.077457957395
2026-06-08 23:00:00+00:00,5371.494330114049
2026-06-09 00:00:00+00:00,5392.410576686503
2026-06-09 01:00:00+00:00,5392.016081037064
2026-06-09 02:00:00+00:00,5397.628651858913
2026-06-09 03:00:00+00:00,5395.413376112654
2026-06-09 04:00:00+00:00,5383.9068911394015
2026-06-09 05:00:00+00:00,5385.259227254035
2026-06-09 06:00:00+00:00,5387.210420174098
2026-06-09 07:00:00+00:00,5392.501837789048
2026-06-09 08:00:00+00:00,5385.523741791768
2026-06-09 09:00:00+00:00,5387.240025388839
2026-06-09 10:00:00+00:00,5383.313938849842
2026-06-09 11:00:00+00:00,5385.042350314192
2026-06-09 12:00:00+00:00,5373.761152299765
2026-06-09 13:00:00+00:00,5374.24497681083
2026-06-09 14:00:00+00:00,5376.603948243469
2026-06-09 15:00:00+00:00,5374.26064382961
2026-06-09 16:00:00+00:00,5392.2757216011105
2026-06-09 17:00:00+00:00,5387.810018207978
2026-06-09 18:00:00+00:00,5376.7416686386505
2026-06-09 19:00:00+00:00,5381.709645234848
2026-06-09 20:00:00+00:00,5379.224886327679
2026-06-09 21:00:00+00:00,5378.66773844773
2026-06-09 22:00:00+00:00,5393.707261726339
2026-06-09 23:00:00+00:00,5394.572227118843
2026-06-10 00:00:00+00:00,5392.85473823615
2026-06-10 01:00:00+00:00,5394.765014878474
2026-06-10 02:00:00+00:00,5401.115606928143
2026-06-10 03:00:00+00:00,5401.114378333128
2026-06-10 04:00:00+00:00,5398.010218521855
2026-06-10 05:00:00+00:00,5396.902990745161
2026-06-10 06:00:00+00:00,5395.527316562158
2026-06-10 07:00:00+00:00,5391.7286789337695
2026-06-10 08:00:00+00:00,5403.884387999505
2026-06-10 09:00:00+00:00,5400.72761931695
2026-06-10 10:00:00+00:00,5400.72761931695
2026-06-10 11:00:00+00:00,5400.72761931695
2026-06-10 12:00:00+00:00,5400.72761931695
2026-06-10 13:00:00+00:00,5400.72761931695
2026-06-10 14:00:00+00:00,5400.72761931695
2026-06-10 15:00:00+00:00,5400.72761931695
2026-06-10 16:00:00+00:00,5400.72761931695
2026-06-10 17:00:00+00:00,5400.72761931695
2026-06-10 18:00:00+00:00,5400.72761931695
2026-06-10 19:00:00+00:00,5400.72761931695
2026-06-10 20:00:00+00:00,5400.72761931695
2026-06-10 21:00:00+00:00,5400.72761931695
2026-06-10 22:00:00+00:00,5405.019606104781
2026-06-10 23:00:00+00:00,5407.673617191306
2026-06-11 00:00:00+00:00,5405.553197457562
2026-06-11 01:00:00+00:00,5413.049642551754
2026-06-11 02:00:00+00:00,5412.402875517075
2026-06-11 03:00:00+00:00,5410.430809492896
2026-06-11 04:00:00+00:00,5413.717690820374
2026-06-11 05:00:00+00:00,5403.540668174265
2026-06-11 06:00:00+00:00,5408.512273975675
2026-06-11 07:00:00+00:00,5409.659273857513
2026-06-11 08:00:00+00:00,5408.8166931477635
2026-06-11 09:00:00+00:00,5408.275015321965
2026-06-11 10:00:00+00:00,5398.033839541552
2026-06-11 11:00:00+00:00,5412.991278467753
2026-06-11 12:00:00+00:00,5392.331629312841
2026-06-11 13:00:00+00:00,5392.062489653962
2026-06-11 14:00:00+00:00,5390.234161551591
2026-06-11 15:00:00+00:00,5393.29474559351
2026-06-11 16:00:00+00:00,5391.220026833668
2026-06-11 17:00:00+00:00,5426.788138079426
2026-06-11 18:00:00+00:00,5423.3925335101785
2026-06-11 19:00:00+00:00,5423.3925335101785
2026-06-11 20:00:00+00:00,5423.3925335101785
2026-06-11 21:00:00+00:00,5423.3925335101785
2026-06-11 22:00:00+00:00,5423.3925335101785
2026-06-11 23:00:00+00:00,5423.3925335101785
2026-06-12 00:00:00+00:00,5423.3925335101785
2026-06-12 01:00:00+00:00,5423.3925335101785
2026-06-12 02:00:00+00:00,5423.3925335101785
2026-06-12 03:00:00+00:00,5423.3925335101785
2026-06-12 04:00:00+00:00,5423.3925335101785
2026-06-12 05:00:00+00:00,5423.3925335101785
2026-06-12 06:00:00+00:00,5423.3925335101785
2026-06-12 07:00:00+00:00,5423.3925335101785
2026-06-12 08:00:00+00:00,5423.3925335101785
2026-06-12 09:00:00+00:00,5423.3925335101785
2026-06-12 10:00:00+00:00,5423.3925335101785
2026-06-12 11:00:00+00:00,5423.3925335101785
2026-06-12 12:00:00+00:00,5423.3925335101785
2026-06-12 13:00:00+00:00,5423.3925335101785
2026-06-12 14:00:00+00:00,5423.3925335101785
2026-06-12 15:00:00+00:00,5423.3925335101785
2026-06-12 16:00:00+00:00,5424.5895972794915
2026-06-12 17:00:00+00:00,5422.977076752796
2026-06-12 18:00:00+00:00,5427.456569961848
2026-06-12 19:00:00+00:00,5430.194622652348
2026-06-12 20:00:00+00:00,5434.364737991478
2026-06-12 21:00:00+00:00,5431.961137987377
2026-06-12 22:00:00+00:00,5427.803575512951
2026-06-12 23:00:00+00:00,5431.194035839978
2026-06-13 00:00:00+00:00,5431.90972776492
2026-06-13 01:00:00+00:00,5433.188262796932
2026-06-13 02:00:00+00:00,5431.281251088995
2026-06-13 03:00:00+00:00,5431.672920975311
2026-06-13 04:00:00+00:00,5431.347909388325
2026-06-13 05:00:00+00:00,5429.2060763912605
2026-06-13 06:00:00+00:00,5430.276114610008
2026-06-13 07:00:00+00:00,5435.774555360494
2026-06-13 08:00:00+00:00,5435.080105844927
2026-06-13 09:00:00+00:00,5436.48665073737
2026-06-13 10:00:00+00:00,5432.713234320695
2026-06-13 11:00:00+00:00,5434.289288613137
2026-06-13 12:00:00+00:00,5430.8909364084075
2026-06-13 13:00:00+00:00,5427.8145061427795
2026-06-13 14:00:00+00:00,5426.248060321962
2026-06-13 15:00:00+00:00,5426.647716702202
2026-06-13 16:00:00+00:00,5429.224220100042
2026-06-13 17:00:00+00:00,5427.466702924708
2026-06-13 18:00:00+00:00,5426.164448281951
2026-06-13 19:00:00+00:00,5420.258042720393
2026-06-13 20:00:00+00:00,5417.721220991034
2026-06-13 21:00:00+00:00,5426.3165652707285
2026-06-13 22:00:00+00:00,5419.139274034887
2026-06-13 23:00:00+00:00,5418.42776710971
2026-06-14 00:00:00+00:00,5415.4055832643335
2026-06-14 01:00:00+00:00,5417.667298385096
2026-06-14 02:00:00+00:00,5418.967089148366
2026-06-14 03:00:00+00:00,5415.229442576139
2026-06-14 04:00:00+00:00,5417.978721446787
2026-06-14 05:00:00+00:00,5417.745879254378
2026-06-14 06:00:00+00:00,5417.335184049026
2026-06-14 07:00:00+00:00,5410.571889273461
2026-06-14 08:00:00+00:00,5409.048845063764
2026-06-14 09:00:00+00:00,5406.747201485373
2026-06-14 10:00:00+00:00,5402.140937145164
2026-06-14 11:00:00+00:00,5401.901494577497
2026-06-14 12:00:00+00:00,5400.167822542071
2026-06-14 13:00:00+00:00,5399.763679207982
2026-06-14 14:00:00+00:00,5402.825062073658
2026-06-14 15:00:00+00:00,5406.448479192139
2026-06-14 16:00:00+00:00,5407.747492014084
2026-06-14 17:00:00+00:00,5417.769654030061
2026-06-14 18:00:00+00:00,5414.254130370271
2026-06-14 19:00:00+00:00,5419.9951409101905
2026-06-14 20:00:00+00:00,5419.388195275843
2026-06-14 21:00:00+00:00,5442.750416835683
2026-06-14 22:00:00+00:00,5439.394378795854
2026-06-14 23:00:00+00:00,5439.394378795854
2026-06-15 00:00:00+00:00,5439.394378795854
2026-06-15 01:00:00+00:00,5439.394378795854
2026-06-15 02:00:00+00:00,5439.394378795854
2026-06-15 03:00:00+00:00,5439.394378795854
2026-06-15 04:00:00+00:00,5439.394378795854
2026-06-15 05:00:00+00:00,5439.394378795854
2026-06-15 06:00:00+00:00,5439.394378795854
2026-06-15 07:00:00+00:00,5439.394378795854
2026-06-15 08:00:00+00:00,5439.394378795854
2026-06-15 09:00:00+00:00,5439.394378795854
2026-06-15 10:00:00+00:00,5439.394378795854
2026-06-15 11:00:00+00:00,5439.394378795854
2026-06-15 12:00:00+00:00,5430.188790500022
2026-06-15 13:00:00+00:00,5368.762405437934
2026-06-15 14:00:00+00:00,5365.447559742174
2026-06-15 15:00:00+00:00,5344.581231098539
2026-06-15 16:00:00+00:00,5341.317702620909
2026-06-15 17:00:00+00:00,5341.317702620909
2026-06-15 18:00:00+00:00,5341.317702620909
2026-06-15 19:00:00+00:00,5341.317702620909
2026-06-15 20:00:00+00:00,5341.317702620909
2026-06-15 21:00:00+00:00,5340.134336446704
2026-06-15 22:00:00+00:00,5365.436292952536
2026-06-15 23:00:00+00:00,5360.7242189209155
2026-06-16 00:00:00+00:00,5367.599508626132
2026-06-16 01:00:00+00:00,5367.438051906218
2026-06-16 02:00:00+00:00,5375.697067462296
2026-06-16 03:00:00+00:00,5379.188536883477
2026-06-16 04:00:00+00:00,5393.7839945687765
2026-06-16 05:00:00+00:00,5400.2755978766745
2026-06-16 06:00:00+00:00,5401.989717999368
2026-06-16 07:00:00+00:00,5395.214590185384
2026-06-16 08:00:00+00:00,5373.514321429485
2026-06-16 09:00:00+00:00,5377.764839804217
2026-06-16 10:00:00+00:00,5371.407930132788
2026-06-16 11:00:00+00:00,5362.306701923286
2026-06-16 12:00:00+00:00,5337.1470249856
2026-06-16 13:00:00+00:00,5346.868442875994
2026-06-16 14:00:00+00:00,5357.401049287721
2026-06-16 15:00:00+00:00,5363.10625680425
2026-06-16 16:00:00+00:00,5365.1916984095615
2026-06-16 17:00:00+00:00,5348.432539185845
2026-06-16 18:00:00+00:00,5337.224802769528
2026-06-16 19:00:00+00:00,5336.090222596003
2026-06-16 20:00:00+00:00,5339.28901202903
2026-06-16 21:00:00+00:00,5338.477854338704
2026-06-16 22:00:00+00:00,5338.814986136597
2026-06-16 23:00:00+00:00,5339.149785040216
2026-06-17 00:00:00+00:00,5339.010180205687
2026-06-17 01:00:00+00:00,5342.635847047791
2026-06-17 02:00:00+00:00,5344.906783650103
2026-06-17 03:00:00+00:00,5345.380755532982
2026-06-17 04:00:00+00:00,5345.757136175952
2026-06-17 05:00:00+00:00,5343.918200282179
2026-06-17 06:00:00+00:00,5341.130319300545
2026-06-17 07:00:00+00:00,5345.141058121695
2026-06-17 08:00:00+00:00,5349.631683822981
2026-06-17 09:00:00+00:00,5337.889451912619
2026-06-17 10:00:00+00:00,5340.277102897052
2026-06-17 11:00:00+00:00,5346.985716153055
2026-06-17 12:00:00+00:00,5363.564773727008
2026-06-17 13:00:00+00:00,5369.927351747639
2026-06-17 14:00:00+00:00,5372.362716745451
2026-06-17 15:00:00+00:00,5370.964497534557
2026-06-17 16:00:00+00:00,5377.943332181576
2026-06-17 17:00:00+00:00,5362.000022092381
2026-06-17 18:00:00+00:00,5366.5080511672695
2026-06-17 19:00:00+00:00,5369.713847952962
2026-06-17 20:00:00+00:00,5356.709029907095
2026-06-17 21:00:00+00:00,5361.7957532238015
2026-06-17 22:00:00+00:00,5361.237790158053
2026-06-17 23:00:00+00:00,5354.95914041973
2026-06-18 00:00:00+00:00,5349.569157567607
2026-06-18 01:00:00+00:00,5350.049095980202
2026-06-18 02:00:00+00:00,5354.253483958317
2026-06-18 03:00:00+00:00,5355.456581112859
2026-06-18 04:00:00+00:00,5359.133744583453
2026-06-18 05:00:00+00:00,5363.090953300899
2026-06-18 06:00:00+00:00,5360.0270034027435
2026-06-18 07:00:00+00:00,5360.0270034027435
2026-06-18 08:00:00+00:00,5360.0270034027435
2026-06-18 09:00:00+00:00,5360.0270034027435
2026-06-18 10:00:00+00:00,5360.0270034027435
2026-06-18 11:00:00+00:00,5360.0270034027435
2026-06-18 12:00:00+00:00,5360.0270034027435
2026-06-18 13:00:00+00:00,5360.0270034027435
2026-06-18 14:00:00+00:00,5360.0270034027435
2026-06-18 15:00:00+00:00,5360.0270034027435
2026-06-18 16:00:00+00:00,5360.0270034027435
2026-06-18 17:00:00+00:00,5360.0270034027435
2026-06-18 18:00:00+00:00,5361.748133199652
2026-06-18 19:00:00+00:00,5383.815200799664
2026-06-18 20:00:00+00:00,5385.932930241457
2026-06-18 21:00:00+00:00,5382.690528984417
2026-06-18 22:00:00+00:00,5382.690528984417
2026-06-18 23:00:00+00:00,5382.690528984417
2026-06-19 00:00:00+00:00,5382.690528984417
2026-06-19 01:00:00+00:00,5382.690528984417
2026-06-19 02:00:00+00:00,5382.690528984417
2026-06-19 03:00:00+00:00,5382.690528984417
2026-06-19 04:00:00+00:00,5382.690528984417
2026-06-19 05:00:00+00:00,5382.690528984417
2026-06-19 06:00:00+00:00,5382.690528984417
2026-06-19 07:00:00+00:00,5382.690528984417
2026-06-19 08:00:00+00:00,5382.690528984417
2026-06-19 09:00:00+00:00,5382.690528984417
2026-06-19 10:00:00+00:00,5382.690528984417
2026-06-19 11:00:00+00:00,5382.690528984417
2026-06-19 12:00:00+00:00,5382.690528984417
2026-06-19 13:00:00+00:00,5382.690528984417
2026-06-19 14:00:00+00:00,5382.690528984417
2026-06-19 15:00:00+00:00,5382.690528984417
2026-06-19 16:00:00+00:00,5382.690528984417
2026-06-19 17:00:00+00:00,5382.690528984417
2026-06-19 18:00:00+00:00,5382.690528984417
2026-06-19 19:00:00+00:00,5382.690528984417
2026-06-19 20:00:00+00:00,5382.690528984417
2026-06-19 21:00:00+00:00,5382.690528984417
2026-06-19 22:00:00+00:00,5382.690528984417
2026-06-19 23:00:00+00:00,5382.690528984417
2026-06-20 00:00:00+00:00,5382.690528984417
2026-06-20 01:00:00+00:00,5382.690528984417
2026-06-20 02:00:00+00:00,5382.690528984417
2026-06-20 03:00:00+00:00,5382.690528984417
2026-06-20 04:00:00+00:00,5382.690528984417
2026-06-20 05:00:00+00:00,5382.690528984417
2026-06-20 06:00:00+00:00,5382.690528984417
2026-06-20 07:00:00+00:00,5382.690528984417
2026-06-20 08:00:00+00:00,5382.690528984417
2026-06-20 09:00:00+00:00,5382.690528984417
2026-06-20 10:00:00+00:00,5382.690528984417
2026-06-20 11:00:00+00:00,5382.690528984417
2026-06-20 12:00:00+00:00,5382.690528984417
2026-06-20 13:00:00+00:00,5382.690528984417
2026-06-20 14:00:00+00:00,5382.690528984417
2026-06-20 15:00:00+00:00,5382.690528984417
2026-06-20 16:00:00+00:00,5382.690528984417
2026-06-20 17:00:00+00:00,5382.690528984417
2026-06-20 18:00:00+00:00,5382.690528984417
2026-06-20 19:00:00+00:00,5382.690528984417
2026-06-20 20:00:00+00:00,5382.690528984417
2026-06-20 21:00:00+00:00,5382.690528984417
2026-06-20 22:00:00+00:00,5382.690528984417
2026-06-20 23:00:00+00:00,5382.690528984417
2026-06-21 00:00:00+00:00,5382.690528984417
2026-06-21 01:00:00+00:00,5382.690528984417
2026-06-21 02:00:00+00:00,5382.690528984417
2026-06-21 03:00:00+00:00,5382.690528984417
2026-06-21 04:00:00+00:00,5382.690528984417
2026-06-21 05:00:00+00:00,5382.690528984417
2026-06-21 06:00:00+00:00,5382.690528984417
2026-06-21 07:00:00+00:00,5382.690528984417
2026-06-21 08:00:00+00:00,5382.690528984417
2026-06-21 09:00:00+00:00,5382.690528984417
2026-06-21 10:00:00+00:00,5382.690528984417
2026-06-21 11:00:00+00:00,5382.690528984417
2026-06-21 12:00:00+00:00,5382.690528984417
2026-06-21 13:00:00+00:00,5382.690528984417
2026-06-21 14:00:00+00:00,5382.690528984417
2026-06-21 15:00:00+00:00,5382.690528984417
2026-06-21 16:00:00+00:00,5382.690528984417
2026-06-21 17:00:00+00:00,5382.690528984417
2026-06-21 18:00:00+00:00,5382.690528984417
2026-06-21 19:00:00+00:00,5382.690528984417
2026-06-21 20:00:00+00:00,5382.690528984417
2026-06-21 21:00:00+00:00,5382.690528984417
2026-06-21 22:00:00+00:00,5382.690528984417
2026-06-21 23:00:00+00:00,5382.690528984417
2026-06-22 00:00:00+00:00,5382.690528984417
2026-06-22 01:00:00+00:00,5382.690528984417
2026-06-22 02:00:00+00:00,5382.690528984417
2026-06-22 03:00:00+00:00,5382.690528984417
2026-06-22 04:00:00+00:00,5382.690528984417
2026-06-22 05:00:00+00:00,5382.690528984417
2026-06-22 06:00:00+00:00,5382.690528984417
2026-06-22 07:00:00+00:00,5382.690528984417
2026-06-22 08:00:00+00:00,5382.690528984417
2026-06-22 09:00:00+00:00,5382.690528984417
2026-06-22 10:00:00+00:00,5382.690528984417
2026-06-22 11:00:00+00:00,5382.690528984417
2026-06-22 12:00:00+00:00,5405.733666416019
2026-06-22 13:00:00+00:00,5402.747680588751
2026-06-22 14:00:00+00:00,5412.858614657052
2026-06-22 15:00:00+00:00,5409.622028215685
2026-06-22 16:00:00+00:00,5409.622028215685
2026-06-22 17:00:00+00:00,5409.622028215685
2026-06-22 18:00:00+00:00,5409.622028215685
2026-06-22 19:00:00+00:00,5409.622028215685
2026-06-22 20:00:00+00:00,5409.622028215685
2026-06-22 21:00:00+00:00,5409.622028215685
2026-06-22 22:00:00+00:00,5409.622028215685
2026-06-22 23:00:00+00:00,5409.622028215685
2026-06-23 00:00:00+00:00,5409.622028215685
2026-06-23 01:00:00+00:00,5409.622028215685
2026-06-23 02:00:00+00:00,5409.622028215685
2026-06-23 03:00:00+00:00,5409.622028215685
2026-06-23 04:00:00+00:00,5409.622028215685
2026-06-23 05:00:00+00:00,5409.622028215685
2026-06-23 06:00:00+00:00,5409.622028215685
2026-06-23 07:00:00+00:00,5409.622028215685
2026-06-23 08:00:00+00:00,5409.622028215685
2026-06-23 09:00:00+00:00,5410.776305719128
2026-06-23 10:00:00+00:00,5416.342213895232
2026-06-23 11:00:00+00:00,5421.61357813982
2026-06-23 12:00:00+00:00,5422.1401784035315
2026-06-23 13:00:00+00:00,5426.494637014542
2026-06-23 14:00:00+00:00,5424.478370781862
2026-06-23 15:00:00+00:00,5420.9070981347895
2026-06-23 16:00:00+00:00,5417.421724252098
2026-06-23 17:00:00+00:00,5421.651824157293
2026-06-23 18:00:00+00:00,5424.361503338145
2026-06-23 19:00:00+00:00,5429.839772998257
2026-06-23 20:00:00+00:00,5428.98977940337
2026-06-23 21:00:00+00:00,5427.992278234083
2026-06-23 22:00:00+00:00,5424.493778705069
2026-06-23 23:00:00+00:00,5422.7715698611955
2026-06-24 00:00:00+00:00,5417.20527449431
2026-06-24 01:00:00+00:00,5422.898636242907
2026-06-24 02:00:00+00:00,5421.486939658692
2026-06-24 03:00:00+00:00,5421.821369954694
2026-06-24 04:00:00+00:00,5424.558917892396
2026-06-24 05:00:00+00:00,5427.776689438601
2026-06-24 06:00:00+00:00,5433.099736121304
2026-06-24 07:00:00+00:00,5435.470568176832
2026-06-24 08:00:00+00:00,5429.575988877926
2026-06-24 09:00:00+00:00,5424.887189105895
2026-06-24 10:00:00+00:00,5429.1665286766865
2026-06-24 11:00:00+00:00,5434.599736034191
2026-06-24 12:00:00+00:00,5434.679024880016
2026-06-24 13:00:00+00:00,5447.110443899968
2026-06-24 14:00:00+00:00,5460.309651072272
2026-06-24 15:00:00+00:00,5457.097538290791
2026-06-24 16:00:00+00:00,5457.097538290791
2026-06-24 17:00:00+00:00,5457.097538290791
2026-06-24 18:00:00+00:00,5465.567671579831
2026-06-24 19:00:00+00:00,5470.806079023679
2026-06-24 20:00:00+00:00,5475.954399400826
2026-06-24 21:00:00+00:00,5482.212114046134
2026-06-24 22:00:00+00:00,5482.523647622875
2026-06-24 23:00:00+00:00,5485.166533056975
2026-06-25 00:00:00+00:00,5491.522621550992
2026-06-25 01:00:00+00:00,5489.66025896722
2026-06-25 02:00:00+00:00,5495.83168552873
2026-06-25 03:00:00+00:00,5489.597982648451
2026-06-25 04:00:00+00:00,5494.905163119881
2026-06-25 05:00:00+00:00,5502.505647137468
2026-06-25 06:00:00+00:00,5511.062191009701
2026-06-25 07:00:00+00:00,5507.642569233399
2026-06-25 08:00:00+00:00,5507.642569233399
2026-06-25 09:00:00+00:00,5507.642569233399
2026-06-25 10:00:00+00:00,5507.642569233399
2026-06-25 11:00:00+00:00,5507.642569233399
2026-06-25 12:00:00+00:00,5507.642569233399
2026-06-25 13:00:00+00:00,5507.642569233399
2026-06-25 14:00:00+00:00,5502.130079863399
2026-06-25 15:00:00+00:00,5501.558779835048
2026-06-25 16:00:00+00:00,5498.808181975785
2026-06-25 17:00:00+00:00,5504.462963693542
2026-06-25 18:00:00+00:00,5499.198577595914
2026-06-25 19:00:00+00:00,5493.725322241482
2026-06-25 20:00:00+00:00,5488.952410972283
2026-06-25 21:00:00+00:00,5489.793825302252
2026-06-25 22:00:00+00:00,5488.4627529171585
2026-06-25 23:00:00+00:00,5486.007996277058
2026-06-26 00:00:00+00:00,5486.631396703123
2026-06-26 01:00:00+00:00,5489.197718677657
2026-06-26 02:00:00+00:00,5466.875804156881
2026-06-26 03:00:00+00:00,5456.777218066886
2026-06-26 04:00:00+00:00,5447.742001474428
2026-06-26 05:00:00+00:00,5457.2775778100295
2026-06-26 06:00:00+00:00,5466.79047290101
2026-06-26 07:00:00+00:00,5475.034125695531
2026-06-26 08:00:00+00:00,5463.164015349403
2026-06-26 09:00:00+00:00,5462.289345430717
2026-06-26 10:00:00+00:00,5473.906754003444
2026-06-26 11:00:00+00:00,5463.511342270394
2026-06-26 12:00:00+00:00,5458.264919540347
2026-06-26 13:00:00+00:00,5471.273174136242
2026-06-26 14:00:00+00:00,5481.898870559815
2026-06-26 15:00:00+00:00,5483.328970501115
2026-06-26 16:00:00+00:00,5492.478560638347
2026-06-26 17:00:00+00:00,5500.648090287806
2026-06-26 18:00:00+00:00,5501.964034337858
2026-06-26 19:00:00+00:00,5500.748914808261
2026-06-26 20:00:00+00:00,5495.355357432866
2026-06-26 21:00:00+00:00,5493.975668705974
2026-06-26 22:00:00+00:00,5493.216351834452
2026-06-26 23:00:00+00:00,5491.331568262111
2026-06-27 00:00:00+00:00,5489.698514343041
2026-06-27 01:00:00+00:00,5493.543531593376
2026-06-27 02:00:00+00:00,5490.54136575226
2026-06-27 03:00:00+00:00,5485.170599863181
2026-06-27 04:00:00+00:00,5486.302148189876
2026-06-27 05:00:00+00:00,5484.851852117539
2026-06-27 06:00:00+00:00,5485.8282891477875
2026-06-27 07:00:00+00:00,5482.38736098805
2026-06-27 08:00:00+00:00,5484.40267712624
2026-06-27 09:00:00+00:00,5483.658265645616
2026-06-27 10:00:00+00:00,5486.227092296714
2026-06-27 11:00:00+00:00,5488.486408742664
2026-06-27 12:00:00+00:00,5489.223450762781
2026-06-27 13:00:00+00:00,5492.7929357504745
2026-06-27 14:00:00+00:00,5495.525124599943
2026-06-27 15:00:00+00:00,5504.49403561081
2026-06-27 16:00:00+00:00,5501.020984965066
2026-06-27 17:00:00+00:00,5501.020984965066
2026-06-27 18:00:00+00:00,5501.020984965066
2026-06-27 19:00:00+00:00,5501.020984965066
2026-06-27 20:00:00+00:00,5501.020984965066
2026-06-27 21:00:00+00:00,5501.020984965066
2026-06-27 22:00:00+00:00,5501.020984965066
2026-06-27 23:00:00+00:00,5501.020984965066
2026-06-28 00:00:00+00:00,5501.020984965066
2026-06-28 01:00:00+00:00,5501.020984965066
2026-06-28 02:00:00+00:00,5501.020984965066
2026-06-28 03:00:00+00:00,5501.020984965066
2026-06-28 04:00:00+00:00,5501.020984965066
2026-06-28 05:00:00+00:00,5501.020984965066
2026-06-28 06:00:00+00:00,5501.020984965066
2026-06-28 07:00:00+00:00,5501.020984965066
2026-06-28 08:00:00+00:00,5501.020984965066
2026-06-28 09:00:00+00:00,5501.020984965066
2026-06-28 10:00:00+00:00,5501.020984965066
2026-06-28 11:00:00+00:00,5501.020984965066
2026-06-28 12:00:00+00:00,5501.020984965066
2026-06-28 13:00:00+00:00,5501.020984965066
2026-06-28 14:00:00+00:00,5501.020984965066
2026-06-28 15:00:00+00:00,5501.020984965066
2026-06-28 16:00:00+00:00,5501.020984965066
2026-06-28 17:00:00+00:00,5501.020984965066
2026-06-28 18:00:00+00:00,5501.020984965066
2026-06-28 19:00:00+00:00,5501.020984965066
2026-06-28 20:00:00+00:00,5501.020984965066
2026-06-28 21:00:00+00:00,5501.020984965066
2026-06-28 22:00:00+00:00,5501.020984965066
2026-06-28 23:00:00+00:00,5501.020984965066
2026-06-29 00:00:00+00:00,5501.020984965066
2026-06-29 01:00:00+00:00,5501.020984965066
2026-06-29 02:00:00+00:00,5501.020984965066
2026-06-29 03:00:00+00:00,5501.020984965066
2026-06-29 04:00:00+00:00,5501.020984965066
2026-06-29 05:00:00+00:00,5501.020984965066
2026-06-29 06:00:00+00:00,5501.020984965066
2026-06-29 07:00:00+00:00,5501.020984965066
2026-06-29 08:00:00+00:00,5501.020984965066
2026-06-29 09:00:00+00:00,5501.020984965066
2026-06-29 10:00:00+00:00,5501.020984965066
2026-06-29 11:00:00+00:00,5501.020984965066
2026-06-29 12:00:00+00:00,5501.020984965066
2026-06-29 13:00:00+00:00,5501.020984965066
2026-06-29 14:00:00+00:00,5501.020984965066
2026-06-29 15:00:00+00:00,5501.020984965066
2026-06-29 16:00:00+00:00,5501.020984965066
2026-06-29 17:00:00+00:00,5501.020984965066
2026-06-29 18:00:00+00:00,5503.940810052386
2026-06-29 19:00:00+00:00,5502.804959285711
2026-06-29 20:00:00+00:00,5509.749556537986
2026-06-29 21:00:00+00:00,5513.99153040153
2026-06-29 22:00:00+00:00,5520.245479858567
2026-06-29 23:00:00+00:00,5515.710787443206
2026-06-30 00:00:00+00:00,5527.661399107489
2026-06-30 01:00:00+00:00,5533.776815156862
2026-06-30 02:00:00+00:00,5539.323125524436
2026-06-30 03:00:00+00:00,5530.790732250146
2026-06-30 04:00:00+00:00,5522.824998932157
2026-06-30 05:00:00+00:00,5524.353754005618
2026-06-30 06:00:00+00:00,5518.321741292623
2026-06-30 07:00:00+00:00,5517.216483586692
2026-06-30 08:00:00+00:00,5521.712814245216
2026-06-30 09:00:00+00:00,5522.042140435085
2026-06-30 10:00:00+00:00,5521.627671230004
2026-06-30 11:00:00+00:00,5525.215258209522
2026-06-30 12:00:00+00:00,5533.396724631575
2026-06-30 13:00:00+00:00,5523.785223739258
2026-06-30 14:00:00+00:00,5518.553866432758
2026-06-30 15:00:00+00:00,5511.000290079986
2026-06-30 16:00:00+00:00,5504.471168967833
2026-06-30 17:00:00+00:00,5503.210876846874
2026-06-30 18:00:00+00:00,5501.350485526466
2026-06-30 19:00:00+00:00,5505.232445608059
2026-06-30 20:00:00+00:00,5508.751225695584
2026-06-30 21:00:00+00:00,5511.600743226253
2026-06-30 22:00:00+00:00,5517.536352613105
2026-06-30 23:00:00+00:00,5510.670262544833
2026-07-01 00:00:00+00:00,5503.2204508732275
2026-07-01 01:00:00+00:00,5507.159195576364
2026-07-01 02:00:00+00:00,5507.455924573982
2026-07-01 03:00:00+00:00,5498.167337355918
2026-07-01 04:00:00+00:00,5497.0103221478585
2026-07-01 05:00:00+00:00,5499.702308662344
2026-07-01 06:00:00+00:00,5509.421485448906
2026-07-01 07:00:00+00:00,5506.470886718117
2026-07-01 08:00:00+00:00,5509.025511644123
2026-07-01 09:00:00+00:00,5509.900690150135
2026-07-01 10:00:00+00:00,5509.852169548742
2026-07-01 11:00:00+00:00,5514.24185542659
2026-07-01 12:00:00+00:00,5509.185335758831
2026-07-01 13:00:00+00:00,5507.561855752201
2026-07-01 14:00:00+00:00,5503.531822153695
2026-07-01 15:00:00+00:00,5498.806659168627
2026-07-01 16:00:00+00:00,5498.11019811593
2026-07-01 17:00:00+00:00,5496.192624235668
2026-07-01 18:00:00+00:00,5505.871029639782
2026-07-01 19:00:00+00:00,5496.993129197973
2026-07-01 20:00:00+00:00,5501.611622888023
2026-07-01 21:00:00+00:00,5509.675033102655
2026-07-01 22:00:00+00:00,5510.82803534632
2026-07-01 23:00:00+00:00,5510.952423642163
2026-07-02 00:00:00+00:00,5508.616724393652
2026-07-02 01:00:00+00:00,5499.193318362538
2026-07-02 02:00:00+00:00,5510.034258563775
2026-07-02 03:00:00+00:00,5507.339627186731
2026-07-02 04:00:00+00:00,5506.147552438182
2026-07-02 05:00:00+00:00,5503.9243913191885
2026-07-02 06:00:00+00:00,5506.426887837694
2026-07-02 07:00:00+00:00,5505.3926522136835
2026-07-02 08:00:00+00:00,5507.162579395254
2026-07-02 09:00:00+00:00,5506.720952495602
2026-07-02 10:00:00+00:00,5505.615551565463
2026-07-02 11:00:00+00:00,5502.981004843528
2026-07-02 12:00:00+00:00,5489.872774011649
2026-07-02 13:00:00+00:00,5426.918927099085
2026-07-02 14:00:00+00:00,5431.35296546836
2026-07-02 15:00:00+00:00,5435.304705459881
2026-07-02 16:00:00+00:00,5433.787217917327
2026-07-02 17:00:00+00:00,5440.27333801715
2026-07-02 18:00:00+00:00,5436.870109250379
2026-07-02 19:00:00+00:00,5424.333884779156
2026-07-02 20:00:00+00:00,5420.205004396191
2026-07-02 21:00:00+00:00,5429.5983310583015
2026-07-02 22:00:00+00:00,5429.452124334739
2026-07-02 23:00:00+00:00,5427.4464242470785
2026-07-03 00:00:00+00:00,5422.358084837544
2026-07-03 01:00:00+00:00,5410.004502917265
2026-07-03 02:00:00+00:00,5415.127862445608
2026-07-03 03:00:00+00:00,5412.4663235550615
2026-07-03 04:00:00+00:00,5417.907668803863
2026-07-03 05:00:00+00:00,5410.555298911886
2026-07-03 06:00:00+00:00,5408.9688270637935
2026-07-03 07:00:00+00:00,5408.622779871546
2026-07-03 08:00:00+00:00,5397.336692730581
2026-07-03 09:00:00+00:00,5392.772917200532
2026-07-03 10:00:00+00:00,5376.198028334672
2026-07-03 11:00:00+00:00,5380.634875811601
2026-07-03 12:00:00+00:00,5388.447072279755
2026-07-03 13:00:00+00:00,5375.470682470037
2026-07-03 14:00:00+00:00,5395.473206435821
2026-07-03 15:00:00+00:00,5394.3762347885995
2026-07-03 16:00:00+00:00,5398.6030674369185
2026-07-03 17:00:00+00:00,5395.102850385859
2026-07-03 18:00:00+00:00,5394.591186266069
2026-07-03 19:00:00+00:00,5383.822633207293
2026-07-03 20:00:00+00:00,5376.40797346241
2026-07-03 21:00:00+00:00,5378.186506716954
2026-07-03 22:00:00+00:00,5380.837800459651
2026-07-03 23:00:00+00:00,5380.688354910342
2026-07-04 00:00:00+00:00,5387.198011238391
2026-07-04 01:00:00+00:00,5392.027708061576
2026-07-04 02:00:00+00:00,5392.433268641299
2026-07-04 03:00:00+00:00,5389.452909819848
2026-07-04 04:00:00+00:00,5379.195587198067
2026-07-04 05:00:00+00:00,5378.747962182305
2026-07-04 06:00:00+00:00,5382.104381965079
2026-07-04 07:00:00+00:00,5379.945799296179
2026-07-04 08:00:00+00:00,5372.326277125894
2026-07-04 09:00:00+00:00,5376.43469589068
2026-07-04 10:00:00+00:00,5375.673055334633
2026-07-04 11:00:00+00:00,5376.20910841767
2026-07-04 12:00:00+00:00,5373.850722912863
2026-07-04 13:00:00+00:00,5371.374932465962
2026-07-04 14:00:00+00:00,5362.844682607568
2026-07-04 15:00:00+00:00,5343.046176814432
2026-07-04 16:00:00+00:00,5349.030241686341
2026-07-04 17:00:00+00:00,5344.455636794544
2026-07-04 18:00:00+00:00,5348.994655626494
2026-07-04 19:00:00+00:00,5356.359406649861
2026-07-04 20:00:00+00:00,5362.955869212323
2026-07-04 21:00:00+00:00,5362.4340780453385
2026-07-04 22:00:00+00:00,5364.720701651872
2026-07-04 23:00:00+00:00,5368.878322708341
2026-07-05 00:00:00+00:00,5374.874310828949
2026-07-05 01:00:00+00:00,5380.194371103324
2026-07-05 02:00:00+00:00,5381.31904096511
2026-07-05 03:00:00+00:00,5383.155956087403
2026-07-05 04:00:00+00:00,5375.563812071913
2026-07-05 05:00:00+00:00,5374.902343985568
2026-07-05 06:00:00+00:00,5378.438680244715
2026-07-05 07:00:00+00:00,5380.815651423016
2026-07-05 08:00:00+00:00,5380.08772061978
2026-07-05 09:00:00+00:00,5382.284685173869
2026-07-05 10:00:00+00:00,5382.930123457824
2026-07-05 11:00:00+00:00,5380.36496642778
2026-07-05 12:00:00+00:00,5376.467562115438
2026-07-05 13:00:00+00:00,5376.778876455847
2026-07-05 14:00:00+00:00,5367.582604117035
2026-07-05 15:00:00+00:00,5360.80331599218
2026-07-05 16:00:00+00:00,5359.264283027061
2026-07-05 17:00:00+00:00,5348.519246725958
2026-07-05 18:00:00+00:00,5353.862904225885
2026-07-05 19:00:00+00:00,5350.497234350531
2026-07-05 20:00:00+00:00,5351.962136806168
2026-07-05 21:00:00+00:00,5353.011502744696
2026-07-05 22:00:00+00:00,5375.792514437138
2026-07-05 23:00:00+00:00,5372.564568883714
2026-07-06 00:00:00+00:00,5372.564568883714
2026-07-06 01:00:00+00:00,5372.564568883714
2026-07-06 02:00:00+00:00,5372.564568883714
2026-07-06 03:00:00+00:00,5372.564568883714
2026-07-06 04:00:00+00:00,5372.564568883714
2026-07-06 05:00:00+00:00,5372.564568883714
2026-07-06 06:00:00+00:00,5372.564568883714
2026-07-06 07:00:00+00:00,5372.564568883714
2026-07-06 08:00:00+00:00,5372.564568883714
2026-07-06 09:00:00+00:00,5372.564568883714
2026-07-06 10:00:00+00:00,5372.564568883714
2026-07-06 11:00:00+00:00,5372.564568883714
2026-07-06 12:00:00+00:00,5372.564568883714
2026-07-06 13:00:00+00:00,5372.564568883714
2026-07-06 14:00:00+00:00,5372.564568883714
2026-07-06 15:00:00+00:00,5372.564568883714
2026-07-06 16:00:00+00:00,5372.564568883714
2026-07-06 17:00:00+00:00,5372.564568883714
2026-07-06 18:00:00+00:00,5372.564568883714
2026-07-06 19:00:00+00:00,5372.564568883714
2026-07-06 20:00:00+00:00,5372.564568883714
2026-07-06 21:00:00+00:00,5372.564568883714
2026-07-06 22:00:00+00:00,5372.564568883714
2026-07-06 23:00:00+00:00,5372.564568883714
2026-07-07 00:00:00+00:00,5372.564568883714
2026-07-07 01:00:00+00:00,5372.564568883714
2026-07-07 02:00:00+00:00,5372.564568883714
2026-07-07 03:00:00+00:00,5372.564568883714
2026-07-07 04:00:00+00:00,5372.564568883714
2026-07-07 05:00:00+00:00,5372.564568883714
2026-07-07 06:00:00+00:00,5372.564568883714
2026-07-07 07:00:00+00:00,5372.564568883714
2026-07-07 08:00:00+00:00,5372.564568883714
2026-07-07 09:00:00+00:00,5372.564568883714
2026-07-07 10:00:00+00:00,5372.564568883714
2026-07-07 11:00:00+00:00,5372.564568883714
2026-07-07 12:00:00+00:00,5372.564568883714
2026-07-07 13:00:00+00:00,5372.564568883714
2026-07-07 14:00:00+00:00,5372.564568883714
2026-07-07 15:00:00+00:00,5372.564568883714
2026-07-07 16:00:00+00:00,5372.564568883714
2026-07-07 17:00:00+00:00,5372.564568883714
2026-07-07 18:00:00+00:00,5372.564568883714
2026-07-07 19:00:00+00:00,5372.564568883714
2026-07-07 20:00:00+00:00,5372.564568883714
2026-07-07 21:00:00+00:00,5372.564568883714
2026-07-07 22:00:00+00:00,5372.564568883714
2026-07-07 23:00:00+00:00,5372.564568883714
2026-07-08 00:00:00+00:00,5372.564568883714
2026-07-08 01:00:00+00:00,5372.564568883714
2026-07-08 02:00:00+00:00,5372.564568883714
2026-07-08 03:00:00+00:00,5372.564568883714
2026-07-08 04:00:00+00:00,5372.564568883714
2026-07-08 05:00:00+00:00,5372.564568883714
2026-07-08 06:00:00+00:00,5372.564568883714
2026-07-08 07:00:00+00:00,5372.564568883714
2026-07-08 08:00:00+00:00,5372.564568883714
2026-07-08 09:00:00+00:00,5372.564568883714
2026-07-08 10:00:00+00:00,5372.564568883714
2026-07-08 11:00:00+00:00,5372.564568883714
2026-07-08 12:00:00+00:00,5372.564568883714
2026-07-08 13:00:00+00:00,5372.564568883714
2026-07-08 14:00:00+00:00,5372.564568883714
2026-07-08 15:00:00+00:00,5372.564568883714
2026-07-08 16:00:00+00:00,5372.564568883714
2026-07-08 17:00:00+00:00,5372.564568883714
2026-07-08 18:00:00+00:00,5372.564568883714
2026-07-08 19:00:00+00:00,5372.564568883714
2026-07-08 20:00:00+00:00,5372.564568883714
2026-07-08 21:00:00+00:00,5372.564568883714
2026-07-08 22:00:00+00:00,5372.564568883714
2026-07-08 23:00:00+00:00,5372.564568883714
2026-07-09 00:00:00+00:00,5372.564568883714
2026-07-09 01:00:00+00:00,5372.564568883714
2026-07-09 02:00:00+00:00,5372.564568883714
2026-07-09 03:00:00+00:00,5372.564568883714
2026-07-09 04:00:00+00:00,5372.564568883714
2026-07-09 05:00:00+00:00,5372.564568883714
2026-07-09 06:00:00+00:00,5372.564568883714
2026-07-09 07:00:00+00:00,5372.564568883714
2026-07-09 08:00:00+00:00,5372.564568883714
2026-07-09 09:00:00+00:00,5372.564568883714
2026-07-09 10:00:00+00:00,5372.564568883714
2026-07-09 11:00:00+00:00,5372.564568883714
2026-07-09 12:00:00+00:00,5372.564568883714
2026-07-09 13:00:00+00:00,5372.564568883714
2026-07-09 14:00:00+00:00,5364.057336278292
2026-07-09 15:00:00+00:00,5364.468914739293
2026-07-09 16:00:00+00:00,5370.860947561248
2026-07-09 17:00:00+00:00,5366.634585301074
2026-07-09 18:00:00+00:00,5367.528384787673
2026-07-09 19:00:00+00:00,5362.0979138539515
2026-07-09 20:00:00+00:00,5359.492211868303
2026-07-09 21:00:00+00:00,5360.373995195883
2026-07-09 22:00:00+00:00,5361.805778798037
2026-07-09 23:00:00+00:00,5357.726155762015
2026-07-10 00:00:00+00:00,5359.412505775635
2026-07-10 01:00:00+00:00,5370.1391877577635
2026-07-10 02:00:00+00:00,5369.113520220061
2026-07-10 03:00:00+00:00,5374.948678905478
2026-07-10 04:00:00+00:00,5368.272460335976
2026-07-10 05:00:00+00:00,5371.810738138499
2026-07-10 06:00:00+00:00,5370.656295965817
2026-07-10 07:00:00+00:00,5368.813740719419
2026-07-10 08:00:00+00:00,5374.4024043839245
2026-07-10 09:00:00+00:00,5381.339488805748
2026-07-10 10:00:00+00:00,5387.2509470024825
2026-07-10 11:00:00+00:00,5383.946358466107
2026-07-10 12:00:00+00:00,5383.946358466107
2026-07-10 13:00:00+00:00,5383.946358466107
2026-07-10 14:00:00+00:00,5383.946358466107
2026-07-10 15:00:00+00:00,5383.946358466107
2026-07-10 16:00:00+00:00,5383.946358466107
2026-07-10 17:00:00+00:00,5383.946358466107
2026-07-10 18:00:00+00:00,5383.946358466107
2026-07-10 19:00:00+00:00,5383.946358466107
2026-07-10 20:00:00+00:00,5383.946358466107
2026-07-10 21:00:00+00:00,5383.946358466107
2026-07-10 22:00:00+00:00,5383.946358466107
2026-07-10 23:00:00+00:00,5383.946358466107
2026-07-11 00:00:00+00:00,5383.946358466107
2026-07-11 01:00:00+00:00,5383.946358466107
2026-07-11 02:00:00+00:00,5383.946358466107
2026-07-11 03:00:00+00:00,5383.946358466107
2026-07-11 04:00:00+00:00,5383.946358466107
2026-07-11 05:00:00+00:00,5383.946358466107
2026-07-11 06:00:00+00:00,5383.946358466107
2026-07-11 07:00:00+00:00,5383.946358466107
2026-07-11 08:00:00+00:00,5383.946358466107
2026-07-11 09:00:00+00:00,5383.946358466107
2026-07-11 10:00:00+00:00,5383.946358466107
2026-07-11 11:00:00+00:00,5383.946358466107
2026-07-11 12:00:00+00:00,5383.946358466107
2026-07-11 13:00:00+00:00,5383.946358466107
2026-07-11 14:00:00+00:00,5383.946358466107
2026-07-11 15:00:00+00:00,5383.946358466107
2026-07-11 16:00:00+00:00,5368.722128906419
2026-07-11 17:00:00+00:00,5372.721282581431
2026-07-11 18:00:00+00:00,5370.807057809612
2026-07-11 19:00:00+00:00,5371.613849015098
2026-07-11 20:00:00+00:00,5373.067337898061
2026-07-11 21:00:00+00:00,5375.302895456268
2026-07-11 22:00:00+00:00,5383.800323855311
2026-07-11 23:00:00+00:00,5406.444098377923
2026-07-12 00:00:00+00:00,5405.008938543416
2026-07-12 01:00:00+00:00,5391.583839081476
2026-07-12 02:00:00+00:00,5391.663182286243
2026-07-12 03:00:00+00:00,5388.214783319776
2026-07-12 04:00:00+00:00,5387.228564519303
2026-07-12 05:00:00+00:00,5389.815448744058
2026-07-12 06:00:00+00:00,5392.931893632038
2026-07-12 07:00:00+00:00,5392.786272046865
2026-07-12 08:00:00+00:00,5387.43327459995
2026-07-12 09:00:00+00:00,5390.533256872701
2026-07-12 10:00:00+00:00,5391.042724245009
2026-07-12 11:00:00+00:00,5391.118686802522
2026-07-12 12:00:00+00:00,5386.592923850174
2026-07-12 13:00:00+00:00,5388.238411550499
2026-07-12 14:00:00+00:00,5375.3670874284
2026-07-12 15:00:00+00:00,5372.503250522168
2026-07-12 16:00:00+00:00,5371.037623241105
2026-07-12 17:00:00+00:00,5372.062402200824
2026-07-12 18:00:00+00:00,5370.209743743974
2026-07-12 19:00:00+00:00,5373.75087290538
2026-07-12 20:00:00+00:00,5372.586471539083
2026-07-12 21:00:00+00:00,5374.072744940657
2026-07-12 22:00:00+00:00,5383.749866650479
2026-07-12 23:00:00+00:00,5376.5383393702
2026-07-13 00:00:00+00:00,5359.582117760714
2026-07-13 01:00:00+00:00,5361.36436354169
2026-07-13 02:00:00+00:00,5359.23496525259
2026-07-13 03:00:00+00:00,5374.654044808861
2026-07-13 04:00:00+00:00,5371.911436249195
2026-07-13 05:00:00+00:00,5372.331175572365
2026-07-13 06:00:00+00:00,5378.238184806846
2026-07-13 07:00:00+00:00,5371.536337077164
2026-07-13 08:00:00+00:00,5377.1970082434555
2026-07-13 09:00:00+00:00,5379.5061847966435
2026-07-13 10:00:00+00:00,5378.855715731631
2026-07-13 11:00:00+00:00,5378.689551558587
2026-07-13 12:00:00+00:00,5379.482427213744
2026-07-13 13:00:00+00:00,5368.081597401636
2026-07-13 14:00:00+00:00,5372.48752131134
2026-07-13 15:00:00+00:00,5372.676081595713
2026-07-13 16:00:00+00:00,5365.661704477395
2026-07-13 17:00:00+00:00,5376.915366215881
2026-07-13 18:00:00+00:00,5365.196295044185
2026-07-13 19:00:00+00:00,5361.491921700361
2026-07-13 20:00:00+00:00,5369.48135842004
2026-07-13 21:00:00+00:00,5371.474490680376
2026-07-13 22:00:00+00:00,5370.758831079593
2026-07-13 23:00:00+00:00,5360.3729297269365
2026-07-14 00:00:00+00:00,5355.630788299324
2026-07-14 01:00:00+00:00,5356.8796428019305
2026-07-14 02:00:00+00:00,5360.51239071514
2026-07-14 03:00:00+00:00,5359.704072385857
2026-07-14 04:00:00+00:00,5364.231496048027
2026-07-14 05:00:00+00:00,5361.668057929091
2026-07-14 06:00:00+00:00,5363.044022843512
2026-07-14 07:00:00+00:00,5363.784206376956
2026-07-14 08:00:00+00:00,5362.513851464957
2026-07-14 09:00:00+00:00,5359.061159676621
2026-07-14 10:00:00+00:00,5344.739627349082
2026-07-14 11:00:00+00:00,5350.275429475325
2026-07-14 12:00:00+00:00,5303.0228370956165
2026-07-14 13:00:00+00:00,5282.893914154183
2026-07-14 14:00:00+00:00,5288.4893705152635
2026-07-14 15:00:00+00:00,5315.976481627908
2026-07-14 16:00:00+00:00,5312.688288742996
2026-07-14 17:00:00+00:00,5308.191774591727
2026-07-14 18:00:00+00:00,5301.698230033914
2026-07-14 19:00:00+00:00,5298.877490646379
2026-07-14 20:00:00+00:00,5300.455430594973
2026-07-14 21:00:00+00:00,5303.865892621779
2026-07-14 22:00:00+00:00,5303.534186700545
2026-07-14 23:00:00+00:00,5296.600723419847
2026-07-15 00:00:00+00:00,5302.472007698705
2026-07-15 01:00:00+00:00,5312.272498174321
2026-07-15 02:00:00+00:00,5313.36257859601
2026-07-15 03:00:00+00:00,5308.584836900586
2026-07-15 04:00:00+00:00,5306.585522407063
2026-07-15 05:00:00+00:00,5306.078784118109
2026-07-15 06:00:00+00:00,5310.27512584664
2026-07-15 07:00:00+00:00,5307.806216566726
2026-07-15 08:00:00+00:00,5303.724112476809
2026-07-15 09:00:00+00:00,5298.481928918751
2026-07-15 10:00:00+00:00,5300.714480260562
2026-07-15 11:00:00+00:00,5294.597188388586
2026-07-15 12:00:00+00:00,5250.983774783201
2026-07-15 13:00:00+00:00,5252.076895196696
2026-07-15 14:00:00+00:00,5252.31661473501
2026-07-15 15:00:00+00:00,5255.558348668499
2026-07-15 16:00:00+00:00,5260.387214352531
2026-07-15 17:00:00+00:00,5245.805032971397
2026-07-15 18:00:00+00:00,5242.946520300449
2026-07-15 19:00:00+00:00,5248.120034578326
2026-07-15 20:00:00+00:00,5248.813835445403
2026-07-15 21:00:00+00:00,5244.999172276067
2026-07-15 22:00:00+00:00,5244.633064403394
2026-07-15 23:00:00+00:00,5247.984091122934
2026-07-16 00:00:00+00:00,5245.165893325132
2026-07-16 01:00:00+00:00,5240.056304597936
2026-07-16 02:00:00+00:00,5232.982029241411
2026-07-16 03:00:00+00:00,5241.2520319021405
2026-07-16 04:00:00+00:00,5242.4265388159565
2026-07-16 05:00:00+00:00,5244.054613598535
2026-07-16 06:00:00+00:00,5242.109740900907
2026-07-16 07:00:00+00:00,5236.506095882061
2026-07-16 08:00:00+00:00,5267.167312615529
2026-07-16 09:00:00+00:00,5268.18504865822
2026-07-16 10:00:00+00:00,5267.65103432467
2026-07-16 11:00:00+00:00,5274.131137347514
2026-07-16 12:00:00+00:00,5279.901250389632
2026-07-16 13:00:00+00:00,5282.512048485851
2026-07-16 14:00:00+00:00,5287.609449212219
2026-07-16 15:00:00+00:00,5297.259672592219
2026-07-16 16:00:00+00:00,5291.831201051633
2026-07-16 17:00:00+00:00,5289.178982146506
2026-07-16 18:00:00+00:00,5286.490806772588
2026-07-16 19:00:00+00:00,5287.964632810253
2026-07-16 20:00:00+00:00,5287.162534799592
2026-07-16 21:00:00+00:00,5279.129531671821
2026-07-16 22:00:00+00:00,5284.964996186831
2026-07-16 23:00:00+00:00,5285.618431899995
2026-07-17 00:00:00+00:00,5286.358538416015
2026-07-17 01:00:00+00:00,5292.864599070904
2026-07-17 02:00:00+00:00,5289.721683988698
2026-07-17 03:00:00+00:00,5289.721683988698
2026-07-17 04:00:00+00:00,5289.721683988698
2026-07-17 05:00:00+00:00,5289.721683988698
2026-07-17 06:00:00+00:00,5289.721683988698
2026-07-17 07:00:00+00:00,5289.721683988698
2026-07-17 08:00:00+00:00,5289.721683988698
2026-07-17 09:00:00+00:00,5289.721683988698
2026-07-17 10:00:00+00:00,5289.721683988698
2026-07-17 11:00:00+00:00,5289.721683988698
2026-07-17 12:00:00+00:00,5289.721683988698
2026-07-17 13:00:00+00:00,5289.721683988698
2026-07-17 14:00:00+00:00,5280.795133497373
2026-07-17 15:00:00+00:00,5281.752444901449
2026-07-17 16:00:00+00:00,5283.729257445877
2026-07-17 17:00:00+00:00,5275.856778652733
2026-07-17 18:00:00+00:00,5271.768023555475
2026-07-17 19:00:00+00:00,5271.163479166586
2026-07-17 20:00:00+00:00,5271.526340604373
2026-07-17 21:00:00+00:00,5270.2044772882
2026-07-17 22:00:00+00:00,5272.994674130964
2026-07-17 23:00:00+00:00,5277.516998807626
2026-07-18 00:00:00+00:00,5277.122760893742
2026-07-18 01:00:00+00:00,5277.766500518111
2026-07-18 02:00:00+00:00,5276.670016211855
2026-07-18 03:00:00+00:00,5280.197281964127
2026-07-18 04:00:00+00:00,5280.09392511675
2026-07-18 05:00:00+00:00,5282.281221389624
2026-07-18 06:00:00+00:00,5279.8975845365985
2026-07-18 07:00:00+00:00,5277.967597069765
2026-07-18 08:00:00+00:00,5282.886786707807
2026-07-18 09:00:00+00:00,5279.7885495176715
2026-07-18 10:00:00+00:00,5279.820294873785
2026-07-18 11:00:00+00:00,5277.594012487754
2026-07-18 12:00:00+00:00,5270.5484831389
2026-07-18 13:00:00+00:00,5269.8431537535935
2026-07-18 14:00:00+00:00,5275.247270524675
2026-07-18 15:00:00+00:00,5272.971838033207
2026-07-18 16:00:00+00:00,5268.072822453943
2026-07-18 17:00:00+00:00,5270.3834463425665
2026-07-18 18:00:00+00:00,5276.385481093973
2026-07-18 19:00:00+00:00,5275.347178208413
2026-07-18 20:00:00+00:00,5267.949799567164
2026-07-18 21:00:00+00:00,5271.924420830942
2026-07-18 22:00:00+00:00,5272.4463720974
2026-07-18 23:00:00+00:00,5269.904568970408
2026-07-19 00:00:00+00:00,5270.195948160405
2026-07-19 01:00:00+00:00,5267.409927932148
2026-07-19 02:00:00+00:00,5283.466560410828
2026-07-19 03:00:00+00:00,5281.566434844562
2026-07-19 04:00:00+00:00,5281.528623586482
2026-07-19 05:00:00+00:00,5283.233435333805
2026-07-19 06:00:00+00:00,5284.755336571543
2026-07-19 07:00:00+00:00,5285.717543499764
2026-07-19 08:00:00+00:00,5291.584291607673
2026-07-19 09:00:00+00:00,5288.339833413708
2026-07-19 10:00:00+00:00,5288.339833413708
2026-07-19 11:00:00+00:00,5288.339833413708
2026-07-19 12:00:00+00:00,5288.339833413708
2026-07-19 13:00:00+00:00,5288.339833413708
2026-07-19 14:00:00+00:00,5288.339833413708
2026-07-19 15:00:00+00:00,5288.339833413708
2026-07-19 16:00:00+00:00,5288.339833413708
2026-07-19 17:00:00+00:00,5288.339833413708
2026-07-19 18:00:00+00:00,5288.339833413708
2026-07-19 19:00:00+00:00,5288.339833413708
2026-07-19 20:00:00+00:00,5288.339833413708
2026-07-19 21:00:00+00:00,5288.339833413708
2026-07-19 22:00:00+00:00,5288.339833413708
2026-07-19 23:00:00+00:00,5288.339833413708
2026-07-20 00:00:00+00:00,5288.339833413708
2026-07-20 01:00:00+00:00,5288.339833413708
2026-07-20 02:00:00+00:00,5288.339833413708
2026-07-20 03:00:00+00:00,5288.339833413708
2026-07-20 04:00:00+00:00,5288.339833413708
2026-07-20 05:00:00+00:00,5288.339833413708
2026-07-20 06:00:00+00:00,5288.339833413708
2026-07-20 07:00:00+00:00,5288.339833413708
2026-07-20 08:00:00+00:00,5288.339833413708
2026-07-20 09:00:00+00:00,5288.339833413708
2026-07-20 10:00:00+00:00,5288.339833413708
2026-07-20 11:00:00+00:00,5288.339833413708
2026-07-20 12:00:00+00:00,5288.339833413708
2026-07-20 13:00:00+00:00,5288.339833413708
2026-07-20 14:00:00+00:00,5288.339833413708
2026-07-20 15:00:00+00:00,5288.339833413708
2026-07-20 16:00:00+00:00,5288.339833413708
2026-07-20 17:00:00+00:00,5288.339833413708
2026-07-20 18:00:00+00:00,5288.339833413708
2026-07-20 19:00:00+00:00,5288.339833413708
2026-07-20 20:00:00+00:00,5288.339833413708
2026-07-20 21:00:00+00:00,5288.339833413708
2026-07-20 22:00:00+00:00,5288.339833413708
2026-07-20 23:00:00+00:00,5288.339833413708
2026-07-21 00:00:00+00:00,5288.339833413708
2026-07-21 01:00:00+00:00,5288.339833413708
2026-07-21 02:00:00+00:00,5278.788647279445
2026-07-21 03:00:00+00:00,5272.015829574884
2026-07-21 04:00:00+00:00,5273.105175070936
2026-07-21 05:00:00+00:00,5274.222314527893
2026-07-21 06:00:00+00:00,5274.87079381533
2026-07-21 07:00:00+00:00,5287.083974961676
2026-07-21 08:00:00+00:00,5280.5071060161645
2026-07-21 09:00:00+00:00,5280.076399536145
2026-07-21 10:00:00+00:00,5287.264841969635
2026-07-21 11:00:00+00:00,5291.043719609925
2026-07-21 12:00:00+00:00,5289.981919241572
2026-07-21 13:00:00+00:00,5302.026763606963
2026-07-21 14:00:00+00:00,5316.246213475854
2026-07-21 15:00:00+00:00,5313.0140370995205
2026-07-21 16:00:00+00:00,5313.0140370995205
2026-07-21 17:00:00+00:00,5313.0140370995205
2026-07-21 18:00:00+00:00,5313.0140370995205
2026-07-21 19:00:00+00:00,5313.0140370995205
2026-07-21 20:00:00+00:00,5313.0140370995205
2026-07-21 21:00:00+00:00,5313.0140370995205
2026-07-21 22:00:00+00:00,5313.0140370995205
2026-07-21 23:00:00+00:00,5313.0140370995205
2026-07-22 00:00:00+00:00,5313.0140370995205
2026-07-22 01:00:00+00:00,5313.0140370995205
2026-07-22 02:00:00+00:00,5313.0140370995205
2026-07-22 03:00:00+00:00,5313.0140370995205
2026-07-22 04:00:00+00:00,5313.0140370995205
2026-07-22 05:00:00+00:00,5313.0140370995205
2026-07-22 06:00:00+00:00,5313.0140370995205
2026-07-22 07:00:00+00:00,5313.0140370995205
2026-07-22 08:00:00+00:00,5313.0140370995205
2026-07-22 09:00:00+00:00,5313.0140370995205
2026-07-22 10:00:00+00:00,5313.0140370995205
2026-07-22 11:00:00+00:00,5313.0140370995205
2026-07-22 12:00:00+00:00,5313.0140370995205
2026-07-22 13:00:00+00:00,5313.0140370995205
2026-07-22 14:00:00+00:00,5312.7029731492685
2026-07-22 15:00:00+00:00,5309.325122101236
2026-07-22 16:00:00+00:00,5307.268014294599
2026-07-22 17:00:00+00:00,5314.601221177538
2026-07-22 18:00:00+00:00,5320.1640104368535
2026-07-22 19:00:00+00:00,5329.069091361219
2026-07-22 20:00:00+00:00,5326.497506879149
2026-07-22 21:00:00+00:00,5316.092171633077
2026-07-22 22:00:00+00:00,5315.751246878677
2026-07-22 23:00:00+00:00,5324.020548936279
2026-07-23 00:00:00+00:00,5324.7852341381395
2026-07-23 01:00:00+00:00,5320.682080301044
2026-07-23 02:00:00+00:00,5321.076129968347
2026-07-23 03:00:00+00:00,5324.652389582543
2026-07-23 04:00:00+00:00,5323.91171030219
2026-07-23 05:00:00+00:00,5322.777158826742
2026-07-23 06:00:00+00:00,5323.380936586715
2026-07-23 07:00:00+00:00,5322.371356135248
2026-07-23 08:00:00+00:00,5315.494277388495
2026-07-23 09:00:00+00:00,5318.90397998038
2026-07-23 10:00:00+00:00,5317.386663451572
2026-07-23 11:00:00+00:00,5313.45605661472
2026-07-23 12:00:00+00:00,5326.820995300904
2026-07-23 13:00:00+00:00,5323.522030087912
2026-07-23 14:00:00+00:00,5327.67963497508
2026-07-23 15:00:00+00:00,5331.202253531501
2026-07-23 16:00:00+00:00,5328.074876369239
2026-07-23 17:00:00+00:00,5328.074876369239
2026-07-23 18:00:00+00:00,5328.074876369239
2026-07-23 19:00:00+00:00,5328.074876369239
2026-07-23 20:00:00+00:00,5328.074876369239
2026-07-23 21:00:00+00:00,5328.074876369239
2026-07-23 22:00:00+00:00,5325.145824538127
2026-07-23 23:00:00+00:00,5321.676264010593
2026-07-24 00:00:00+00:00,5316.870117545561
2026-07-24 01:00:00+00:00,5314.616701863349
2026-07-24 02:00:00+00:00,5308.620695475573
2026-07-24 03:00:00+00:00,5310.366689158427
2026-07-24 04:00:00+00:00,5309.638001475531
2026-07-24 05:00:00+00:00,5316.842253221033
2026-07-24 06:00:00+00:00,5320.421781978242
2026-07-24 07:00:00+00:00,5330.1902811167465
2026-07-24 08:00:00+00:00,5326.954551890648
2026-07-24 09:00:00+00:00,5334.582166474918
2026-07-24 10:00:00+00:00,5335.092741974659
2026-07-24 11:00:00+00:00,5330.596416206683
2026-07-24 12:00:00+00:00,5327.05714841867
2026-07-24 13:00:00+00:00,5330.99007870746
2026-07-24 14:00:00+00:00,5342.19233856177
2026-07-24 15:00:00+00:00,5339.907935180311
2026-07-24 16:00:00+00:00,5338.989235340577
2026-07-24 17:00:00+00:00,5342.478933547221
2026-07-24 18:00:00+00:00,5333.319816428243
2026-07-24 19:00:00+00:00,5336.478221774495
2026-07-24 20:00:00+00:00,5335.11953768588
2026-07-24 21:00:00+00:00,5331.483054517297
2026-07-24 22:00:00+00:00,5333.561191012842
2026-07-24 23:00:00+00:00,5336.800517712463
2026-07-25 00:00:00+00:00,5337.823517853765
2026-07-25 01:00:00+00:00,5338.12144217472
2026-07-25 02:00:00+00:00,5338.318329720538
2026-07-25 03:00:00+00:00,5335.522368647122
2026-07-25 04:00:00+00:00,5335.3731412895295
2026-07-25 05:00:00+00:00,5337.7226997831085
2026-07-25 06:00:00+00:00,5338.116277123465
2026-07-25 07:00:00+00:00,5334.943275002855
2026-07-25 08:00:00+00:00,5337.059763074451
2026-07-25 09:00:00+00:00,5338.286152905336
2026-07-25 10:00:00+00:00,5335.910583184946
2026-07-25 11:00:00+00:00,5335.301452603842
2026-07-25 12:00:00+00:00,5336.45719749672
2026-07-25 13:00:00+00:00,5344.1920170528
2026-07-25 14:00:00+00:00,5341.022629521392
2026-07-25 15:00:00+00:00,5341.022629521392
2026-07-25 16:00:00+00:00,5341.022629521392
2026-07-25 17:00:00+00:00,5341.022629521392
2026-07-25 18:00:00+00:00,5341.022629521392
2026-07-25 19:00:00+00:00,5341.022629521392
2026-07-25 20:00:00+00:00,5341.022629521392
2026-07-25 21:00:00+00:00,5341.022629521392
2026-07-25 22:00:00+00:00,5341.022629521392
2026-07-25 23:00:00+00:00,5341.022629521392
2026-07-26 00:00:00+00:00,5341.022629521392
2026-07-26 01:00:00+00:00,5341.022629521392
2026-07-26 02:00:00+00:00,5341.022629521392
2026-07-26 03:00:00+00:00,5341.022629521392
2026-07-26 04:00:00+00:00,5341.022629521392
2026-07-26 05:00:00+00:00,5341.022629521392
2026-07-26 06:00:00+00:00,5341.022629521392
2026-07-26 07:00:00+00:00,5341.022629521392
2026-07-26 08:00:00+00:00,5341.022629521392
2026-07-26 09:00:00+00:00,5341.022629521392
2026-07-26 10:00:00+00:00,5341.022629521392
2026-07-26 11:00:00+00:00,5341.022629521392
2026-07-26 12:00:00+00:00,5341.022629521392
2026-07-26 13:00:00+00:00,5341.022629521392
2026-07-26 14:00:00+00:00,5341.022629521392
2026-07-26 15:00:00+00:00,5317.31772009001
2026-07-26 16:00:00+00:00,5313.468089019047
2026-07-26 17:00:00+00:00,5318.914234352949
2026-07-26 18:00:00+00:00,5316.253537814892
2026-07-26 19:00:00+00:00,5314.970675028852
2026-07-26 20:00:00+00:00,5313.948019846557
2026-07-26 21:00:00+00:00,5304.800747642534
2026-07-26 22:00:00+00:00,5294.426597852664
2026-07-26 23:00:00+00:00,5287.458901160365
2026-07-27 00:00:00+00:00,5293.390070156305
2026-07-27 01:00:00+00:00,5288.134623326987
2026-07-27 02:00:00+00:00,5293.8470201444625
2026-07-27 03:00:00+00:00,5289.621905164555
2026-07-27 04:00:00+00:00,5284.266086119356
2026-07-27 05:00:00+00:00,5274.832339797801
2026-07-27 06:00:00+00:00,5268.699475324801
2026-07-27 07:00:00+00:00,5266.2849384159645
2026-07-27 08:00:00+00:00,5263.941495319237
2026-07-27 09:00:00+00:00,5266.818991465133
2026-07-27 10:00:00+00:00,5266.8554011424285
2026-07-27 11:00:00+00:00,5267.997777265737
2026-07-27 12:00:00+00:00,5270.759104185401
2026-07-27 13:00:00+00:00,5270.871252352078
2026-07-27 14:00:00+00:00,5289.75233815601
2026-07-27 15:00:00+00:00,5290.058800235114
2026-07-27 16:00:00+00:00,5286.39017931893
2026-07-27 17:00:00+00:00,5287.188632010721
2026-07-27 18:00:00+00:00,5287.884265002442
2026-07-27 19:00:00+00:00,5279.252635942516
2026-07-27 20:00:00+00:00,5280.559084173423
2026-07-27 21:00:00+00:00,5280.985970123042
2026-07-27 22:00:00+00:00,5306.878324938055
2026-07-27 23:00:00+00:00,5306.899278475996
2026-07-28 00:00:00+00:00,5315.041178897033
2026-07-28 01:00:00+00:00,5308.517870607327
2026-07-28 02:00:00+00:00,5306.717507267446
2026-07-28 03:00:00+00:00,5305.549420073872
2026-07-28 04:00:00+00:00,5308.95912639026
2026-07-28 05:00:00+00:00,5307.615128532882
2026-07-28 06:00:00+00:00,5307.689673429958
2026-07-28 07:00:00+00:00,5309.0542202612205
2026-07-28 08:00:00+00:00,5304.7718292524805
2026-07-28 09:00:00+00:00,5315.05163835054
2026-07-28 10:00:00+00:00,5314.3009231295855
2026-07-28 11:00:00+00:00,5317.089637500006
2026-07-28 12:00:00+00:00,5298.402616405049
2026-07-28 13:00:00+00:00,5306.389427832964
2026-07-28 14:00:00+00:00,5298.064866545311
2026-07-28 15:00:00+00:00,5275.097537561469
2026-07-28 16:00:00+00:00,5272.224443545839
2026-07-28 17:00:00+00:00,5291.339407834323
2026-07-28 18:00:00+00:00,5279.919512561232
2026-07-28 19:00:00+00:00,5271.496996392099
2026-07-28 20:00:00+00:00,5277.1065064229615
2026-07-28 21:00:00+00:00,5271.829379632859
2026-07-28 22:00:00+00:00,5280.64422500292
2026-07-28 23:00:00+00:00,5272.667706530325
2026-07-29 00:00:00+00:00,5280.408685756601
2026-07-29 01:00:00+00:00,5286.800070315274
2026-07-29 02:00:00+00:00,5290.282362401524
2026-07-29 03:00:00+00:00,5306.437591055371
2026-07-29 04:00:00+00:00,5303.247637763809
2026-07-29 05:00:00+00:00,5303.247637763809
2026-07-29 06:00:00+00:00,5303.247637763809
2026-07-29 07:00:00+00:00,5303.247637763809
2026-07-29 08:00:00+00:00,5303.247637763809
2026-07-29 09:00:00+00:00,5303.247637763809
2026-07-29 10:00:00+00:00,5303.247637763809
2026-07-29 11:00:00+00:00,5303.247637763809
2026-07-29 12:00:00+00:00,5303.247637763809
2026-07-29 13:00:00+00:00,5303.247637763809
2026-07-29 14:00:00+00:00,5303.247637763809
2026-07-29 15:00:00+00:00,5303.247637763809
2026-07-29 16:00:00+00:00,5303.247637763809
2026-07-29 17:00:00+00:00,5303.247637763809
2026-07-29 18:00:00+00:00,5303.247637763809
2026-07-29 19:00:00+00:00,5303.247637763809
2026-07-29 20:00:00+00:00,5303.247637763809
2026-07-29 21:00:00+00:00,5303.247637763809
2026-07-29 22:00:00+00:00,5303.247637763809
2026-07-29 23:00:00+00:00,5303.247637763809
2026-07-30 00:00:00+00:00,5303.247637763809
2026-07-30 01:00:00+00:00,5303.247637763809
2026-07-30 02:00:00+00:00,5303.247637763809
2026-07-30 03:00:00+00:00,5303.247637763809
2026-07-30 04:00:00+00:00,5303.247637763809
2026-07-30 05:00:00+00:00,5303.247637763809
2026-07-30 06:00:00+00:00,5303.247637763809
2026-07-30 07:00:00+00:00,5303.247637763809
2026-07-30 08:00:00+00:00,5303.247637763809
2026-07-30 09:00:00+00:00,5303.247637763809
2026-07-30 10:00:00+00:00,5303.247637763809
2026-07-30 11:00:00+00:00,5303.247637763809
2026-07-30 12:00:00+00:00,5303.247637763809
2026-07-30 13:00:00+00:00,5303.247637763809
2026-07-30 14:00:00+00:00,5303.247637763809
2026-07-30 15:00:00+00:00,5303.247637763809
2026-07-30 16:00:00+00:00,5303.247637763809
2026-07-30 17:00:00+00:00,5303.247637763809
2026-07-30 18:00:00+00:00,5303.247637763809
2026-07-30 19:00:00+00:00,5303.247637763809
2026-07-30 20:00:00+00:00,5303.247637763809
2026-07-30 21:00:00+00:00,5303.247637763809
2026-07-30 22:00:00+00:00,5303.247637763809
2026-07-30 23:00:00+00:00,5303.247637763809
2026-07-31 00:00:00+00:00,5303.247637763809
2026-07-31 01:00:00+00:00,5303.247637763809
2026-07-31 02:00:00+00:00,5303.247637763809
2026-07-31 03:00:00+00:00,5303.247637763809
2026-07-31 04:00:00+00:00,5303.247637763809
2026-07-31 05:00:00+00:00,5303.247637763809
2026-07-31 06:00:00+00:00,5303.247637763809
2026-07-31 07:00:00+00:00,5303.247637763809
2026-07-31 08:00:00+00:00,5303.247637763809
2026-07-31 09:00:00+00:00,5303.247637763809
2026-07-31 10:00:00+00:00,5303.247637763809
2026-07-31 11:00:00+00:00,5303.247637763809
2026-07-31 12:00:00+00:00,5303.247637763809
2026-07-31 13:00:00+00:00,5303.247637763809
2026-07-31 14:00:00+00:00,5303.247637763809
2026-07-31 15:00:00+00:00,5303.247637763809
2026-07-31 16:00:00+00:00,5303.247637763809
2026-07-31 17:00:00+00:00,5303.247637763809
2026-07-31 18:00:00+00:00,5303.247637763809
2026-07-31 19:00:00+00:00,5303.247637763809
2026-07-31 20:00:00+00:00,5303.247637763809
2026-07-31 21:00:00+00:00,5303.247637763809
2026-07-31 22:00:00+00:00,5303.247637763809
2026-07-31 23:00:00+00:00,5303.247637763809
2026-09-04 00:00:00+00:00,5303.247637763809
2026-09-04 01:00:00+00:00,5303.247637763809
2026-09-04 02:00:00+00:00,5303.247637763809
2026-09-04 03:00:00+00:00,5303.247637763809
2026-09-04 04:00:00+00:00,5303.247637763809
2026-09-04 05:00:00+00:00,5303.247637763809
2026-09-04 06:00:00+00:00,5303.247637763809
2026-09-04 07:00:00+00:00,5303.247637763809
2026-09-04 08:00:00+00:00,5303.247637763809
2026-09-04 09:00:00+00:00,5303.247637763809
2026-09-04 10:00:00+00:00,5303.247637763809
2026-09-04 11:00:00+00:00,5303.247637763809
2026-09-04 12:00:00+00:00,5303.247637763809
2026-09-04 13:00:00+00:00,5303.247637763809
2026-09-04 14:00:00+00:00,5303.247637763809
2026-09-04 15:00:00+00:00,5303.247637763809
2026-09-04 16:00:00+00:00,5303.247637763809
2026-09-04 17:00:00+00:00,5303.247637763809
2026-09-04 18:00:00+00:00,5303.247637763809
2026-09-04 19:00:00+00:00,5303.247637763809
2026-09-04 20:00:00+00:00,5303.247637763809
2026-09-04 21:00:00+00:00,5303.247637763809
2026-09-04 22:00:00+00:00,5303.247637763809
2026-09-04 23:00:00+00:00,5303.247637763809
2026-09-05 00:00:00+00:00,5303.247637763809
2026-09-05 01:00:00+00:00,5303.247637763809
2026-09-05 02:00:00+00:00,5303.247637763809
2026-09-05 03:00:00+00:00,5303.247637763809
2026-09-05 04:00:00+00:00,5303.247637763809
2026-09-05 05:00:00+00:00,5303.247637763809
2026-09-05 06:00:00+00:00,5303.247637763809
2026-09-05 07:00:00+00:00,5303.247637763809
2026-09-05 08:00:00+00:00,5303.247637763809
2026-09-05 09:00:00+00:00,5303.247637763809
2026-09-05 10:00:00+00:00,5303.247637763809
2026-09-05 11:00:00+00:00,5303.247637763809
2026-09-05 12:00:00+00:00,5303.247637763809
2026-09-05 13:00:00+00:00,5303.247637763809
2026-09-05 14:00:00+00:00,5303.247637763809
2026-09-05 15:00:00+00:00,5303.247637763809
2026-09-05 16:00:00+00:00,5303.247637763809
2026-09-05 17:00:00+00:00,5303.247637763809
2026-09-05 18:00:00+00:00,5303.247637763809
2026-09-05 19:00:00+00:00,5303.247637763809
2026-09-05 20:00:00+00:00,5303.247637763809
2026-09-05 21:00:00+00:00,5303.247637763809
2026-09-05 22:00:00+00:00,5303.247637763809
2026-09-05 23:00:00+00:00,5303.247637763809
2026-09-06 00:00:00+00:00,5303.247637763809
2026-09-06 01:00:00+00:00,5303.247637763809
2026-09-06 02:00:00+00:00,5301.119545700403
2026-09-06 03:00:00+00:00,5298.447987371838
2026-09-06 04:00:00+00:00,5298.549579082926
2026-09-06 05:00:00+00:00,5293.32958224331
2026-09-06 06:00:00+00:00,5294.221173693748
2026-09-06 07:00:00+00:00,5304.709442237302
2026-09-06 08:00:00+00:00,5307.465554684908
2026-09-06 09:00:00+00:00,5305.0333663005495
2026-09-06 10:00:00+00:00,5306.084409680856
2026-09-06 11:00:00+00:00,5303.128332642299
2026-09-06 12:00:00+00:00,5304.486433731344
2026-09-06 13:00:00+00:00,5307.7624861161485
2026-09-06 14:00:00+00:00,5315.630398846033
2026-09-06 15:00:00+00:00,5319.964337780411
2026-09-06 16:00:00+00:00,5313.851087217108
2026-09-06 17:00:00+00:00,5308.548119152515
2026-09-06 18:00:00+00:00,5312.165414888038
2026-09-06 19:00:00+00:00,5312.307190138638
2026-09-06 20:00:00+00:00,5305.175695642233
2026-09-06 21:00:00+00:00,5296.968530956451
2026-09-06 22:00:00+00:00,5300.619669170002
2026-09-06 23:00:00+00:00,5303.549763409074
2026-09-07 00:00:00+00:00,5299.163380481014
2026-09-07 01:00:00+00:00,5301.070693031925
2026-09-07 02:00:00+00:00,5291.162513022238
2026-09-07 03:00:00+00:00,5297.444141937853
2026-09-07 04:00:00+00:00,5300.756777051736
2026-09-07 05:00:00+00:00,5294.8319246896735
2026-09-07 06:00:00+00:00,5298.4388767292785
2026-09-07 07:00:00+00:00,5299.211712256712
2026-09-07 08:00:00+00:00,5298.173193115342
2026-09-07 09:00:00+00:00,5301.474896369584
2026-09-07 10:00:00+00:00,5298.404016867637
2026-09-07 11:00:00+00:00,5299.877221085956
2026-09-07 12:00:00+00:00,5288.828558604169
2026-09-07 13:00:00+00:00,5287.336447461703
2026-09-07 14:00:00+00:00,5291.249738558178
2026-09-07 15:00:00+00:00,5300.371142402357
2026-09-07 16:00:00+00:00,5293.594136081611
2026-09-07 17:00:00+00:00,5285.75599698418
2026-09-07 18:00:00+00:00,5289.757625481571
2026-09-07 19:00:00+00:00,5291.064705652829
2026-09-07 20:00:00+00:00,5287.700544704895
2026-09-07 21:00:00+00:00,5289.427909705309
2026-09-07 22:00:00+00:00,5291.246063111175
2026-09-07 23:00:00+00:00,5288.88745061987
2026-09-08 00:00:00+00:00,5289.991720922729
2026-09-08 01:00:00+00:00,5284.68436911883
2026-09-08 02:00:00+00:00,5288.823306939858
2026-09-08 03:00:00+00:00,5286.632671851197
2026-09-08 04:00:00+00:00,5286.517745576415
2026-09-08 05:00:00+00:00,5289.206644971387
2026-09-08 06:00:00+00:00,5285.813512290333
2026-09-08 07:00:00+00:00,5279.175807562381
2026-09-08 08:00:00+00:00,5279.19485920252
2026-09-08 09:00:00+00:00,5275.3457240797625
2026-09-08 10:00:00+00:00,5280.060042316397
2026-09-08 11:00:00+00:00,5282.9443032104555
2026-09-08 12:00:00+00:00,5285.323602219261
2026-09-08 13:00:00+00:00,5283.424086129693
2026-09-08 14:00:00+00:00,5274.942220608978
2026-09-08 15:00:00+00:00,5272.686290974607
2026-09-08 16:00:00+00:00,5269.205296478871
2026-09-08 17:00:00+00:00,5270.428730331151
2026-09-08 18:00:00+00:00,5269.860963719981
2026-09-08 19:00:00+00:00,5275.098235414862
2026-09-08 20:00:00+00:00,5275.429036720017
2026-09-08 21:00:00+00:00,5275.829733728609
2026-09-08 22:00:00+00:00,5271.544657822274
2026-09-08 23:00:00+00:00,5272.656452190816
2026-09-09 00:00:00+00:00,5270.932750343699
2026-09-09 01:00:00+00:00,5273.087204527282
2026-09-09 02:00:00+00:00,5269.9387944469445
2026-09-09 03:00:00+00:00,5269.9387944469445
2026-09-09 04:00:00+00:00,5269.9387944469445
2026-09-09 05:00:00+00:00,5269.9387944469445
2026-09-09 06:00:00+00:00,5269.9387944469445
2026-09-09 07:00:00+00:00,5269.9387944469445
2026-09-09 08:00:00+00:00,5269.9387944469445
2026-09-09 09:00:00+00:00,5269.9387944469445
2026-09-09 10:00:00+00:00,5269.9387944469445
2026-09-09 11:00:00+00:00,5269.9387944469445
2026-09-09 12:00:00+00:00,5269.9387944469445
2026-09-09 13:00:00+00:00,5269.9387944469445
2026-09-09 14:00:00+00:00,5269.9387944469445
2026-09-09 15:00:00+00:00,5269.9387944469445
2026-09-09 16:00:00+00:00,5269.9387944469445
2026-09-09 17:00:00+00:00,5269.9387944469445
2026-09-09 18:00:00+00:00,5269.9387944469445
2026-09-09 19:00:00+00:00,5269.9387944469445
2026-09-09 20:00:00+00:00,5269.9387944469445
2026-09-09 21:00:00+00:00,5269.9387944469445
2026-09-09 22:00:00+00:00,5269.9387944469445
2026-09-09 23:00:00+00:00,5269.9387944469445
2026-09-10 00:00:00+00:00,5269.9387944469445
2026-09-10 01:00:00+00:00,5269.9387944469445
2026-09-10 02:00:00+00:00,5269.9387944469445
2026-09-10 03:00:00+00:00,5269.9387944469445
2026-09-10 04:00:00+00:00,5269.9387944469445
2026-09-10 05:00:00+00:00,5269.9387944469445
2026-09-10 06:00:00+00:00,5269.9387944469445
2026-09-10 07:00:00+00:00,5269.9387944469445
2026-09-10 08:00:00+00:00,5269.9387944469445
2026-09-10 09:00:00+00:00,5269.9387944469445
2026-09-10 10:00:00+00:00,5269.9387944469445
2026-09-10 11:00:00+00:00,5269.9387944469445
2026-09-10 12:00:00+00:00,5269.9387944469445
2026-09-10 13:00:00+00:00,5269.9387944469445
2026-09-10 14:00:00+00:00,5269.9387944469445
2026-09-10 15:00:00+00:00,5269.9387944469445
2026-09-10 16:00:00+00:00,5269.9387944469445
2026-09-10 17:00:00+00:00,5269.9387944469445
2026-09-10 18:00:00+00:00,5269.9387944469445
2026-09-10 19:00:00+00:00,5269.894485171964
2026-09-10 20:00:00+00:00,5274.439725085565
2026-09-10 21:00:00+00:00,5271.700945403984
2026-09-10 22:00:00+00:00,5277.280579424868
2026-09-10 23:00:00+00:00,5275.7254325683625
2026-09-11 00:00:00+00:00,5267.836450704678
2026-09-11 01:00:00+00:00,5272.44177541607
2026-09-11 02:00:00+00:00,5275.7785047706275
2026-09-11 03:00:00+00:00,5277.036190317931
2026-09-11 04:00:00+00:00,5271.837426194953
2026-09-11 05:00:00+00:00,5266.253677136709
2026-09-11 06:00:00+00:00,5269.752496704092
2026-09-11 07:00:00+00:00,5266.514637178621
2026-09-11 08:00:00+00:00,5261.234152027494
2026-09-11 09:00:00+00:00,5258.12959092294
2026-09-11 10:00:00+00:00,5264.523051502455
2026-09-11 11:00:00+00:00,5270.052831992714
2026-09-11 12:00:00+00:00,5247.802497382447
2026-09-11 13:00:00+00:00,5162.753360295902
2026-09-11 14:00:00+00:00,5159.437007105111
2026-09-11 15:00:00+00:00,5159.437007105111
2026-09-11 16:00:00+00:00,5144.1283496345495
2026-09-11 17:00:00+00:00,5141.017784151456
2026-09-11 18:00:00+00:00,5141.017784151456
2026-09-11 19:00:00+00:00,5143.521419271116
2026-09-11 20:00:00+00:00,5154.0401776126655
2026-09-11 21:00:00+00:00,5161.378321902159
2026-09-11 22:00:00+00:00,5166.862731652483
2026-09-11 23:00:00+00:00,5164.67078526943
2026-09-12 00:00:00+00:00,5172.747267668422
2026-09-12 01:00:00+00:00,5169.233309453042
2026-09-12 02:00:00+00:00,5168.975017977541
2026-09-12 03:00:00+00:00,5169.73314476902
2026-09-12 04:00:00+00:00,5168.53756766058
2026-09-12 05:00:00+00:00,5169.149237001071
2026-09-12 06:00:00+00:00,5164.196587197425
2026-09-12 07:00:00+00:00,5158.5777184732615
2026-09-12 08:00:00+00:00,5152.095669504191
2026-09-12 09:00:00+00:00,5154.256537666654
2026-09-12 10:00:00+00:00,5150.978143916615
2026-09-12 11:00:00+00:00,5149.159577347669
2026-09-12 12:00:00+00:00,5148.95939229059
2026-09-12 13:00:00+00:00,5140.749416508493
2026-09-12 14:00:00+00:00,5148.822788210196
2026-09-12 15:00:00+00:00,5150.98332575399
2026-09-12 16:00:00+00:00,5153.750662470678
2026-09-12 17:00:00+00:00,5154.495577687547
2026-09-12 18:00:00+00:00,5155.628067003664
2026-09-12 19:00:00+00:00,5158.383528082022
2026-09-12 20:00:00+00:00,5158.581277140754
2026-09-12 21:00:00+00:00,5157.940024423455
2026-09-12 22:00:00+00:00,5158.415698390353
2026-09-12 23:00:00+00:00,5156.980710915475
2026-09-13 00:00:00+00:00,5157.41787216974
2026-09-13 01:00:00+00:00,5158.355116246709
2026-09-13 02:00:00+00:00,5162.022737847284
2026-09-13 03:00:00+00:00,5159.358303990186
2026-09-13 04:00:00+00:00,5160.456152760034
2026-09-13 05:00:00+00:00,5161.458427443312
2026-09-13 06:00:00+00:00,5164.820187193825
2026-09-13 07:00:00+00:00,5160.054348306955
2026-09-13 08:00:00+00:00,5173.063690656468
2026-09-13 09:00:00+00:00,5182.7028010353115
2026-09-13 10:00:00+00:00,5179.6687172571055
2026-09-13 11:00:00+00:00,5179.6687172571055
2026-09-13 12:00:00+00:00,5179.6687172571055
2026-09-13 13:00:00+00:00,5179.6687172571055
2026-09-13 14:00:00+00:00,5179.6687172571055
2026-09-13 15:00:00+00:00,5179.6687172571055
2026-09-13 16:00:00+00:00,5179.6687172571055
2026-09-13 17:00:00+00:00,5179.6687172571055
2026-09-13 18:00:00+00:00,5179.6687172571055
2026-09-13 19:00:00+00:00,5179.6687172571055
2026-09-13 20:00:00+00:00,5179.6687172571055
2026-09-13 21:00:00+00:00,5179.6687172571055
2026-09-13 22:00:00+00:00,5179.6687172571055
2026-09-13 23:00:00+00:00,5179.6687172571055
2026-09-14 00:00:00+00:00,5179.6687172571055
2026-09-14 01:00:00+00:00,5179.6687172571055
2026-09-14 02:00:00+00:00,5179.6687172571055
2026-09-14 03:00:00+00:00,5179.6687172571055
2026-09-14 04:00:00+00:00,5179.6687172571055
2026-09-14 05:00:00+00:00,5179.6687172571055
2026-09-14 06:00:00+00:00,5179.6687172571055
2026-09-14 07:00:00+00:00,5179.6687172571055
2026-09-14 08:00:00+00:00,5179.6687172571055
2026-09-14 09:00:00+00:00,5179.6687172571055
2026-09-14 10:00:00+00:00,5179.6687172571055
2026-09-14 11:00:00+00:00,5179.6687172571055
2026-09-14 12:00:00+00:00,5179.6687172571055
2026-09-14 13:00:00+00:00,5179.6687172571055
2026-09-14 14:00:00+00:00,5166.190129788541
2026-09-14 15:00:00+00:00,5171.224895904864
2026-09-14 16:00:00+00:00,5186.773384532767
2026-09-14 17:00:00+00:00,5185.100473992078
2026-09-14 18:00:00+00:00,5181.247815943256
2026-09-14 19:00:00+00:00,5189.996527959095
2026-09-14 20:00:00+00:00,5218.555122349563
2026-09-14 21:00:00+00:00,5215.385283211326
2026-09-14 22:00:00+00:00,5215.385283211326
2026-09-14 23:00:00+00:00,5215.385283211326
2026-09-15 00:00:00+00:00,5215.385283211326
2026-09-15 01:00:00+00:00,5215.385283211326
2026-09-15 02:00:00+00:00,5215.385283211326
2026-09-15 03:00:00+00:00,5215.385283211326
2026-09-15 04:00:00+00:00,5215.385283211326
2026-09-15 05:00:00+00:00,5216.305233885343
2026-09-15 06:00:00+00:00,5216.843648461272
2026-09-15 07:00:00+00:00,5216.399735571745
2026-09-15 08:00:00+00:00,5217.201510242152
2026-09-15 09:00:00+00:00,5214.772461900763
2026-09-15 10:00:00+00:00,5222.001365737318
2026-09-15 11:00:00+00:00,5218.741467693492
2026-09-15 12:00:00+00:00,5221.052976099605
2026-09-15 13:00:00+00:00,5205.572028108052
2026-09-15 14:00:00+00:00,5180.460225420693
2026-09-15 15:00:00+00:00,5178.730408129753
2026-09-15 16:00:00+00:00,5180.5787182556605
2026-09-15 17:00:00+00:00,5180.777906809515
2026-09-15 18:00:00+00:00,5173.556756323841
2026-09-15 19:00:00+00:00,5181.494216480105
2026-09-15 20:00:00+00:00,5180.978473983639
2026-09-15 21:00:00+00:00,5178.729715685347
2026-09-15 22:00:00+00:00,5178.224826847966
2026-09-15 23:00:00+00:00,5180.753326634003
2026-09-16 00:00:00+00:00,5176.75661610748
2026-09-16 01:00:00+00:00,5177.4338964608505
2026-09-16 02:00:00+00:00,5177.1192160292185
2026-09-16 03:00:00+00:00,5178.239398158728
2026-09-16 04:00:00+00:00,5178.766865560788
2026-09-16 05:00:00+00:00,5179.205786933301
2026-09-16 06:00:00+00:00,5176.052322937841
2026-09-16 07:00:00+00:00,5174.815422133333
2026-09-16 08:00:00+00:00,5182.226969202656
2026-09-16 09:00:00+00:00,5176.596185796863
2026-09-16 10:00:00+00:00,5177.28869938678
2026-09-16 11:00:00+00:00,5185.556788041353
2026-09-16 12:00:00+00:00,5178.448153590967
2026-09-16 13:00:00+00:00,5175.884870655971
2026-09-16 14:00:00+00:00,5170.656924534769
2026-09-16 15:00:00+00:00,5169.829964112409
2026-09-16 16:00:00+00:00,5169.497370979568
2026-09-16 17:00:00+00:00,5167.762019591334
2026-09-16 18:00:00+00:00,5180.816948515216
2026-09-16 19:00:00+00:00,5176.571351002295
2026-09-16 20:00:00+00:00,5175.942968964017
2026-09-16 21:00:00+00:00,5176.142689574024
2026-09-16 22:00:00+00:00,5172.954182595768
2026-09-16 23:00:00+00:00,5182.7316322643865
2026-09-17 00:00:00+00:00,5178.544612211319
2026-09-17 01:00:00+00:00,5186.813349876316
2026-09-17 02:00:00+00:00,5187.934508439576
2026-09-17 03:00:00+00:00,5193.191519595562
2026-09-17 04:00:00+00:00,5196.266910892887
2026-09-17 05:00:00+00:00,5198.074398168561
2026-09-17 06:00:00+00:00,5195.000467562635
2026-09-17 07:00:00+00:00,5195.000467562635
2026-09-17 08:00:00+00:00,5195.000467562635
2026-09-17 09:00:00+00:00,5195.000467562635
2026-09-17 10:00:00+00:00,5195.000467562635
2026-09-17 11:00:00+00:00,5195.000467562635
2026-09-17 12:00:00+00:00,5195.000467562635
2026-09-17 13:00:00+00:00,5195.000467562635
2026-09-17 14:00:00+00:00,5195.000467562635
2026-09-17 15:00:00+00:00,5195.000467562635
2026-09-17 16:00:00+00:00,5195.000467562635
2026-09-17 17:00:00+00:00,5195.000467562635
2026-09-17 18:00:00+00:00,5195.000467562635
2026-09-17 19:00:00+00:00,5195.000467562635
2026-09-17 20:00:00+00:00,5195.000467562635
2026-09-17 21:00:00+00:00,5195.000467562635
2026-09-17 22:00:00+00:00,5195.000467562635
2026-09-17 23:00:00+00:00,5195.000467562635
2026-09-18 00:00:00+00:00,5195.000467562635
2026-09-18 01:00:00+00:00,5195.000467562635
2026-09-18 02:00:00+00:00,5195.000467562635
2026-09-18 03:00:00+00:00,5195.000467562635
2026-09-18 04:00:00+00:00,5195.000467562635
2026-09-18 05:00:00+00:00,5195.000467562635
2026-09-18 06:00:00+00:00,5195.000467562635
2026-09-18 07:00:00+00:00,5195.000467562635
2026-09-18 08:00:00+00:00,5195.000467562635
2026-09-18 09:00:00+00:00,5195.000467562635
2026-09-18 10:00:00+00:00,5195.000467562635
2026-09-18 11:00:00+00:00,5195.000467562635
2026-09-18 12:00:00+00:00,5195.000467562635
2026-09-18 13:00:00+00:00,5195.000467562635
2026-09-18 14:00:00+00:00,5195.000467562635
2026-09-18 15:00:00+00:00,5195.000467562635
2026-09-18 16:00:00+00:00,5195.000467562635
2026-09-18 17:00:00+00:00,5195.000467562635
2026-09-18 18:00:00+00:00,5183.874506283991
2026-09-18 19:00:00+00:00,5168.990959673965
2026-09-18 20:00:00+00:00,5170.9003442337635
2026-09-18 21:00:00+00:00,5179.54042782033
2026-09-18 22:00:00+00:00,5183.025306273753
2026-09-18 23:00:00+00:00,5183.30112160485
2026-09-19 00:00:00+00:00,5193.752656872105
2026-09-19 01:00:00+00:00,5194.963852347553
2026-09-19 02:00:00+00:00,5184.850531906323
2026-09-19 03:00:00+00:00,5183.00307979182
2026-09-19 04:00:00+00:00,5179.762881733966
2026-09-19 05:00:00+00:00,5171.448799234146
2026-09-19 06:00:00+00:00,5173.0901803073375
2026-09-19 07:00:00+00:00,5175.126120302319
2026-09-19 08:00:00+00:00,5163.818324683724
2026-09-19 09:00:00+00:00,5168.651611906736
2026-09-19 10:00:00+00:00,5167.8835517148655
2026-09-19 11:00:00+00:00,5169.2587464971975
2026-09-19 12:00:00+00:00,5167.770441125758
2026-09-19 13:00:00+00:00,5171.888890645924
2026-09-19 14:00:00+00:00,5178.989855712074
2026-09-19 15:00:00+00:00,5178.490197084529
2026-09-19 16:00:00+00:00,5175.337131327645
2026-09-19 17:00:00+00:00,5168.311455331832
2026-09-19 18:00:00+00:00,5173.905717544218
2026-09-19 19:00:00+00:00,5175.573397248329
2026-09-19 20:00:00+00:00,5168.177465699229
2026-09-19 21:00:00+00:00,5174.436367748111
2026-09-19 22:00:00+00:00,5176.477647970968
2026-09-19 23:00:00+00:00,5174.560646174795
2026-09-20 00:00:00+00:00,5180.9545522997005
2026-09-20 01:00:00+00:00,5182.317892282236
2026-09-20 02:00:00+00:00,5203.664552300797
2026-09-20 03:00:00+00:00,5200.56715510398
2026-09-20 04:00:00+00:00,5200.56715510398
2026-09-20 05:00:00+00:00,5200.56715510398
2026-09-20 06:00:00+00:00,5200.56715510398
2026-09-20 07:00:00+00:00,5200.56715510398
2026-09-20 08:00:00+00:00,5200.56715510398
2026-09-20 09:00:00+00:00,5200.56715510398
2026-09-20 10:00:00+00:00,5200.56715510398
2026-09-20 11:00:00+00:00,5200.56715510398
2026-09-20 12:00:00+00:00,5200.56715510398
2026-09-20 13:00:00+00:00,5200.56715510398
2026-09-20 14:00:00+00:00,5200.56715510398
2026-09-20 15:00:00+00:00,5200.56715510398
2026-09-20 16:00:00+00:00,5200.56715510398
2026-09-20 17:00:00+00:00,5200.56715510398
2026-09-20 18:00:00+00:00,5200.56715510398
2026-09-20 19:00:00+00:00,5200.56715510398
2026-09-20 20:00:00+00:00,5200.56715510398
2026-09-20 21:00:00+00:00,5200.56715510398
2026-09-20 22:00:00+00:00,5200.56715510398
2026-09-20 23:00:00+00:00,5200.56715510398
2026-09-21 00:00:00+00:00,5167.543025078945
2026-09-21 01:00:00+00:00,5187.370386483085
2026-09-21 02:00:00+00:00,5185.035043929412
2026-09-21 03:00:00+00:00,5184.838530492136
2026-09-21 04:00:00+00:00,5185.866783878442
2026-09-21 05:00:00+00:00,5189.2735715807485
2026-09-21 06:00:00+00:00,5194.466508373318
2026-09-21 07:00:00+00:00,5198.44168544417
2026-09-21 08:00:00+00:00,5229.08772538698
2026-09-21 09:00:00+00:00,5225.887415045024
2026-09-21 10:00:00+00:00,5225.887415045024
2026-09-21 11:00:00+00:00,5225.887415045024
2026-09-21 12:00:00+00:00,5225.887415045024
2026-09-21 13:00:00+00:00,5225.887415045024
2026-09-21 14:00:00+00:00,5214.906649410813
2026-09-21 15:00:00+00:00,5230.839035034232
2026-09-21 16:00:00+00:00,5229.133986918626
2026-09-21 17:00:00+00:00,5219.88005120462
2026-09-21 18:00:00+00:00,5228.969913515453
2026-09-21 19:00:00+00:00,5219.434780232218
2026-09-21 20:00:00+00:00,5225.249374953964
2026-09-21 21:00:00+00:00,5223.126708418706
2026-09-21 22:00:00+00:00,5236.915595413194
2026-09-21 23:00:00+00:00,5229.01401833482
2026-09-22 00:00:00+00:00,5231.099762760135
2026-09-22 01:00:00+00:00,5233.58075451859
2026-09-22 02:00:00+00:00,5222.211837468398
2026-09-22 03:00:00+00:00,5222.690186282625
2026-09-22 04:00:00+00:00,5220.254385725018
2026-09-22 05:00:00+00:00,5225.246968007148
2026-09-22 06:00:00+00:00,5223.527594462681
2026-09-22 07:00:00+00:00,5220.471591470724
2026-09-22 08:00:00+00:00,5215.7020103238965
2026-09-22 09:00:00+00:00,5216.662680902883
2026-09-22 10:00:00+00:00,5219.139628880046
2026-09-22 11:00:00+00:00,5216.391993420222
2026-09-22 12:00:00+00:00,5228.866565747477
2026-09-22 13:00:00+00:00,5221.513591462762
2026-09-22 14:00:00+00:00,5208.518109377317
2026-09-22 15:00:00+00:00,5205.226219180633
2026-09-22 16:00:00+00:00,5206.633620920742
2026-09-22 17:00:00+00:00,5209.523237260887
2026-09-22 18:00:00+00:00,5212.148320297966
2026-09-22 19:00:00+00:00,5219.0552347067905
2026-09-22 20:00:00+00:00,5216.66435024672
2026-09-22 21:00:00+00:00,5214.953626028355
2026-09-22 22:00:00+00:00,5222.621068932521
2026-09-22 23:00:00+00:00,5220.997671997592
2026-09-23 00:00:00+00:00,5219.091406481015
2026-09-23 01:00:00+00:00,5216.048500628548
2026-09-23 02:00:00+00:00,5218.580580402618
2026-09-23 03:00:00+00:00,5224.960447066747
2026-09-23 04:00:00+00:00,5216.204961578358
2026-09-23 05:00:00+00:00,5215.555807101575
2026-09-23 06:00:00+00:00,5213.173720057089
2026-09-23 07:00:00+00:00,5212.553403218462
2026-09-23 08:00:00+00:00,5211.591190432656
2026-09-23 09:00:00+00:00,5212.011999327313
2026-09-23 10:00:00+00:00,5214.488079720052
2026-09-23 11:00:00+00:00,5212.626367927482
2026-09-23 12:00:00+00:00,5211.872236698422
2026-09-23 13:00:00+00:00,5197.252644611067
2026-09-23 14:00:00+00:00,5197.841499613061
2026-09-23 15:00:00+00:00,5194.393739279098
2026-09-23 16:00:00+00:00,5198.008959913616
2026-09-23 17:00:00+00:00,5196.486827728791
2026-09-23 18:00:00+00:00,5197.237670148472
2026-09-23 19:00:00+00:00,5200.834735733701
2026-09-23 20:00:00+00:00,5201.833567652974
2026-09-23 21:00:00+00:00,5202.52350253959
2026-09-23 22:00:00+00:00,5209.934106981701
2026-09-23 23:00:00+00:00,5209.879570879887
2026-09-24 00:00:00+00:00,5210.187748417606
2026-09-24 01:00:00+00:00,5209.642672637451
2026-09-24 02:00:00+00:00,5211.9900207160035
2026-09-24 03:00:00+00:00,5216.142253611355
2026-09-24 04:00:00+00:00,5218.0133020851645
2026-09-24 05:00:00+00:00,5220.710503199303
2026-09-24 06:00:00+00:00,5217.6214025381005
2026-09-24 07:00:00+00:00,5217.6214025381005
2026-09-24 08:00:00+00:00,5217.6214025381005
2026-09-24 09:00:00+00:00,5217.6214025381005
2026-09-24 10:00:00+00:00,5217.6214025381005
2026-09-24 11:00:00+00:00,5217.6214025381005
2026-09-24 12:00:00+00:00,5217.6214025381005
2026-09-24 13:00:00+00:00,5217.6214025381005
2026-09-24 14:00:00+00:00,5217.6214025381005
2026-09-24 15:00:00+00:00,5217.6214025381005
2026-09-24 16:00:00+00:00,5217.6214025381005
2026-09-24 17:00:00+00:00,5217.6214025381005
2026-09-24 18:00:00+00:00,5217.6214025381005
2026-09-24 19:00:00+00:00,5217.6214025381005
2026-09-24 20:00:00+00:00,5217.6214025381005
2026-09-24 21:00:00+00:00,5217.6214025381005
2026-09-24 22:00:00+00:00,5217.6214025381005
2026-09-24 23:00:00+00:00,5217.6214025381005
2026-09-25 00:00:00+00:00,5217.6214025381005
2026-09-25 01:00:00+00:00,5217.6214025381005
2026-09-25 02:00:00+00:00,5217.6214025381005
2026-09-25 03:00:00+00:00,5217.6214025381005
2026-09-25 04:00:00+00:00,5217.6214025381005
2026-09-25 05:00:00+00:00,5217.6214025381005
2026-09-25 06:00:00+00:00,5217.6214025381005
2026-09-25 07:00:00+00:00,5217.6214025381005
2026-09-25 08:00:00+00:00,5217.6214025381005
2026-09-25 09:00:00+00:00,5217.6214025381005
2026-09-25 10:00:00+00:00,5217.6214025381005
2026-09-25 11:00:00+00:00,5217.6214025381005
2026-09-25 12:00:00+00:00,5217.6214025381005
2026-09-25 13:00:00+00:00,5219.084289394428
2026-09-25 14:00:00+00:00,5221.463497204065
2026-09-25 15:00:00+00:00,5223.483222587746
2026-09-25 16:00:00+00:00,5224.987175730676
2026-09-25 17:00:00+00:00,5224.075097863282
2026-09-25 18:00:00+00:00,5222.17606224588
2026-09-25 19:00:00+00:00,5223.767748413908
2026-09-25 20:00:00+00:00,5228.015441589439
2026-09-25 21:00:00+00:00,5228.252831464526
2026-09-25 22:00:00+00:00,5226.740672142662
2026-09-25 23:00:00+00:00,5227.75528011185
2026-09-26 00:00:00+00:00,5226.404516085449
2026-09-26 01:00:00+00:00,5226.257286007864
2026-09-26 02:00:00+00:00,5226.004096852577
2026-09-26 03:00:00+00:00,5226.7445695893575
2026-09-26 04:00:00+00:00,5226.547457713526
2026-09-26 05:00:00+00:00,5227.999215154707
2026-09-26 06:00:00+00:00,5227.693650289857
2026-09-26 07:00:00+00:00,5229.161823751856
2026-09-26 08:00:00+00:00,5232.001193867388
2026-09-26 09:00:00+00:00,5234.177835384754
2026-09-26 10:00:00+00:00,5234.450690279747
2026-09-26 11:00:00+00:00,5232.54046215563
2026-09-26 12:00:00+00:00,5228.991817658027
2026-09-26 13:00:00+00:00,5228.0009632121155
2026-09-26 14:00:00+00:00,5228.308013869453
2026-09-26 15:00:00+00:00,5228.127729675379
2026-09-26 16:00:00+00:00,5228.37996273255
2026-09-26 17:00:00+00:00,5230.107449278393
2026-09-26 18:00:00+00:00,5231.5797005702925
2026-09-26 19:00:00+00:00,5232.620118490476
2026-09-26 20:00:00+00:00,5240.340116311166
2026-09-26 21:00:00+00:00,5237.250688922383
2026-09-26 22:00:00+00:00,5237.250688922383
2026-09-26 23:00:00+00:00,5237.250688922383
2026-09-27 00:00:00+00:00,5237.250688922383
2026-09-27 01:00:00+00:00,5237.250688922383
2026-09-27 02:00:00+00:00,5237.250688922383
2026-09-27 03:00:00+00:00,5237.250688922383
2026-09-27 04:00:00+00:00,5237.250688922383
2026-09-27 05:00:00+00:00,5237.250688922383
2026-09-27 06:00:00+00:00,5237.250688922383
2026-09-27 07:00:00+00:00,5237.250688922383
2026-09-27 08:00:00+00:00,5237.250688922383
2026-09-27 09:00:00+00:00,5237.250688922383
2026-09-27 10:00:00+00:00,5237.250688922383
2026-09-27 11:00:00+00:00,5237.250688922383
2026-09-27 12:00:00+00:00,5237.250688922383
2026-09-27 13:00:00+00:00,5237.250688922383
2026-09-27 14:00:00+00:00,5237.250688922383
2026-09-27 15:00:00+00:00,5237.250688922383
2026-09-27 16:00:00+00:00,5237.250688922383
2026-09-27 17:00:00+00:00,5237.250688922383
2026-09-27 18:00:00+00:00,5237.250688922383
2026-09-27 19:00:00+00:00,5237.250688922383
2026-09-27 20:00:00+00:00,5237.250688922383
2026-09-27 21:00:00+00:00,5237.250688922383
2026-09-27 22:00:00+00:00,5237.250688922383
2026-09-27 23:00:00+00:00,5237.250688922383
2026-09-28 00:00:00+00:00,5237.250688922383
2026-09-28 01:00:00+00:00,5237.250688922383
2026-09-28 02:00:00+00:00,5237.250688922383
2026-09-28 03:00:00+00:00,5237.250688922383
2026-09-28 04:00:00+00:00,5237.250688922383
2026-09-28 05:00:00+00:00,5237.250688922383
2026-09-28 06:00:00+00:00,5237.250688922383
2026-09-28 07:00:00+00:00,5237.250688922383
2026-09-28 08:00:00+00:00,5237.250688922383
2026-09-28 09:00:00+00:00,5237.250688922383
2026-09-28 10:00:00+00:00,5237.250688922383
2026-09-28 11:00:00+00:00,5237.250688922383
2026-09-28 12:00:00+00:00,5237.250688922383
2026-09-28 13:00:00+00:00,5237.250688922383
2026-09-28 14:00:00+00:00,5237.250688922383
2026-09-28 15:00:00+00:00,5237.250688922383
2026-09-28 16:00:00+00:00,5237.250688922383
2026-09-28 17:00:00+00:00,5237.250688922383
2026-09-28 18:00:00+00:00,5237.250688922383
2026-09-28 19:00:00+00:00,5237.250688922383
2026-09-28 20:00:00+00:00,5237.250688922383
2026-09-28 21:00:00+00:00,5237.250688922383
2026-09-28 22:00:00+00:00,5237.250688922383
2026-09-28 23:00:00+00:00,5237.250688922383
2026-09-29 00:00:00+00:00,5237.250688922383
2026-09-29 01:00:00+00:00,5237.250688922383
2026-09-29 02:00:00+00:00,5237.250688922383
2026-09-29 03:00:00+00:00,5237.250688922383
2026-09-29 04:00:00+00:00,5237.250688922383
2026-09-29 05:00:00+00:00,5237.250688922383
2026-09-29 06:00:00+00:00,5237.250688922383
2026-09-29 07:00:00+00:00,5237.250688922383
2026-09-29 08:00:00+00:00,5234.637152744024
2026-09-29 09:00:00+00:00,5237.298984268065
2026-09-29 10:00:00+00:00,5233.164433237757
2026-09-29 11:00:00+00:00,5226.489282335755
2026-09-29 12:00:00+00:00,5221.014736200708
2026-09-29 13:00:00+00:00,5226.989934183635
2026-09-29 14:00:00+00:00,5228.415431451058
2026-09-29 15:00:00+00:00,5243.13622097729
2026-09-29 16:00:00+00:00,5241.146743707388
2026-09-29 17:00:00+00:00,5243.6510148534635
2026-09-29 18:00:00+00:00,5240.1127265696505
2026-09-29 19:00:00+00:00,5244.130338305292
2026-09-29 20:00:00+00:00,5245.178121050643
2026-09-29 21:00:00+00:00,5251.31086235066
2026-09-29 22:00:00+00:00,5252.27524469982
2026-09-29 23:00:00+00:00,5257.415052153639
2026-09-30 00:00:00+00:00,5254.298757766379
2026-09-30 01:00:00+00:00,5254.298757766379
2026-09-30 02:00:00+00:00,5254.298757766379
2026-09-30 03:00:00+00:00,5254.298757766379
2026-09-30 04:00:00+00:00,5254.298757766379
2026-09-30 05:00:00+00:00,5254.298757766379
2026-09-30 06:00:00+00:00,5254.298757766379
2026-09-30 07:00:00+00:00,5254.298757766379
2026-09-30 08:00:00+00:00,5254.298757766379
2026-09-30 09:00:00+00:00,5254.298757766379
2026-09-30 10:00:00+00:00,5254.298757766379
2026-09-30 11:00:00+00:00,5254.298757766379
2026-09-30 12:00:00+00:00,5254.298757766379
2026-09-30 13:00:00+00:00,5254.298757766379
2026-09-30 14:00:00+00:00,5254.298757766379
2026-09-30 15:00:00+00:00,5254.298757766379
2026-09-30 16:00:00+00:00,5254.298757766379
2026-09-30 17:00:00+00:00,5254.298757766379
2026-09-30 18:00:00+00:00,5254.298757766379
2026-09-30 19:00:00+00:00,5254.298757766379
2026-09-30 20:00:00+00:00,5254.298757766379
2026-09-30 21:00:00+00:00,5254.298757766379
2026-09-30 22:00:00+00:00,5254.298757766379
2026-09-30 23:00:00+00:00,5254.298757766379
